Category,Metric,varianta_9.5.1 Mean,variantb_9.6.0-rc-1 Mean,varianta_9.5.1 P50,variantb_9.6.0-rc-1 P50,varianta_9.5.1 P90,variantb_9.6.0-rc-1 P90,Unit
Build,Build time,516886,499350,513343,505648,545133,532651,ms
Build,Configuration time,57099,54210,56822,53753,61338,60276,ms
Gradle process state,Gradle-Process-capacity,3.67,3.93,3.56,3.86,4.28,4.42,
Gradle process state,Gradle-Process-gcTime,0.35,0.34,0.35,0.34,0.38,0.37,
Gradle process state,Gradle-Process-max,6.0,6.0,6.0,6.0,6.0,6.0,
Gradle process state,Gradle-Process-uptime,8.59,8.3,8.53,8.41,9.07,8.86,
Gradle process state,Gradle-Process-usage,2.53,2.77,2.58,2.68,3.12,3.47,
Kotlin process state,Kotlin-Process-capacity,2.41,2.41,2.46,2.46,2.73,2.66,
Kotlin process state,Kotlin-Process-gcTime,0.12,0.12,0.12,0.12,0.13,0.13,
Kotlin process state,Kotlin-Process-max,6.0,6.0,6.0,6.0,6.0,6.0,
Kotlin process state,Kotlin-Process-uptime,8.39,8.12,8.34,8.22,8.85,8.65,
Kotlin process state,Kotlin-Process-usage,1.08,1.16,1.09,1.07,1.55,1.82,
Task Type,org.jetbrains.kotlin.gradle.plugin.diagnostics.CheckKotlinGradlePluginConfigurationErrors,8,8,8,7,10,10,ms
Task Type,org.gradle.plugin.devel.tasks.GeneratePluginDescriptors,38,35,36,31,56,51,ms
Task Type,org.gradle.language.jvm.tasks.ProcessResources,53,43,49,39,82,69,ms
Task Type,org.jetbrains.kotlin.gradle.tasks.KotlinCompile,1765,1701,1392,1354,2986,2852,ms
Task Type,org.gradle.api.tasks.compile.JavaCompile,321,312,259,252,464,454,ms
Task Type,org.gradle.api.DefaultTask,0,0,0,0,0,0,ms
Task Type,org.gradle.api.tasks.bundling.Jar,48,46,47,45,57,59,ms
Task Type,com.android.build.gradle.internal.tasks.AndroidVariantTask,0,0,0,0,0,0,ms
Task Type,com.android.build.gradle.internal.tasks.MergeNativeDebugMetadataTask,7,3,4,4,10,5,ms
Task Type,com.android.build.gradle.internal.tasks.ValidateResourcesTask,8,7,7,7,13,13,ms
Task Type,com.android.build.gradle.tasks.MergeResources,39,39,20,19,36,36,ms
Task Type,com.android.build.gradle.internal.tasks.ProcessNavigationXmlTask,6,6,5,4,8,7,ms
Task Type,com.android.build.gradle.internal.res.ParseLibraryResourcesTask,29,28,19,19,35,34,ms
Task Type,com.android.build.gradle.tasks.JavaPreCompileTask,11,11,10,9,18,18,ms
Task Type,com.android.build.gradle.internal.res.GenerateLibraryRFileTask,17,17,15,15,27,27,ms
Task Type,com.google.devtools.ksp.gradle.KspAATask,3171,3104,2909,2864,4145,4095,ms
Task Type,com.android.build.gradle.tasks.TransformClassesWithAsmTask,89,84,79,74,140,132,ms
Task Type,com.android.build.gradle.internal.tasks.BundleLibraryClassesJar,12,11,10,10,19,18,ms
Task Type,com.android.build.gradle.tasks.MergeSourceSetFolders,4,4,3,3,7,6,ms
Task Type,com.android.build.gradle.internal.tasks.CompressAssetsTask,10,8,8,8,17,14,ms
Task Type,com.android.build.gradle.internal.tasks.GlobalSyntheticsGeneratorTask,2939,2670,2880,2559,3636,3328,ms
Task Type,com.android.build.gradle.internal.tasks.ProcessJavaResTask,9,8,7,7,17,15,ms
Task Type,com.android.build.gradle.internal.tasks.DexFileDependenciesTask,10,9,10,9,17,15,ms
Task Type,com.android.build.gradle.internal.tasks.BundleLibraryClassesDir,44,39,41,36,60,55,ms
Task Type,com.android.build.gradle.internal.tasks.CheckDuplicateClassesTask,159,148,149,131,224,207,ms
Task Type,com.android.build.gradle.internal.tasks.MergeJavaResourceTask,16,16,5,5,9,8,ms
Task Type,com.android.build.gradle.internal.tasks.DexMergingTask,7167,6901,2309,2233,19661,19270,ms
Task Type,dagger.hilt.android.plugin.task.HiltSyncTask,0,0,0,0,1,1,ms
Task Type,com.android.build.gradle.internal.tasks.AarMetadataTask,7,8,3,3,7,6,ms
Task Type,dagger.hilt.android.plugin.task.AggregateDepsTask,1585,1486,1562,1547,2027,1959,ms
Task Type,com.android.build.gradle.tasks.MapSourceSetPathsTask,3,3,3,3,6,6,ms
Task Type,com.android.build.gradle.internal.tasks.CheckAarMetadataTask,23,22,19,18,27,27,ms
Task Type,com.android.build.gradle.tasks.CompileNavigationXmlTask,51,46,46,43,74,67,ms
Task Type,com.android.build.gradle.tasks.CompatibleScreensManifest,19,15,15,13,28,30,ms
Task Type,com.android.build.gradle.tasks.ExtractDeepLinksTask,2,2,2,2,5,5,ms
Task Type,com.android.build.gradle.tasks.ProcessLibraryManifest,16,17,10,10,18,18,ms
Task Type,com.android.build.gradle.tasks.ProcessApplicationManifest,250,229,233,224,349,295,ms
Task Type,com.android.build.gradle.tasks.ProcessMultiApkApplicationManifest,144,134,142,134,207,179,ms
Task Type,com.android.build.gradle.tasks.ProcessPackagedManifestTask,29,27,26,26,54,46,ms
Task Type,com.android.build.gradle.tasks.CompileLibraryResourcesTask,7,7,6,6,10,10,ms
Task Type,com.android.build.gradle.internal.tasks.MergeNativeLibsTask,1,1,1,1,2,2,ms
Task Type,com.android.build.gradle.internal.tasks.LibraryJniLibsTask,3,3,2,2,5,5,ms
Task Type,com.android.build.gradle.internal.res.LinkApplicationAndroidResourcesTask,1782,1759,1754,1757,2064,2019,ms
Task Type,com.android.build.gradle.internal.tasks.ValidateSigningTask,971,1124,899,952,1409,1931,ms
Task Type,com.android.build.gradle.internal.tasks.AppMetadataTask,5,6,5,6,8,11,ms
Task Type,com.android.build.gradle.internal.tasks.SigningConfigVersionsWriterTask,25,20,20,20,43,29,ms
Task Type,com.android.build.gradle.internal.tasks.StripDebugSymbolsTask,3,3,1,1,1,1,ms
Task Type,com.android.build.gradle.internal.tasks.DexArchiveBuilderTask,894,874,846,828,1177,1209,ms
Task Type,com.android.build.gradle.tasks.ExtractAnnotations,10,10,9,9,14,13,ms
Task Type,com.android.build.gradle.internal.tasks.MergeFileTask,2,2,2,2,3,3,ms
Task Type,com.android.build.gradle.internal.tasks.MergeConsumerProguardFilesTask,2,2,2,2,3,3,ms
Task Type,com.android.build.gradle.tasks.ProcessLibraryArtProfileTask,1,1,1,1,2,2,ms
Task Type,com.android.build.gradle.internal.tasks.PrepareLintJarForPublish,3,2,2,2,3,3,ms
Task Type,com.android.build.gradle.internal.tasks.LibraryAarJarsTask,14,14,13,13,18,18,ms
Task Type,com.android.build.gradle.tasks.BundleAar,6,6,6,6,8,8,ms
Task Type,org.gradle.api.Task,0,0,0,0,0,0,ms
Task Type,com.android.build.gradle.tasks.PackageApplication,838,758,792,738,1061,974,ms
Task Type,com.android.build.gradle.internal.tasks.ListingFileRedirectTask,3,3,3,3,5,5,ms
Task Path,:build-logic:convention:compileKotlin,8279,8012,8170,8129,8838,8559,ms
Task Path,:app:app:parseDebugLocalResources,1891,1620,1569,1309,3464,2961,ms
Task Path,:core:account:kspDebugKotlin,11664,11242,11583,11431,12454,12142,ms
Task Path,:core:article:kspDebugKotlin,10669,10301,10638,10503,11441,11150,ms
Task Path,:core:alarm:kspDebugKotlin,11193,10810,11114,11003,11945,11675,ms
Task Path,:core:analytics:kspDebugKotlin,10882,10506,10854,10664,11648,11341,ms
Task Path,:core:analytics:compileDebugKotlin,6567,6353,6483,6376,7455,7164,ms
Task Path,:core:alarm:compileDebugKotlin,6651,6423,6548,6365,7645,7462,ms
Task Path,:core:article:compileDebugKotlin,6590,6269,6424,6245,7453,7094,ms
Task Path,:core:account:compileDebugKotlin,6781,6517,6768,6739,7671,7354,ms
Task Path,:core:calendar:kspDebugKotlin,5338,5151,5256,5050,6232,5862,ms
Task Path,:core:audio:kspDebugKotlin,5341,5110,5265,5131,6132,5769,ms
Task Path,:core:cart:kspDebugKotlin,5382,5117,5282,5127,6332,5757,ms
Task Path,:core:checkout:kspDebugKotlin,5367,5153,5261,5210,6243,5903,ms
Task Path,:core:calendar:compileDebugKotlin,4559,4395,4561,4428,5037,5179,ms
Task Path,:core:cart:compileDebugKotlin,4359,4234,4323,4302,4977,5004,ms
Task Path,:core:audio:compileDebugKotlin,4744,4655,4741,4735,5613,5403,ms
Task Path,:core:checkout:compileDebugKotlin,4236,4120,4209,4172,4836,4932,ms
Task Path,:core:contact:kspDebugKotlin,4560,4374,4470,4282,5339,5304,ms
Task Path,:core:comment:kspDebugKotlin,4452,4360,4408,4277,5173,5300,ms
Task Path,:core:document:kspDebugKotlin,4626,4307,4686,4264,5246,5179,ms
Task Path,:core:event:kspDebugKotlin,4704,4449,4682,4516,5481,5264,ms
Task Path,:core:document:compileDebugKotlin,3578,3425,3525,3482,4042,3942,ms
Task Path,:core:comment:compileDebugKotlin,4021,3767,4000,3795,4632,4337,ms
Task Path,:core:contact:compileDebugKotlin,3782,3609,3683,3692,4392,4108,ms
Task Path,:core:event:compileDebugKotlin,3418,3304,3387,3322,4094,3734,ms
Task Path,:core:feed:kspDebugKotlin,4294,4117,4184,4190,5017,4766,ms
Task Path,:core:file:kspDebugKotlin,4379,4338,4285,4384,5085,5033,ms
Task Path,:core:gallery:kspDebugKotlin,4730,4705,4736,4783,5613,5569,ms
Task Path,:core:forecast:kspDebugKotlin,4594,4461,4561,4496,5231,5383,ms
Task Path,:core:feed:compileDebugKotlin,3733,3793,3719,3855,4372,4336,ms
Task Path,:core:file:compileDebugKotlin,3583,3542,3611,3576,4114,4185,ms
Task Path,:core:gallery:compileDebugKotlin,3213,3231,3176,3300,3914,3665,ms
Task Path,:core:forecast:compileDebugKotlin,3353,3355,3376,3356,4050,4016,ms
Task Path,:core:group:kspDebugKotlin,3989,3788,3937,3801,4561,4407,ms
Task Path,:core:list:kspDebugKotlin,4274,4020,4094,3963,5087,4807,ms
Task Path,:core:identity:kspDebugKotlin,4072,3908,4052,3900,4677,4544,ms
Task Path,:core:location:kspDebugKotlin,4400,4167,4271,4192,4941,4951,ms
Task Path,:core:group:compileDebugKotlin,3415,3194,3334,3198,4123,3843,ms
Task Path,:core:identity:compileDebugKotlin,3212,3087,3166,3049,3867,3591,ms
Task Path,:core:list:compileDebugKotlin,3041,2945,2934,2815,3824,3855,ms
Task Path,:core:location:compileDebugKotlin,2964,2798,2960,2723,3630,3612,ms
Task Path,:core:log:kspDebugKotlin,3751,3718,3748,3707,4250,4301,ms
Task Path,:core:login:kspDebugKotlin,3927,3985,3883,4049,4473,4674,ms
Task Path,:core:map:kspDebugKotlin,4085,4083,4093,4075,4759,4837,ms
Task Path,:core:media:kspDebugKotlin,4204,4231,4247,4162,4845,5177,ms
Task Path,:core:login:compileDebugKotlin,3226,3129,3229,3117,3829,3744,ms
Task Path,:core:map:compileDebugKotlin,2945,2899,2855,2882,3663,3527,ms
Task Path,:core:media:compileDebugKotlin,2858,2777,2816,2835,3606,3410,ms
Task Path,:core:log:compileDebugKotlin,3465,3393,3426,3434,4123,3856,ms
Task Path,:core:message:kspDebugKotlin,3536,3506,3480,3398,4156,4300,ms
Task Path,:core:metric:kspDebugKotlin,3676,3672,3513,3556,4415,4566,ms
Task Path,:core:network:kspDebugKotlin,3832,3842,3767,3819,4417,4673,ms
Task Path,:core:news:kspDebugKotlin,3966,4019,3905,3909,4594,4819,ms
Task Path,:core:message:compileDebugKotlin,2915,2770,2879,2782,3473,3206,ms
Task Path,:core:metric:compileDebugKotlin,2724,2630,2718,2625,3398,3226,ms
Task Path,:core:network:compileDebugKotlin,2637,2505,2667,2484,3136,2913,ms
Task Path,:core:news:compileDebugKotlin,2464,2402,2417,2454,3037,2891,ms
Task Path,:core:note:kspDebugKotlin,3389,3334,3268,3271,3858,4073,ms
Task Path,:core:notification:kspDebugKotlin,3603,3544,3552,3399,4202,4412,ms
Task Path,:core:playlist:kspDebugKotlin,3966,3980,3902,3948,4776,4720,ms
Task Path,:core:photo:kspDebugKotlin,3817,3689,3787,3600,4411,4621,ms
Task Path,:core:note:compileDebugKotlin,2805,2741,2799,2751,3583,3314,ms
Task Path,:core:notification:compileDebugKotlin,2703,2638,2693,2630,3232,3155,ms
Task Path,:core:photo:compileDebugKotlin,2617,2572,2618,2555,3065,3089,ms
Task Path,:core:playlist:compileDebugKotlin,2507,2431,2502,2490,2897,2875,ms
Task Path,:core:podcast:kspDebugKotlin,3550,3503,3536,3524,4290,4256,ms
Task Path,:core:post:kspDebugKotlin,3710,3683,3735,3800,4312,4516,ms
Task Path,:core:profile:kspDebugKotlin,3793,3884,3658,3951,4525,4675,ms
Task Path,:core:push:kspDebugKotlin,3971,3904,4026,3871,4759,4679,ms
Task Path,:core:podcast:compileDebugKotlin,2624,2502,2575,2472,3166,3118,ms
Task Path,:core:post:compileDebugKotlin,2568,2464,2568,2471,3003,2978,ms
Task Path,:core:profile:compileDebugKotlin,2414,2269,2325,2305,2935,2769,ms
Task Path,:core:push:compileDebugKotlin,2288,2203,2176,2191,2682,2735,ms
Task Path,:core:push-contact:kspDebugKotlin,3250,3202,3196,3060,3676,4241,ms
Task Path,:core:report:kspDebugKotlin,3390,3303,3343,3135,3921,3997,ms
Task Path,:core:search:kspDebugKotlin,3608,3429,3536,3321,4289,4467,ms
Task Path,:core:session:kspDebugKotlin,3747,3538,3640,3453,4635,4310,ms
Task Path,:core:push-contact:compileDebugKotlin,2552,2285,2550,2362,3138,2705,ms
Task Path,:core:report:compileDebugKotlin,2446,2197,2404,2186,2952,2649,ms
Task Path,:core:session:compileDebugKotlin,2186,2034,2146,2066,2828,2417,ms
Task Path,:core:search:compileDebugKotlin,2283,2114,2248,2080,2688,2574,ms
Task Path,:core:setting:kspDebugKotlin,3196,3282,3147,3248,3796,4066,ms
Task Path,:core:share:kspDebugKotlin,3299,3417,3139,3377,4120,4142,ms
Task Path,:core:status:kspDebugKotlin,3546,3583,3484,3574,4184,4168,ms
Task Path,:core:sync:kspDebugKotlin,3663,3655,3677,3607,4350,4479,ms
Task Path,:core:share:compileDebugKotlin,2399,2337,2332,2331,2987,2871,ms
Task Path,:core:status:compileDebugKotlin,2315,2267,2268,2225,2885,2876,ms
Task Path,:core:setting:compileDebugKotlin,2448,2355,2424,2385,3137,2945,ms
Task Path,:core:sync:compileDebugKotlin,2204,2205,2206,2169,2713,2721,ms
Task Path,:core:task:kspDebugKotlin,3083,3171,2930,3087,3674,3987,ms
Task Path,:core:timer:kspDebugKotlin,3131,3262,3116,3226,3652,3974,ms
Task Path,:core:todo:kspDebugKotlin,3402,3412,3302,3415,4014,4311,ms
Task Path,:core:user:kspDebugKotlin,3515,3519,3447,3470,4060,4277,ms
Task Path,:core:task:compileDebugKotlin,2304,2156,2200,2135,2814,2706,ms
Task Path,:core:timer:compileDebugKotlin,2339,2176,2256,2136,2898,2584,ms
Task Path,:core:todo:compileDebugKotlin,2280,2089,2222,2093,2860,2551,ms
Task Path,:core:user:compileDebugKotlin,2172,2059,2136,2045,2873,2647,ms
Task Path,:core:video:kspDebugKotlin,3084,3162,3002,2971,3611,4278,ms
Task Path,:core:video:compileDebugKotlin,2452,2188,2501,2187,2973,2668,ms
Task Path,:core:weather:kspDebugKotlin,3290,3140,3252,3099,4009,3815,ms
Task Path,:feature:forecast-contact:kspDebugKotlin,3559,3419,3476,3400,4264,4089,ms
Task Path,:feature:group-contact:kspDebugKotlin,3764,3546,3675,3535,4444,4075,ms
Task Path,:feature:forecast-contact:compileDebugKotlin,2351,2195,2371,2188,2829,2726,ms
Task Path,:core:weather:compileDebugKotlin,2504,2136,2432,2154,3089,2709,ms
Task Path,:feature:group-contact:compileDebugKotlin,2179,2001,2160,2032,2774,2548,ms
Task Path,:feature:cart-contact:kspDebugKotlin,3527,3493,3475,3456,4279,4173,ms
Task Path,:feature:cart-contact:compileDebugKotlin,2098,2037,2067,2084,2594,2513,ms
Task Path,:feature:push-login:kspDebugKotlin,3293,3313,3200,3277,4016,4046,ms
Task Path,:feature:account-contact:kspDebugKotlin,3396,3475,3299,3388,4222,4375,ms
Task Path,:feature:checkout-contact:kspDebugKotlin,3657,3704,3548,3713,4614,4278,ms
Task Path,:feature:event-contact:kspDebugKotlin,3504,3661,3376,3476,4157,4553,ms
Task Path,:feature:push-login:compileDebugKotlin,2244,2140,2188,2134,2756,2558,ms
Task Path,:feature:account-contact:compileDebugKotlin,2214,2070,2207,2036,2743,2503,ms
Task Path,:feature:checkout-contact:compileDebugKotlin,2049,2049,2005,2066,2495,2548,ms
Task Path,:feature:event-contact:compileDebugKotlin,2037,1949,2008,1950,2503,2308,ms
Task Path,:domain:account-login:kspDebugKotlin,2954,3271,2808,3185,3694,4365,ms
Task Path,:domain:account-login:compileDebugKotlin,1882,1832,1887,1863,2224,2255,ms
Task Path,:feature:metric-contact:kspDebugKotlin,3546,3555,3427,3485,4178,4309,ms
Task Path,:feature:playlist-contact:kspDebugKotlin,3514,3559,3461,3515,3974,4278,ms
Task Path,:feature:post-contact:kspDebugKotlin,3234,3194,3196,3120,4038,3972,ms
Task Path,:feature:metric-contact:compileDebugKotlin,2033,1872,1944,1843,2464,2309,ms
Task Path,:feature:playlist-contact:compileDebugKotlin,1981,1713,1920,1722,2338,2029,ms
Task Path,:feature:post-contact:compileDebugKotlin,1833,1776,1833,1779,2132,2167,ms
Task Path,:feature:task-contact:kspDebugKotlin,3569,3317,3564,3277,4159,3781,ms
Task Path,:feature:task-contact:compileDebugKotlin,2075,1905,2033,1870,2728,2328,ms
Task Path,:feature:video-contact:kspDebugKotlin,3548,3373,3476,3335,4159,3979,ms
Task Path,:feature:alarm-contact:kspDebugKotlin,3759,3553,3745,3618,4512,4146,ms
Task Path,:feature:article-contact:kspDebugKotlin,3772,3429,3820,3296,4363,4276,ms
Task Path,:feature:video-contact:compileDebugKotlin,2174,1961,2195,1919,2710,2484,ms
Task Path,:feature:calendar-contact:kspDebugKotlin,3692,3543,3691,3652,4293,4174,ms
Task Path,:feature:alarm-contact:compileDebugKotlin,2147,1984,2112,1985,2696,2528,ms
Task Path,:feature:article-contact:compileDebugKotlin,1862,1849,1855,1839,2235,2401,ms
Task Path,:feature:calendar-contact:compileDebugKotlin,1809,1844,1793,1821,2283,2288,ms
Task Path,:domain:alarm-login:kspDebugKotlin,3492,3529,3496,3659,4237,4070,ms
Task Path,:domain:alarm-login:compileDebugKotlin,1904,1816,1762,1747,2502,2325,ms
Task Path,:feature:comment-contact:kspDebugKotlin,3704,3658,3710,3673,4476,4244,ms
Task Path,:feature:contact-login:kspDebugKotlin,3575,3540,3564,3458,4436,4449,ms
Task Path,:feature:list-contact:kspDebugKotlin,3243,3285,3232,3206,3989,4166,ms
Task Path,:feature:comment-contact:compileDebugKotlin,1776,1811,1743,1808,2203,2244,ms
Task Path,:feature:contact-login:compileDebugKotlin,1775,1692,1666,1709,2339,1957,ms
Task Path,:feature:list-contact:compileDebugKotlin,1767,1668,1704,1630,2267,2140,ms
Task Path,:feature:map-contact:kspDebugKotlin,3365,3236,3352,3262,3919,3938,ms
Task Path,:feature:map-contact:compileDebugKotlin,1732,1664,1688,1624,2000,2046,ms
Task Path,:feature:media-contact:kspDebugKotlin,3443,3422,3339,3280,4074,4042,ms
Task Path,:feature:note-contact:kspDebugKotlin,3119,3146,3072,3073,3849,3690,ms
Task Path,:feature:network-contact:kspDebugKotlin,3337,3250,3301,3092,4007,3794,ms
Task Path,:feature:media-contact:compileDebugKotlin,1741,1659,1680,1641,2248,1971,ms
Task Path,:feature:note-contact:compileDebugKotlin,1668,1589,1714,1582,2053,1926,ms
Task Path,:feature:network-contact:compileDebugKotlin,1719,1549,1673,1540,2243,1854,ms
Task Path,:feature:notification-contact:kspDebugKotlin,3196,3198,3135,3042,3728,3865,ms
Task Path,:feature:notification-contact:compileDebugKotlin,1742,1608,1707,1613,2121,2090,ms
Task Path,:feature:search-contact:kspDebugKotlin,3301,3046,3344,3077,3924,3613,ms
Task Path,:feature:share-contact:kspDebugKotlin,3317,3157,3328,3220,3923,3693,ms
Task Path,:feature:sync-contact:kspDebugKotlin,3226,3099,3188,3099,3909,3717,ms
Task Path,:feature:search-contact:compileDebugKotlin,1737,1650,1706,1664,2095,2204,ms
Task Path,:feature:sync-contact:compileDebugKotlin,1688,1598,1645,1537,2095,2033,ms
Task Path,:feature:share-contact:compileDebugKotlin,1724,1658,1664,1586,2272,2175,ms
Task Path,:feature:weather-contact:kspDebugKotlin,3184,3104,3130,3120,3938,3747,ms
Task Path,:feature:weather-contact:compileDebugKotlin,1750,1636,1682,1565,2314,2116,ms
Task Path,:feature:audio-contact:kspDebugKotlin,3276,3119,3120,3065,4001,3659,ms
Task Path,:feature:contact-contact:kspDebugKotlin,3278,3181,3165,3235,3965,3703,ms
Task Path,:feature:gallery-contact:kspDebugKotlin,3303,3160,3225,3223,3928,3871,ms
Task Path,:domain:analytics-login:kspDebugKotlin,3020,3058,2992,3091,3561,3811,ms
Task Path,:feature:audio-contact:compileDebugKotlin,1761,1719,1678,1605,2324,2226,ms
Task Path,:feature:contact-contact:compileDebugKotlin,1767,1626,1687,1578,2307,2111,ms
Task Path,:domain:analytics-login:compileDebugKotlin,1683,1636,1707,1573,2110,2189,ms
Task Path,:feature:gallery-contact:compileDebugKotlin,1723,1698,1676,1672,2162,2108,ms
Task Path,:feature:setting-contact:kspDebugKotlin,3156,3114,3086,3226,3786,3801,ms
Task Path,:feature:timer-contact:kspDebugKotlin,3196,3157,3136,3224,3799,3924,ms
Task Path,:feature:todo-contact:kspDebugKotlin,3020,3027,3041,3004,3547,3783,ms
Task Path,:feature:analytics-contact:kspDebugKotlin,3042,3053,3020,3009,3617,3658,ms
Task Path,:feature:setting-contact:compileDebugKotlin,1601,1601,1551,1506,2075,2030,ms
Task Path,:feature:timer-contact:compileDebugKotlin,1587,1592,1547,1593,1998,2057,ms
Task Path,:feature:analytics-contact:compileDebugKotlin,1563,1447,1526,1391,2095,1750,ms
Task Path,:feature:todo-contact:compileDebugKotlin,1636,1486,1561,1463,2121,1821,ms
Task Path,:domain:article-login:kspDebugKotlin,2936,2678,2912,2721,3502,3249,ms
Task Path,:feature:identity-contact:kspDebugKotlin,3049,2925,2952,2881,3814,3472,ms
Task Path,:feature:location-contact:kspDebugKotlin,3127,2866,3048,2867,3822,3368,ms
Task Path,:feature:log-contact:kspDebugKotlin,3133,2850,3135,2873,3788,3374,ms
Task Path,:domain:article-login:compileDebugKotlin,1564,1390,1598,1365,1963,1755,ms
Task Path,:feature:identity-contact:compileDebugKotlin,1572,1452,1570,1435,1940,1816,ms
Task Path,:feature:location-contact:compileDebugKotlin,1665,1460,1621,1424,2010,1843,ms
Task Path,:feature:log-contact:compileDebugKotlin,1550,1499,1529,1457,1973,1926,ms
Task Path,:feature:message-contact:kspDebugKotlin,3178,2847,3040,2862,3899,3297,ms
Task Path,:feature:photo-contact:kspDebugKotlin,3124,2912,3077,2961,4017,3303,ms
Task Path,:feature:report-contact:kspDebugKotlin,3185,2945,3159,2935,3904,3533,ms
Task Path,:feature:session-contact:kspDebugKotlin,3124,3031,3093,3068,3745,3693,ms
Task Path,:feature:photo-contact:compileDebugKotlin,1560,1522,1522,1521,2003,1929,ms
Task Path,:feature:message-contact:compileDebugKotlin,1563,1599,1520,1577,1985,2132,ms
Task Path,:feature:report-contact:compileDebugKotlin,1531,1492,1499,1452,1840,1975,ms
Task Path,:feature:session-contact:compileDebugKotlin,1596,1487,1599,1475,1864,1864,ms
Task Path,:feature:status-contact:kspDebugKotlin,3190,3194,3277,3102,3819,4033,ms
Task Path,:feature:feed-contact:kspDebugKotlin,3260,3174,3214,3205,3940,4002,ms
Task Path,:feature:file-contact:kspDebugKotlin,3139,3183,3071,3186,3827,4002,ms
Task Path,:feature:podcast-contact:kspDebugKotlin,3083,3061,2989,3026,3689,3774,ms
Task Path,:feature:status-contact:compileDebugKotlin,1597,1583,1547,1577,1879,2067,ms
Task Path,:feature:feed-contact:compileDebugKotlin,1459,1507,1435,1522,1753,1865,ms
Task Path,:feature:podcast-contact:compileDebugKotlin,1401,1405,1375,1406,1664,1745,ms
Task Path,:feature:file-contact:compileDebugKotlin,1400,1451,1321,1394,1727,1823,ms
Task Path,:domain:audio-login:kspDebugKotlin,2752,2696,2712,2735,3306,3389,ms
Task Path,:domain:calendar-login:kspDebugKotlin,2874,2720,2812,2733,3332,3401,ms
Task Path,:domain:audio-login:compileDebugKotlin,1458,1401,1415,1341,1713,1851,ms
Task Path,:domain:cart-login:kspDebugKotlin,3053,2840,2906,2852,3949,3360,ms
Task Path,:feature:document-contact:kspDebugKotlin,2923,2842,2906,2843,3342,3442,ms
Task Path,:domain:calendar-login:compileDebugKotlin,1481,1404,1444,1369,2018,1884,ms
Task Path,:domain:cart-login:compileDebugKotlin,1494,1441,1467,1440,1948,1752,ms
Task Path,:feature:document-contact:compileDebugKotlin,1474,1351,1455,1316,1860,1731,ms
Task Path,:feature:login-contact:kspDebugKotlin,3068,2754,2966,2799,3899,3282,ms
Task Path,:feature:profile-contact:kspDebugKotlin,3134,2833,3078,2787,3796,3348,ms
Task Path,:feature:login-contact:compileDebugKotlin,1466,1367,1451,1315,1913,1812,ms
Task Path,:feature:user-contact:kspDebugKotlin,3141,2931,3063,2849,3890,3717,ms
Task Path,:domain:contact-identity:kspDebugKotlin,3110,2929,3066,2861,3830,3611,ms
Task Path,:feature:profile-contact:compileDebugKotlin,1390,1370,1332,1291,1772,1903,ms
Task Path,:feature:user-contact:compileDebugKotlin,1447,1321,1424,1286,1730,1556,ms
Task Path,:domain:contact-identity:compileDebugKotlin,1432,1362,1378,1337,1791,1672,ms
Task Path,:domain:comment-login:kspDebugKotlin,3006,2806,2935,2742,3782,3576,ms
Task Path,:domain:document-login:kspDebugKotlin,3107,3027,3101,2961,3935,3775,ms
Task Path,:domain:comment-login:compileDebugKotlin,1408,1352,1360,1348,1778,1669,ms
Task Path,:domain:document-login:compileDebugKotlin,1419,1336,1413,1304,1768,1668,ms
Task Path,:domain:checkout-login:kspDebugKotlin,2944,2875,2881,2850,3571,3402,ms
Task Path,:domain:event-login:kspDebugKotlin,2878,2829,2886,2841,3402,3490,ms
Task Path,:domain:checkout-login:compileDebugKotlin,1395,1403,1372,1396,1715,1758,ms
Task Path,:domain:event-login:compileDebugKotlin,1350,1446,1328,1438,1628,1936,ms
Task Path,:domain:feed-login:kspDebugKotlin,2754,2817,2634,2877,3226,3299,ms
Task Path,:domain:feed-login:compileDebugKotlin,1282,1366,1246,1323,1626,1760,ms
Task Path,:feature:news-contact:kspDebugKotlin,2792,2729,2779,2686,3409,3287,ms
Task Path,:domain:forecast-login:kspDebugKotlin,2776,2756,2703,2710,3243,3459,ms
Task Path,:domain:group-login:kspDebugKotlin,2830,2788,2767,2749,3335,3482,ms
Task Path,:feature:news-contact:compileDebugKotlin,1313,1277,1288,1288,1627,1599,ms
Task Path,:domain:forecast-login:compileDebugKotlin,1383,1364,1329,1375,1907,1665,ms
Task Path,:domain:group-login:compileDebugKotlin,1314,1299,1272,1301,1688,1618,ms
Task Path,:domain:identity-login:kspDebugKotlin,2822,2781,2788,2686,3379,3616,ms
Task Path,:domain:identity-login:compileDebugKotlin,1296,1242,1295,1196,1611,1586,ms
Task Path,:domain:file-login:kspDebugKotlin,2843,2760,2878,2806,3322,3403,ms
Task Path,:domain:gallery-login:kspDebugKotlin,2843,2768,2772,2800,3430,3527,ms
Task Path,:domain:list-login:kspDebugKotlin,2794,2586,2674,2635,3587,3062,ms
Task Path,:domain:file-login:compileDebugKotlin,1340,1315,1304,1258,1695,1791,ms
Task Path,:domain:gallery-login:compileDebugKotlin,1365,1311,1331,1285,1655,1714,ms
Task Path,:domain:list-login:compileDebugKotlin,1407,1320,1324,1332,1876,1798,ms
Task Path,:domain:location-login:kspDebugKotlin,2819,2657,2702,2651,3493,3148,ms
Task Path,:domain:location-login:compileDebugKotlin,1465,1330,1403,1306,1937,1699,ms
Task Path,:domain:log-login:kspDebugKotlin,2965,2730,2903,2697,3603,3465,ms
Task Path,:domain:login-identity:kspDebugKotlin,2942,2798,2867,2739,3622,3475,ms
Task Path,:domain:login-login:kspDebugKotlin,2806,2748,2675,2673,3465,3389,ms
Task Path,:domain:map-login:kspDebugKotlin,2771,2660,2704,2670,3369,3034,ms
Task Path,:domain:login-identity:compileDebugKotlin,1563,1382,1506,1340,2020,1762,ms
Task Path,:domain:log-login:compileDebugKotlin,1546,1332,1473,1291,2063,1805,ms
Task Path,:domain:login-login:compileDebugKotlin,1308,1350,1262,1274,1739,1857,ms
Task Path,:domain:map-login:compileDebugKotlin,1290,1247,1247,1256,1723,1602,ms
Task Path,:domain:media-login:kspDebugKotlin,2658,2624,2559,2658,3109,3155,ms
Task Path,:domain:message-login:kspDebugKotlin,2695,2675,2613,2582,3136,3289,ms
Task Path,:domain:metric-login:kspDebugKotlin,2649,2726,2609,2683,3413,3480,ms
Task Path,:domain:media-login:compileDebugKotlin,1275,1264,1257,1191,1656,1695,ms
Task Path,:domain:network-login:kspDebugKotlin,2739,2909,2692,2812,3223,3731,ms
Task Path,:domain:message-login:compileDebugKotlin,1273,1309,1218,1228,1613,1912,ms
Task Path,:domain:metric-login:compileDebugKotlin,1347,1432,1303,1456,1720,1901,ms
Task Path,:domain:network-login:compileDebugKotlin,1468,1562,1405,1562,1837,2005,ms
Task Path,:domain:news-login:kspDebugKotlin,2745,2888,2718,2858,3111,3645,ms
Task Path,:domain:note-login:kspDebugKotlin,2726,2849,2687,2782,3256,3610,ms
Task Path,:domain:notification-login:kspDebugKotlin,2708,2537,2689,2521,3192,3170,ms
Task Path,:domain:news-login:compileDebugKotlin,1320,1315,1288,1301,1591,1668,ms
Task Path,:domain:note-login:compileDebugKotlin,1281,1244,1242,1234,1569,1649,ms
Task Path,:domain:photo-login:kspDebugKotlin,2715,2656,2645,2715,3360,3144,ms
Task Path,:domain:notification-login:compileDebugKotlin,1304,1213,1242,1165,1690,1594,ms
Task Path,:domain:photo-login:compileDebugKotlin,1351,1237,1307,1210,1708,1500,ms
Task Path,:domain:playlist-login:kspDebugKotlin,2828,2648,2834,2650,3494,3082,ms
Task Path,:domain:podcast-login:kspDebugKotlin,2838,2653,2783,2606,3433,3075,ms
Task Path,:domain:post-login:kspDebugKotlin,2665,2500,2685,2488,3253,2907,ms
Task Path,:domain:playlist-login:compileDebugKotlin,1359,1245,1312,1228,1737,1447,ms
Task Path,:domain:profile-login:kspDebugKotlin,2641,2564,2602,2595,3331,3078,ms
Task Path,:domain:podcast-login:compileDebugKotlin,1349,1217,1356,1210,1685,1596,ms
Task Path,:domain:post-login:compileDebugKotlin,1295,1239,1240,1219,1628,1580,ms
Task Path,:domain:profile-login:compileDebugKotlin,1299,1267,1232,1235,1655,1614,ms
Task Path,:domain:push-identity:kspDebugKotlin,2764,2672,2833,2631,3269,3313,ms
Task Path,:domain:push-identity:compileDebugKotlin,1291,1280,1259,1234,1511,1622,ms
Task Path,:domain:report-login:kspDebugKotlin,2840,2674,2805,2643,3349,3307,ms
Task Path,:domain:search-login:kspDebugKotlin,2765,2595,2719,2490,3278,3179,ms
Task Path,:domain:session-login:kspDebugKotlin,2725,2499,2712,2493,3223,3126,ms
Task Path,:domain:report-login:compileDebugKotlin,1245,1205,1204,1191,1585,1606,ms
Task Path,:domain:search-login:compileDebugKotlin,1121,1114,1113,1121,1331,1430,ms
Task Path,:domain:session-login:compileDebugKotlin,1065,1092,1039,1084,1363,1411,ms
Task Path,:domain:setting-login:kspDebugKotlin,2537,2568,2486,2505,3082,3141,ms
Task Path,:domain:setting-login:compileDebugKotlin,1153,1196,1110,1151,1473,1595,ms
Task Path,:domain:share-login:kspDebugKotlin,2465,2554,2376,2514,2998,3251,ms
Task Path,:domain:status-login:kspDebugKotlin,2458,2558,2398,2563,2945,3157,ms
Task Path,:domain:sync-login:kspDebugKotlin,2510,2561,2473,2432,3071,3316,ms
Task Path,:domain:share-login:compileDebugKotlin,1154,1160,1081,1087,1465,1559,ms
Task Path,:domain:status-login:compileDebugKotlin,1167,1127,1102,1118,1522,1354,ms
Task Path,:domain:sync-login:compileDebugKotlin,1249,1206,1182,1187,1547,1541,ms
Task Path,:domain:task-login:kspDebugKotlin,2565,2494,2515,2428,3151,3177,ms
Task Path,:domain:task-login:compileDebugKotlin,1287,1186,1228,1181,1636,1570,ms
Task Path,:domain:timer-login:kspDebugKotlin,2712,2577,2683,2588,3223,3351,ms
Task Path,:domain:timer-login:compileDebugKotlin,1300,1252,1290,1193,1528,1687,ms
Task Path,:domain:todo-login:kspDebugKotlin,2804,2574,2752,2560,3352,3146,ms
Task Path,:domain:user-login:kspDebugKotlin,2751,2607,2688,2530,3526,3229,ms
Task Path,:domain:todo-login:compileDebugKotlin,1343,1297,1334,1278,1652,1678,ms
Task Path,:domain:video-login:kspDebugKotlin,2719,2654,2708,2577,3414,3325,ms
Task Path,:domain:user-login:compileDebugKotlin,1255,1167,1265,1205,1474,1405,ms
Task Path,:domain:video-login:compileDebugKotlin,1233,1200,1204,1164,1535,1480,ms
Task Path,:domain:weather-login:kspDebugKotlin,2795,2689,2686,2610,3402,3307,ms
Task Path,:domain:weather-login:compileDebugKotlin,1271,1186,1254,1153,1520,1396,ms
Task Path,:repository:alarm-identity:kspDebugKotlin,2831,2670,2774,2676,3394,3080,ms
Task Path,:repository:article-identity:kspDebugKotlin,2824,2626,2799,2596,3398,3285,ms
Task Path,:repository:comment-identity:kspDebugKotlin,2889,2646,2838,2537,3449,3243,ms
Task Path,:repository:alarm-identity:compileDebugKotlin,1194,1213,1147,1213,1428,1591,ms
Task Path,:repository:cart-identity:kspDebugKotlin,2841,2689,2756,2650,3410,3232,ms
Task Path,:repository:article-identity:compileDebugKotlin,1163,1124,1120,1105,1514,1344,ms
Task Path,:repository:comment-identity:compileDebugKotlin,1130,1153,1140,1179,1352,1510,ms
Task Path,:repository:cart-identity:compileDebugKotlin,1219,1216,1192,1187,1515,1598,ms
Task Path,:repository:checkout-identity:kspDebugKotlin,2775,2729,2742,2647,3410,3486,ms
Task Path,:repository:checkout-identity:compileDebugKotlin,1087,1079,1074,1034,1372,1304,ms
Task Path,:repository:contact-checkout:kspDebugKotlin,2562,2506,2449,2425,3124,3328,ms
Task Path,:repository:contact-checkout:compileDebugKotlin,1210,1201,1195,1168,1482,1529,ms
Task Path,:repository:document-identity:kspDebugKotlin,2643,2599,2607,2484,3199,3454,ms
Task Path,:repository:event-identity:kspDebugKotlin,2645,2619,2598,2531,2996,3482,ms
Task Path,:repository:document-identity:compileDebugKotlin,1162,1127,1134,1081,1371,1520,ms
Task Path,:repository:feed-identity:kspDebugKotlin,2624,2619,2591,2556,3123,3465,ms
Task Path,:repository:event-identity:compileDebugKotlin,1125,1102,1094,1045,1405,1432,ms
Task Path,:repository:gallery-identity:kspDebugKotlin,2573,2586,2486,2497,3084,3151,ms
Task Path,:repository:feed-identity:compileDebugKotlin,1087,1068,1075,973,1369,1443,ms
Task Path,:repository:gallery-identity:compileDebugKotlin,1171,1172,1151,1103,1438,1569,ms
Task Path,:repository:group-identity:kspDebugKotlin,2606,2633,2536,2563,3199,3264,ms
Task Path,:repository:identity-identity:kspDebugKotlin,2680,2699,2588,2654,3382,3369,ms
Task Path,:repository:group-identity:compileDebugKotlin,1181,1178,1172,1159,1586,1531,ms
Task Path,:repository:identity-identity:compileDebugKotlin,1172,1127,1127,1106,1521,1467,ms
Task Path,:repository:list-identity:kspDebugKotlin,2718,2685,2669,2657,3446,3222,ms
Task Path,:repository:location-identity:kspDebugKotlin,2641,2583,2610,2526,3175,3113,ms
Task Path,:repository:location-identity:compileDebugKotlin,1177,1145,1133,1086,1503,1482,ms
Task Path,:repository:list-identity:compileDebugKotlin,1152,1072,1113,1070,1484,1280,ms
Task Path,:repository:login-checkout:kspDebugKotlin,2593,2614,2531,2567,3186,3169,ms
Task Path,:repository:map-identity:kspDebugKotlin,2716,2757,2634,2682,3495,3522,ms
Task Path,:repository:metric-identity:kspDebugKotlin,2683,2658,2576,2577,3441,3379,ms
Task Path,:repository:network-identity:kspDebugKotlin,2499,2516,2488,2487,3002,3184,ms
Task Path,:repository:map-identity:compileDebugKotlin,1158,1148,1108,1069,1414,1517,ms
Task Path,:repository:login-checkout:compileDebugKotlin,1166,1191,1083,1169,1564,1481,ms
Task Path,:repository:metric-identity:compileDebugKotlin,1171,1134,1133,1081,1607,1454,ms
Task Path,:repository:network-identity:compileDebugKotlin,1215,1181,1138,1115,1673,1625,ms
Task Path,:repository:news-identity:kspDebugKotlin,2507,2484,2453,2313,3000,3076,ms
Task Path,:repository:note-identity:kspDebugKotlin,2671,2569,2630,2483,3136,3313,ms
Task Path,:repository:news-identity:compileDebugKotlin,1194,1172,1154,1131,1537,1548,ms
Task Path,:repository:notification-identity:kspDebugKotlin,2685,2560,2667,2555,3153,3249,ms
Task Path,:repository:playlist-identity:kspDebugKotlin,2714,2574,2717,2528,3145,3155,ms
Task Path,:repository:note-identity:compileDebugKotlin,1238,1255,1170,1203,1631,1727,ms
Task Path,:repository:notification-identity:compileDebugKotlin,1292,1301,1245,1272,1603,1731,ms
Task Path,:repository:playlist-identity:compileDebugKotlin,1210,1191,1191,1139,1628,1617,ms
Task Path,:repository:post-identity:kspDebugKotlin,2688,2586,2707,2526,3151,3211,ms
Task Path,:repository:push-checkout:kspDebugKotlin,2585,2497,2528,2509,3156,3009,ms
Task Path,:repository:post-identity:compileDebugKotlin,1138,1094,1053,1056,1537,1431,ms
Task Path,:repository:push-checkout:compileDebugKotlin,1177,1094,1018,1036,1634,1429,ms
Task Path,:repository:report-identity:kspDebugKotlin,2553,2469,2502,2414,3003,3009,ms
Task Path,:repository:session-identity:kspDebugKotlin,2460,2450,2353,2375,3116,3044,ms
Task Path,:repository:session-identity:compileDebugKotlin,1207,1177,1143,1142,1631,1453,ms
Task Path,:repository:report-identity:compileDebugKotlin,1188,1113,1088,1072,1702,1439,ms
Task Path,:repository:share-identity:kspDebugKotlin,2526,2555,2406,2421,3259,3226,ms
Task Path,:repository:status-identity:kspDebugKotlin,2471,2708,2446,2636,3021,3356,ms
Task Path,:repository:share-identity:compileDebugKotlin,1194,1240,1140,1134,1631,1855,ms
Task Path,:repository:status-identity:compileDebugKotlin,1212,1252,1102,1163,1556,1759,ms
Task Path,:repository:timer-identity:kspDebugKotlin,2549,2712,2452,2698,3142,3284,ms
Task Path,:repository:todo-identity:kspDebugKotlin,2616,2672,2551,2687,3209,3423,ms
Task Path,:repository:todo-identity:compileDebugKotlin,1198,1158,1145,1133,1665,1523,ms
Task Path,:repository:timer-identity:compileDebugKotlin,1225,1256,1091,1223,1759,1682,ms
Task Path,:repository:video-identity:kspDebugKotlin,2601,2608,2532,2587,3183,3348,ms
Task Path,:repository:weather-identity:kspDebugKotlin,2598,2572,2567,2597,3214,3343,ms
Task Path,:repository:video-identity:compileDebugKotlin,1201,1072,1177,1048,1560,1337,ms
Task Path,:repository:weather-identity:compileDebugKotlin,1179,1094,1066,1044,1640,1405,ms
Task Path,:repository:account-identity:kspDebugKotlin,2548,2514,2593,2449,3100,3101,ms
Task Path,:repository:file-identity:kspDebugKotlin,2609,2553,2499,2536,3119,3175,ms
Task Path,:repository:account-identity:compileDebugKotlin,1165,1111,1058,1082,1692,1500,ms
Task Path,:repository:file-identity:compileDebugKotlin,1148,1111,1115,1074,1470,1451,ms
Task Path,:model:account-checkout:kspDebugKotlin,2497,2502,2552,2441,2951,3077,ms
Task Path,:repository:forecast-identity:kspDebugKotlin,2647,2599,2582,2502,3191,3353,ms
Task Path,:model:account-checkout:compileDebugKotlin,1124,1112,1124,1099,1384,1378,ms
Task Path,:repository:forecast-identity:compileDebugKotlin,1063,1080,1046,1049,1341,1290,ms
Task Path,:repository:identity-checkout:kspDebugKotlin,2553,2496,2486,2442,3042,3171,ms
Task Path,:repository:media-identity:kspDebugKotlin,2555,2395,2520,2391,3064,2860,ms
Task Path,:repository:identity-checkout:compileDebugKotlin,1093,1044,1078,1017,1371,1343,ms
Task Path,:repository:media-identity:compileDebugKotlin,1173,1087,1147,1057,1450,1373,ms
Task Path,:repository:message-identity:kspDebugKotlin,2616,2461,2564,2370,3160,2922,ms
Task Path,:repository:photo-identity:kspDebugKotlin,2608,2527,2571,2475,3208,3056,ms
Task Path,:repository:message-identity:compileDebugKotlin,1178,1102,1146,1077,1477,1366,ms
Task Path,:repository:photo-identity:compileDebugKotlin,1145,1115,1076,1113,1481,1445,ms
Task Path,:repository:profile-identity:kspDebugKotlin,2579,2706,2538,2690,3023,3204,ms
Task Path,:repository:podcast-identity:kspDebugKotlin,2614,2652,2588,2633,3101,3112,ms
Task Path,:repository:profile-identity:compileDebugKotlin,1317,1298,1277,1261,1602,1683,ms
Task Path,:repository:podcast-identity:compileDebugKotlin,1214,1186,1113,1135,1554,1461,ms
Task Path,:repository:search-identity:kspDebugKotlin,2615,2682,2568,2700,3359,3146,ms
Task Path,:repository:setting-identity:kspDebugKotlin,2610,2712,2591,2748,3103,3219,ms
Task Path,:repository:setting-identity:compileDebugKotlin,1150,1197,1088,1168,1445,1512,ms
Task Path,:repository:search-identity:compileDebugKotlin,1238,1233,1188,1197,1558,1628,ms
Task Path,:repository:sync-identity:kspDebugKotlin,2571,2671,2514,2709,3242,3174,ms
Task Path,:repository:task-identity:kspDebugKotlin,2697,2733,2536,2623,3413,3457,ms
Task Path,:repository:sync-identity:compileDebugKotlin,1153,1129,1091,1102,1470,1475,ms
Task Path,:repository:task-identity:compileDebugKotlin,1134,1100,1114,1053,1402,1436,ms
Task Path,:repository:user-identity:kspDebugKotlin,2662,2695,2600,2623,3468,3540,ms
Task Path,:repository:log-identity:kspDebugKotlin,2613,2566,2575,2458,3188,3241,ms
Task Path,:repository:user-identity:compileDebugKotlin,1076,1020,1046,978,1421,1267,ms
Task Path,:repository:log-identity:compileDebugKotlin,1058,1026,1032,953,1274,1381,ms
Task Path,:repository:calendar-identity:kspDebugKotlin,2577,2468,2571,2405,3145,3088,ms
Task Path,:repository:analytics-identity:kspDebugKotlin,2617,2443,2509,2431,3319,2935,ms
Task Path,:repository:calendar-identity:compileDebugKotlin,1047,1015,1036,1006,1276,1295,ms
Task Path,:repository:analytics-identity:compileDebugKotlin,1116,1018,1070,982,1451,1342,ms
Task Path,:model:analytics-checkout:kspDebugKotlin,2561,2433,2514,2414,3163,3003,ms
Task Path,:model:alarm-checkout:kspDebugKotlin,2533,2349,2435,2379,3226,2834,ms
Task Path,:model:analytics-checkout:compileDebugKotlin,1098,1042,1064,1046,1331,1228,ms
Task Path,:model:alarm-checkout:compileDebugKotlin,1200,1074,1149,1072,1515,1403,ms
Task Path,:model:article-checkout:kspDebugKotlin,2574,2462,2581,2474,3087,2998,ms
Task Path,:repository:audio-identity:kspDebugKotlin,2542,2530,2527,2524,3088,3177,ms
Task Path,:model:article-checkout:compileDebugKotlin,1052,1055,992,1012,1244,1576,ms
Task Path,:repository:audio-identity:compileDebugKotlin,1101,1110,1021,1058,1300,1374,ms
Task Path,:model:checkout-cart:kspDebugKotlin,2624,2655,2561,2629,3285,3322,ms
Task Path,:model:checkout-checkout:kspDebugKotlin,2644,2649,2551,2615,3186,3290,ms
Task Path,:model:checkout-cart:compileDebugKotlin,1138,1129,1071,1095,1479,1369,ms
Task Path,:model:audio-checkout:kspDebugKotlin,2656,2630,2580,2598,3229,3257,ms
Task Path,:model:calendar-checkout:kspDebugKotlin,2697,2676,2679,2630,3243,3219,ms
Task Path,:model:cart-checkout:kspDebugKotlin,2696,2726,2655,2686,3204,3324,ms
Task Path,:model:checkout-checkout:compileDebugKotlin,1018,1055,994,985,1197,1394,ms
Task Path,:model:audio-checkout:compileDebugKotlin,1140,1192,1081,1159,1437,1527,ms
Task Path,:model:calendar-checkout:compileDebugKotlin,1129,1210,1099,1237,1443,1515,ms
Task Path,:model:cart-checkout:compileDebugKotlin,1091,1155,1030,1115,1483,1483,ms
Task Path,:model:comment-checkout:kspDebugKotlin,2421,2419,2459,2411,2921,2904,ms
Task Path,:model:contact-cart:kspDebugKotlin,2470,2424,2410,2351,2950,3181,ms
Task Path,:model:document-checkout:kspDebugKotlin,2642,2547,2612,2452,3196,3189,ms
Task Path,:model:event-checkout:kspDebugKotlin,2621,2584,2561,2487,3085,3371,ms
Task Path,:model:contact-cart:compileDebugKotlin,1127,1056,1083,1056,1465,1321,ms
Task Path,:model:comment-checkout:compileDebugKotlin,1050,1036,1017,1016,1298,1314,ms
Task Path,:model:document-checkout:compileDebugKotlin,1075,1014,1038,1002,1356,1367,ms
Task Path,:model:event-checkout:compileDebugKotlin,1090,1014,1080,1017,1346,1248,ms
Task Path,:model:feed-checkout:kspDebugKotlin,2607,2615,2616,2479,3116,3466,ms
Task Path,:model:file-checkout:kspDebugKotlin,2593,2616,2532,2519,3173,3288,ms
Task Path,:model:forecast-checkout:kspDebugKotlin,2559,2567,2556,2629,3143,3346,ms
Task Path,:model:gallery-checkout:kspDebugKotlin,2623,2659,2623,2665,3136,3303,ms
Task Path,:model:feed-checkout:compileDebugKotlin,1075,1042,1011,993,1397,1379,ms
Task Path,:model:file-checkout:compileDebugKotlin,1057,1079,1024,1053,1310,1391,ms
Task Path,:model:forecast-checkout:compileDebugKotlin,1064,1090,1031,1071,1272,1345,ms
Task Path,:model:gallery-checkout:compileDebugKotlin,1058,1077,1032,1061,1302,1369,ms
Task Path,:model:group-checkout:kspDebugKotlin,2593,2476,2570,2441,3100,2876,ms
Task Path,:model:identity-cart:kspDebugKotlin,2589,2463,2515,2333,3191,3059,ms
Task Path,:model:list-checkout:kspDebugKotlin,2590,2395,2507,2337,3297,2995,ms
Task Path,:model:location-checkout:kspDebugKotlin,2682,2473,2696,2384,3204,3082,ms
Task Path,:model:group-checkout:compileDebugKotlin,1058,1042,1011,1017,1342,1367,ms
Task Path,:model:identity-cart:compileDebugKotlin,1121,1022,1050,989,1388,1334,ms
Task Path,:model:list-checkout:compileDebugKotlin,1154,1075,1113,1047,1528,1456,ms
Task Path,:model:location-checkout:compileDebugKotlin,1092,1059,1061,1015,1417,1376,ms
Task Path,:model:log-checkout:kspDebugKotlin,2653,2478,2609,2415,3190,3042,ms
Task Path,:model:map-checkout:kspDebugKotlin,2475,2574,2382,2507,3031,3180,ms
Task Path,:model:login-cart:kspDebugKotlin,2542,2559,2474,2546,3166,3006,ms
Task Path,:model:media-checkout:kspDebugKotlin,2514,2574,2497,2468,3006,3251,ms
Task Path,:model:log-checkout:compileDebugKotlin,1055,1078,1023,1068,1245,1356,ms
Task Path,:model:login-cart:compileDebugKotlin,1120,1121,1093,1041,1454,1500,ms
Task Path,:model:map-checkout:compileDebugKotlin,1130,1095,1072,1060,1453,1400,ms
Task Path,:model:media-checkout:compileDebugKotlin,1206,1131,1155,1110,1459,1489,ms
Task Path,:model:message-checkout:kspDebugKotlin,2595,2606,2583,2500,3075,3350,ms
Task Path,:model:network-checkout:kspDebugKotlin,2618,2588,2550,2593,3222,3111,ms
Task Path,:model:metric-checkout:kspDebugKotlin,2577,2552,2451,2575,3097,3129,ms
Task Path,:model:news-checkout:kspDebugKotlin,2585,2601,2533,2536,3193,3299,ms
Task Path,:model:message-checkout:compileDebugKotlin,1091,1080,1028,1022,1412,1456,ms
Task Path,:model:metric-checkout:compileDebugKotlin,1118,1146,1082,1096,1386,1521,ms
Task Path,:model:network-checkout:compileDebugKotlin,1138,1175,1069,1132,1455,1676,ms
Task Path,:model:news-checkout:compileDebugKotlin,1085,1071,1049,991,1382,1450,ms
Task Path,:model:note-checkout:kspDebugKotlin,2541,2652,2476,2573,3141,3414,ms
Task Path,:model:notification-checkout:kspDebugKotlin,2476,2488,2407,2490,3081,3163,ms
Task Path,:model:photo-checkout:kspDebugKotlin,2455,2426,2400,2397,2954,2978,ms
Task Path,:model:playlist-checkout:kspDebugKotlin,2567,2429,2531,2351,3003,3159,ms
Task Path,:model:notification-checkout:compileDebugKotlin,1109,1054,1002,981,1568,1435,ms
Task Path,:model:note-checkout:compileDebugKotlin,1073,1075,1014,1012,1445,1516,ms
Task Path,:model:photo-checkout:compileDebugKotlin,1257,1154,1167,1112,1769,1615,ms
Task Path,:model:playlist-checkout:compileDebugKotlin,1209,1137,1120,1072,1609,1549,ms
Task Path,:model:podcast-checkout:kspDebugKotlin,2575,2487,2534,2414,3139,3110,ms
Task Path,:model:post-checkout:kspDebugKotlin,2585,2540,2564,2529,2999,3178,ms
Task Path,:model:profile-checkout:kspDebugKotlin,2580,2492,2527,2420,3068,3190,ms
Task Path,:model:push-cart:kspDebugKotlin,2525,2453,2438,2368,3200,3055,ms
Task Path,:model:post-checkout:compileDebugKotlin,1137,1094,1089,1042,1491,1542,ms
Task Path,:model:podcast-checkout:compileDebugKotlin,1218,1106,1103,1065,1743,1502,ms
Task Path,:model:profile-checkout:compileDebugKotlin,1118,1063,1081,1015,1390,1444,ms
Task Path,:model:push-cart:compileDebugKotlin,1146,1006,1029,986,1744,1272,ms
Task Path,:model:report-checkout:kspDebugKotlin,2602,2422,2542,2409,3256,2939,ms
Task Path,:model:search-checkout:kspDebugKotlin,2538,2419,2496,2444,3125,2854,ms
Task Path,:model:setting-checkout:kspDebugKotlin,2488,2524,2463,2507,2915,3141,ms
Task Path,:model:session-checkout:kspDebugKotlin,2556,2481,2521,2471,3112,3119,ms
Task Path,:model:report-checkout:compileDebugKotlin,1185,1045,1109,1007,1795,1338,ms
Task Path,:model:search-checkout:compileDebugKotlin,1145,1069,1118,1023,1428,1404,ms
Task Path,:model:setting-checkout:compileDebugKotlin,1098,1102,1052,1062,1321,1451,ms
Task Path,:model:session-checkout:compileDebugKotlin,1125,1110,1064,1124,1410,1397,ms
Task Path,:model:share-checkout:kspDebugKotlin,2500,2552,2526,2470,2992,3345,ms
Task Path,:model:status-checkout:kspDebugKotlin,2455,2513,2461,2472,3008,3125,ms
Task Path,:model:sync-checkout:kspDebugKotlin,2457,2479,2339,2352,2955,3236,ms
Task Path,:model:task-checkout:kspDebugKotlin,2565,2575,2419,2443,3157,3347,ms
Task Path,:model:share-checkout:compileDebugKotlin,1019,1052,1016,1014,1289,1457,ms
Task Path,:model:status-checkout:compileDebugKotlin,1017,1087,1028,1024,1229,1512,ms
Task Path,:model:sync-checkout:compileDebugKotlin,1114,1144,1103,1127,1349,1404,ms
Task Path,:model:task-checkout:compileDebugKotlin,1108,1128,1082,1111,1324,1474,ms
Task Path,:model:timer-checkout:kspDebugKotlin,2661,2667,2578,2686,3322,3423,ms
Task Path,:model:todo-checkout:kspDebugKotlin,2656,2626,2573,2541,3234,3344,ms
Task Path,:model:user-checkout:kspDebugKotlin,2577,2571,2481,2488,3081,3284,ms
Task Path,:model:video-checkout:kspDebugKotlin,2570,2552,2537,2465,3142,3236,ms
Task Path,:model:user-checkout:compileDebugKotlin,1192,1155,1099,1089,1727,1451,ms
Task Path,:model:todo-checkout:compileDebugKotlin,1065,1073,994,1031,1415,1365,ms
Task Path,:model:video-checkout:compileDebugKotlin,1204,1110,1114,1012,1826,1446,ms
Task Path,:model:weather-checkout:kspDebugKotlin,2477,2361,2448,2349,3148,2820,ms
Task Path,:app:app:generateDebugGlobalSynthetics,2939,2670,2880,2559,3636,3328,ms
Task Path,:model:weather-checkout:compileDebugKotlin,1185,1003,1100,939,1819,1237,ms
Task Path,:app:app:kspDebugKotlin,3932,3842,3912,3591,4987,5211,ms
Task Path,:app:app:compileDebugKotlin,4381,3854,4441,4048,5638,5170,ms
Task Path,:app:app:mergeDebugJavaResource,2672,2628,2566,2620,3332,3425,ms
Task Path,:app:app:mergeExtDexDebug,18758,18086,18959,17940,20805,20692,ms
Task Path,:app:app:hiltAggregateDepsDebug,1585,1486,1562,1547,2027,1959,ms
Task Path,:app:app:mergeLibDexDebug,2366,2245,2309,2233,2901,2701,ms
Task Path,:app:app:hiltJavaCompileDebug,7183,6754,7090,6852,7968,8038,ms
Task Path,:app:app:mergeDebugResources,4317,4402,4301,4524,5160,4915,ms
Task Path,:app:app:processDebugResources,1782,1759,1754,1757,2064,2019,ms
:app:app:compileDebugKotlin,Sources compilation round,3827.04,3366.54,3890,3577,4861,4506,ms
:app:app:compileDebugKotlin,Incremental compilation in daemon,4039.22,3553.0,4062,3738,5205,4687,ms
:app:app:compileDebugKotlin,Task action before worker execution,25.26,17.54,20,17,36,30,ms
:app:app:compileDebugKotlin,Start gradle worker,3.18,2.71,2,2,8,5,ms
:app:app:compileDebugKotlin,Compiler initialization time,91.66,71.84,83,70,133,112,ms
:app:app:compileDebugKotlin,Calculate output size,3.14,2.73,3,2,7,6,ms
:app:app:compileDebugKotlin,Compiler IR lowering,326.4,301.4,320,296,472,443,ms
:app:app:compileDebugKotlin,Compiler translation to IR,1193.34,1028.5,1176,1003,1615,1497,ms
:app:app:compileDebugKotlin,Compiler backend,336.24,316.22,325,318,477,423,ms
:app:app:compileDebugKotlin,Compiler code analysis,1425.08,1251.42,1447,1308,1924,1699,ms
:app:app:compileDebugKotlin,Run compilation in Gradle worker,4122.82,3630.36,4135,3846,5299,4876,ms
:app:app:compileDebugKotlin,Load current classpath snapshot,35.06,32.42,31,29,53,50,ms
:app:app:compileDebugKotlin,Update caches,10.5,9.7,9,10,18,13,ms
:app:app:compileDebugKotlin,Total Gradle task time,4381.12,3854.8,4441,4048,5638,5170,ms
:app:app:compileDebugKotlin,Shrink and save current classpath snapshot after compilation,94.04,82.08,85,78,139,125,ms
:app:app:compileDebugKotlin,Compiler code generation,663.14,618.18,661,604,870,843,ms
:app:app:compileDebugKotlin,Remove duplicate classes,8.08,7.88,7,7,13,12,ms
:app:app:compileDebugKotlin,Run compilation,4095.88,3603.86,4086,3808,5256,4748,ms
:app:app:compileDebugKotlin,Shrink current classpath snapshot non-incrementally,55.28,46.64,52,43,87,74,ms
:app:app:compileDebugKotlin,Spent time before task action,114.96,94.1,107,90,201,156,ms
:app:app:compileDebugKotlin,Analysis lines per second,358,416,335,371,501,631,
:app:app:compileDebugKotlin,Total size of the cache directory,606.9,606.9,607,607,607,607,KB
:app:app:compileDebugKotlin,Number of cache hits when loading classpath entry snapshots,101,101,101,101,101,101,
:app:app:compileDebugKotlin,Number of lines analyzed,485,485,485,485,485,485,
:app:app:compileDebugKotlin,Size of shrunk classpath snapshot,57.3,57.3,57,57,57,57,KB
:app:app:compileDebugKotlin,Number of cache misses when loading classpath entry snapshots,51,51,51,51,51,51,
:app:app:compileDebugKotlin,Total compiler iteration,1,1,1,1,1,1,
:app:app:compileDebugKotlin,Number of times classpath snapshot is shrunk and saved after compilation,1,1,1,1,1,1,
:app:app:compileDebugKotlin,Number of times classpath snapshot is loaded,1,1,1,1,1,1,
:app:app:compileDebugKotlin,Code generation lines per second,781,875,733,802,1101,1240,
:app:app:compileDebugKotlin,ABI snapshot size,18.0,18.0,18,18,18,18,B
:app:app:compileDebugKotlin,Size of classpath snapshot,7.3,7.3,7,7,7,7,MB
:app:app:compileDebugKotlin,Number of classpath entries,152,152,152,152,152,152,
:app:app:compileDebugKotlin,Store build info,3.25,3.0,3,3,6,3,ms
:app:app:compileDebugKotlin,Save shrunk current classpath snapshot,4.25,2.43,5,3,6,5,ms
:app:app:compileDebugKotlin,Clear output,1.0,2.0,1,2,1,3,ms
:core:account:compileDebugKotlin,Sources compilation round,5098.0,4848.94,5021,4896,5959,5653,ms
:core:account:compileDebugKotlin,Incremental compilation in daemon,5550.1,5318.42,5503,5296,6357,6126,ms
:core:account:compileDebugKotlin,Task action before worker execution,125.08,129.56,29,27,301,293,ms
:core:account:compileDebugKotlin,Start gradle worker,9.64,9.56,4,4,21,23,ms
:core:account:compileDebugKotlin,Compiler initialization time,130.48,120.84,125,119,164,163,ms
:core:account:compileDebugKotlin,Calculate output size,3.48,4.04,3,4,7,8,ms
:core:account:compileDebugKotlin,Compiler IR lowering,656.14,599.68,643,556,992,853,ms
:core:account:compileDebugKotlin,Compiler translation to IR,878.98,851.76,830,823,1103,1054,ms
:core:account:compileDebugKotlin,Compiler backend,792.78,733.94,818,718,990,1036,ms
:core:account:compileDebugKotlin,Compiler code analysis,2147.72,2048.98,2089,2019,2558,2350,ms
:core:account:compileDebugKotlin,Run compilation in Gradle worker,6442.26,6182.48,6358,6242,7344,7056,ms
:core:account:compileDebugKotlin,Load current classpath snapshot,82.34,82.0,78,79,107,108,ms
:core:account:compileDebugKotlin,Update caches,20.74,22.28,20,23,30,32,ms
:core:account:compileDebugKotlin,Total Gradle task time,6781.14,6517.7,6768,6739,7671,7354,ms
:core:account:compileDebugKotlin,Shrink and save current classpath snapshot after compilation,165.12,161.54,157,161,220,209,ms
:core:account:compileDebugKotlin,Store build info,4.0,,4,,6,,ms
:core:account:compileDebugKotlin,Compiler code generation,1449.46,1334.1,1410,1305,1732,1658,ms
:core:account:compileDebugKotlin,Remove duplicate classes,14.24,11.88,13,12,21,19,ms
:core:account:compileDebugKotlin,Run compilation,5735.06,5484.94,5653,5448,6675,6268,ms
:core:account:compileDebugKotlin,Shrink current classpath snapshot non-incrementally,76.8,73.42,74,76,116,97,ms
:core:account:compileDebugKotlin,Save shrunk current classpath snapshot,3.5,3.78,3,4,7,7,ms
:core:account:compileDebugKotlin,Spent time before task action,91.98,86.16,68,74,143,149,ms
:core:account:compileDebugKotlin,Analysis lines per second,196,207,200,207,225,235,
:core:account:compileDebugKotlin,Total size of the cache directory,543.4,543.4,543,543,543,543,KB
:core:account:compileDebugKotlin,Number of cache hits when loading classpath entry snapshots,73,75,74,79,91,87,
:core:account:compileDebugKotlin,Number of lines analyzed,418,418,418,418,418,418,
:core:account:compileDebugKotlin,Size of shrunk classpath snapshot,46.4,46.4,46,46,46,46,KB
:core:account:compileDebugKotlin,Number of cache misses when loading classpath entry snapshots,28,26,29,24,49,43,
:core:account:compileDebugKotlin,Total compiler iteration,1,1,1,1,1,1,
:core:account:compileDebugKotlin,Number of times classpath snapshot is shrunk and saved after compilation,1,1,1,1,1,1,
:core:account:compileDebugKotlin,Number of times classpath snapshot is loaded,1,1,1,1,1,1,
:core:account:compileDebugKotlin,Code generation lines per second,293,319,296,320,352,373,
:core:account:compileDebugKotlin,ABI snapshot size,18.0,18.0,18,18,18,18,B
:core:account:compileDebugKotlin,Size of classpath snapshot,5.7,5.7,6,6,6,6,MB
:core:account:compileDebugKotlin,Number of classpath entries,102,102,102,102,102,102,
:core:account:compileDebugKotlin,Clear output,2.0,1.67,2,1,3,3,ms
:core:account:compileDebugKotlin,Clear outputs on rebuild,3.0,,3,,3,,ms
:core:alarm:compileDebugKotlin,Sources compilation round,5092.56,4850.34,5017,4855,5960,5634,ms
:core:alarm:compileDebugKotlin,Incremental compilation in daemon,5549.48,5315.4,5506,5284,6352,6096,ms
:core:alarm:compileDebugKotlin,Task action before worker execution,68.0,84.24,22,21,266,315,ms
:core:alarm:compileDebugKotlin,Start gradle worker,5.4,7.16,2,2,16,24,ms
:core:alarm:compileDebugKotlin,Compiler initialization time,127.84,120.36,126,112,172,165,ms
:core:alarm:compileDebugKotlin,Calculate output size,4.32,3.98,4,4,8,8,ms
:core:alarm:compileDebugKotlin,Compiler IR lowering,603.48,598.22,533,545,945,857,ms
:core:alarm:compileDebugKotlin,Compiler translation to IR,887.28,855.68,865,810,1117,1073,ms
:core:alarm:compileDebugKotlin,Compiler backend,843.16,748.96,847,774,1099,984,ms
:core:alarm:compileDebugKotlin,Compiler code analysis,2143.94,2046.82,2106,2054,2503,2404,ms
:core:alarm:compileDebugKotlin,Run compilation in Gradle worker,6402.72,6153.04,6298,6174,7401,6959,ms
:core:alarm:compileDebugKotlin,Load current classpath snapshot,81.6,81.56,76,81,105,109,ms
:core:alarm:compileDebugKotlin,Update caches,20.8,21.88,20,22,31,32,ms
:core:alarm:compileDebugKotlin,Total Gradle task time,6651.84,6423.52,6548,6365,7645,7462,ms
:core:alarm:compileDebugKotlin,Shrink and save current classpath snapshot after compilation,164.14,162.32,158,158,214,207,ms
:core:alarm:compileDebugKotlin,Compiler code generation,1447.1,1347.68,1454,1348,1711,1610,ms
:core:alarm:compileDebugKotlin,Remove duplicate classes,14.3,13.64,14,13,22,21,ms
:core:alarm:compileDebugKotlin,Run compilation,5735.96,5484.32,5654,5448,6676,6269,ms
:core:alarm:compileDebugKotlin,Shrink current classpath snapshot non-incrementally,76.52,74.08,77,75,105,94,ms
:core:alarm:compileDebugKotlin,Save shrunk current classpath snapshot,3.7,4.88,3,4,8,8,ms
:core:alarm:compileDebugKotlin,Spent time before task action,62.32,66.6,47,45,130,144,ms
:core:alarm:compileDebugKotlin,Analysis lines per second,196,208,198,203,225,239,
:core:alarm:compileDebugKotlin,Total size of the cache directory,542.6,542.6,543,543,543,543,KB
:core:alarm:compileDebugKotlin,Number of cache hits when loading classpath entry snapshots,79,74,81,76,93,88,
:core:alarm:compileDebugKotlin,Number of lines analyzed,418,418,418,418,418,418,
:core:alarm:compileDebugKotlin,Size of shrunk classpath snapshot,46.4,46.4,46,46,46,46,KB
:core:alarm:compileDebugKotlin,Number of cache misses when loading classpath entry snapshots,22,27,21,26,39,39,
:core:alarm:compileDebugKotlin,Total compiler iteration,1,1,1,1,1,1,
:core:alarm:compileDebugKotlin,Number of times classpath snapshot is shrunk and saved after compilation,1,1,1,1,1,1,
:core:alarm:compileDebugKotlin,Number of times classpath snapshot is loaded,1,1,1,1,1,1,
:core:alarm:compileDebugKotlin,Code generation lines per second,293,316,287,310,345,400,
:core:alarm:compileDebugKotlin,ABI snapshot size,18.0,18.0,18,18,18,18,B
:core:alarm:compileDebugKotlin,Size of classpath snapshot,5.7,5.7,6,6,6,6,MB
:core:alarm:compileDebugKotlin,Number of classpath entries,102,102,102,102,102,102,
:core:alarm:compileDebugKotlin,Store build info,3.67,,4,,4,,ms
:core:alarm:compileDebugKotlin,Clear output,3.0,3.0,3,3,3,3,ms
:core:analytics:compileDebugKotlin,Sources compilation round,5095.2,4860.04,5014,4891,5955,5645,ms
:core:analytics:compileDebugKotlin,Incremental compilation in daemon,5558.1,5319.88,5513,5301,6399,6135,ms
:core:analytics:compileDebugKotlin,Task action before worker execution,49.24,63.72,17,20,203,233,ms
:core:analytics:compileDebugKotlin,Start gradle worker,3.64,6.58,2,3,15,21,ms
:core:analytics:compileDebugKotlin,Compiler initialization time,128.42,120.0,122,115,160,167,ms
:core:analytics:compileDebugKotlin,Calculate output size,4.18,3.56,4,4,8,6,ms
:core:analytics:compileDebugKotlin,Compiler IR lowering,655.6,602.8,641,594,943,834,ms
:core:analytics:compileDebugKotlin,Compiler translation to IR,869.2,848.98,850,799,1119,1119,ms
:core:analytics:compileDebugKotlin,Compiler backend,819.5,752.62,837,727,1089,1070,ms
:core:analytics:compileDebugKotlin,Compiler code analysis,2133.66,2073.06,2099,2044,2553,2552,ms
:core:analytics:compileDebugKotlin,Run compilation in Gradle worker,6340.9,6109.5,6252,6126,7276,6895,ms
:core:analytics:compileDebugKotlin,Load current classpath snapshot,81.94,79.64,79,81,105,106,ms
:core:analytics:compileDebugKotlin,Update caches,21.66,21.82,21,22,33,32,ms
:core:analytics:compileDebugKotlin,Total Gradle task time,6567.84,6353.1,6483,6376,7455,7164,ms
:core:analytics:compileDebugKotlin,Shrink and save current classpath snapshot after compilation,166.16,158.16,164,156,218,203,ms
:core:analytics:compileDebugKotlin,Compiler code generation,1475.54,1355.88,1474,1365,1782,1656,ms
:core:analytics:compileDebugKotlin,Remove duplicate classes,13.74,12.9,13,13,21,19,ms
:core:analytics:compileDebugKotlin,Run compilation,5737.08,5487.62,5653,5481,6672,6268,ms
:core:analytics:compileDebugKotlin,Shrink current classpath snapshot non-incrementally,78.2,71.7,80,75,117,97,ms
:core:analytics:compileDebugKotlin,Save shrunk current classpath snapshot,4.02,4.61,3,5,6,8,ms
:core:analytics:compileDebugKotlin,Spent time before task action,61.02,66.86,48,49,136,139,ms
:core:analytics:compileDebugKotlin,Analysis lines per second,197,205,199,204,230,240,
:core:analytics:compileDebugKotlin,Total size of the cache directory,544.1,544.1,544,544,544,544,KB
:core:analytics:compileDebugKotlin,Number of cache hits when loading classpath entry snapshots,74,77,74,76,90,97,
:core:analytics:compileDebugKotlin,Number of lines analyzed,418,418,418,418,418,418,
:core:analytics:compileDebugKotlin,Size of shrunk classpath snapshot,46.4,46.4,46,46,46,46,KB
:core:analytics:compileDebugKotlin,Number of cache misses when loading classpath entry snapshots,27,25,28,26,43,42,
:core:analytics:compileDebugKotlin,Total compiler iteration,1,1,1,1,1,1,
:core:analytics:compileDebugKotlin,Number of times classpath snapshot is shrunk and saved after compilation,1,1,1,1,1,1,
:core:analytics:compileDebugKotlin,Number of times classpath snapshot is loaded,1,1,1,1,1,1,
:core:analytics:compileDebugKotlin,Code generation lines per second,288,314,284,306,347,362,
:core:analytics:compileDebugKotlin,ABI snapshot size,18.0,18.0,18,18,18,18,B
:core:analytics:compileDebugKotlin,Size of classpath snapshot,5.7,5.7,6,6,6,6,MB
:core:analytics:compileDebugKotlin,Number of classpath entries,102,102,102,102,102,102,
:core:analytics:compileDebugKotlin,Clear outputs on rebuild,4.67,,5,,5,,ms
:core:analytics:compileDebugKotlin,Store build info,1.0,2.0,1,2,1,3,ms
:core:article:compileDebugKotlin,Sources compilation round,5097.84,4848.78,5020,4852,5966,5644,ms
:core:article:compileDebugKotlin,Incremental compilation in daemon,5553.74,5321.02,5491,5305,6360,6140,ms
:core:article:compileDebugKotlin,Clear outputs on rebuild,1.67,2.67,2,2,2,5,ms
:core:article:compileDebugKotlin,Task action before worker execution,79.34,46.06,19,16,242,217,ms
:core:article:compileDebugKotlin,Start gradle worker,7.52,4.18,4,2,21,16,ms
:core:article:compileDebugKotlin,Compiler initialization time,129.18,120.9,127,120,171,159,ms
:core:article:compileDebugKotlin,Calculate output size,3.84,3.54,4,4,7,7,ms
:core:article:compileDebugKotlin,Compiler IR lowering,650.52,625.12,657,638,958,849,ms
:core:article:compileDebugKotlin,Compiler translation to IR,872.82,849.34,842,816,1044,1037,ms
:core:article:compileDebugKotlin,Compiler backend,792.88,713.44,813,660,1039,1037,ms
:core:article:compileDebugKotlin,Compiler code analysis,2150.86,2055.34,2141,2032,2530,2422,ms
:core:article:compileDebugKotlin,Run compilation in Gradle worker,6326.38,6048.98,6211,6073,7243,6838,ms
:core:article:compileDebugKotlin,Load current classpath snapshot,81.26,81.72,80,81,101,108,ms
:core:article:compileDebugKotlin,Update caches,19.04,22.4,17,22,30,31,ms
:core:article:compileDebugKotlin,Total Gradle task time,6590.3,6269.08,6424,6245,7453,7094,ms
:core:article:compileDebugKotlin,Shrink and save current classpath snapshot after compilation,168.16,163.06,163,162,223,204,ms
:core:article:compileDebugKotlin,Compiler code generation,1443.8,1339.02,1413,1305,1759,1659,ms
:core:article:compileDebugKotlin,Remove duplicate classes,14.34,13.44,13,14,22,20,ms
:core:article:compileDebugKotlin,Run compilation,5736.1,5484.58,5652,5445,6675,6276,ms
:core:article:compileDebugKotlin,Shrink current classpath snapshot non-incrementally,80.84,74.96,78,77,117,96,ms
:core:article:compileDebugKotlin,Save shrunk current classpath snapshot,3.82,3.98,3,4,6,7,ms
:core:article:compileDebugKotlin,Spent time before task action,65.54,58.74,42,40,125,147,ms
:core:article:compileDebugKotlin,Analysis lines per second,196,206,195,205,228,240,
:core:article:compileDebugKotlin,Total size of the cache directory,543.4,543.4,543,543,543,543,KB
:core:article:compileDebugKotlin,Number of cache hits when loading classpath entry snapshots,76,76,78,78,93,90,
:core:article:compileDebugKotlin,Number of lines analyzed,418,418,418,418,418,418,
:core:article:compileDebugKotlin,Size of shrunk classpath snapshot,46.4,46.4,46,46,46,46,KB
:core:article:compileDebugKotlin,Number of cache misses when loading classpath entry snapshots,25,25,25,24,43,39,
:core:article:compileDebugKotlin,Total compiler iteration,1,1,1,1,1,1,
:core:article:compileDebugKotlin,Number of times classpath snapshot is shrunk and saved after compilation,1,1,1,1,1,1,
:core:article:compileDebugKotlin,Number of times classpath snapshot is loaded,1,1,1,1,1,1,
:core:article:compileDebugKotlin,Code generation lines per second,294,319,295,320,353,383,
:core:article:compileDebugKotlin,ABI snapshot size,18.0,18.0,18,18,18,18,B
:core:article:compileDebugKotlin,Size of classpath snapshot,5.7,5.7,6,6,6,6,MB
:core:article:compileDebugKotlin,Number of classpath entries,102,102,102,102,102,102,
:core:article:compileDebugKotlin,Clear output,1.0,1.0,1,1,1,1,ms
:core:article:compileDebugKotlin,Store build info,9.0,1.5,9,2,9,2,ms
:core:audio:compileDebugKotlin,Sources compilation round,3978.7,3920.04,4003,3956,4817,4581,ms
:core:audio:compileDebugKotlin,Incremental compilation in daemon,4289.18,4215.12,4303,4343,5147,4899,ms
:core:audio:compileDebugKotlin,Task action before worker execution,26.28,24.84,23,25,42,38,ms
:core:audio:compileDebugKotlin,Start gradle worker,3.66,3.56,3,3,7,8,ms
:core:audio:compileDebugKotlin,Compiler initialization time,158.72,164.04,145,156,234,282,ms
:core:audio:compileDebugKotlin,Calculate output size,3.72,3.52,4,4,9,8,ms
:core:audio:compileDebugKotlin,Compiler IR lowering,375.46,375.74,361,356,510,498,ms
:core:audio:compileDebugKotlin,Compiler translation to IR,677.18,712.84,664,709,870,919,ms
:core:audio:compileDebugKotlin,Compiler backend,497.04,471.56,471,474,740,651,ms
:core:audio:compileDebugKotlin,Compiler code analysis,1843.64,1755.72,1806,1775,2284,2270,ms
:core:audio:compileDebugKotlin,Run compilation in Gradle worker,4495.5,4431.14,4493,4490,5332,5164,ms
:core:audio:compileDebugKotlin,Load current classpath snapshot,18.8,13.36,13,13,20,21,ms
:core:audio:compileDebugKotlin,Update caches,12.7,12.08,12,11,19,18,ms
:core:audio:compileDebugKotlin,Total Gradle task time,4744.14,4655.76,4741,4735,5613,5403,ms
:core:audio:compileDebugKotlin,Shrink and save current classpath snapshot after compilation,97.84,91.1,83,81,220,136,ms
:core:audio:compileDebugKotlin,Compiler code generation,873.0,847.9,837,821,1165,1139,ms
:core:audio:compileDebugKotlin,Remove duplicate classes,17.56,12.28,12,11,19,19,ms
:core:audio:compileDebugKotlin,Run compilation,4369.88,4291.96,4379,4408,5237,4981,ms
:core:audio:compileDebugKotlin,Shrink current classpath snapshot non-incrementally,75.4,72.78,60,61,123,104,ms
:core:audio:compileDebugKotlin,Spent time before task action,66.38,69.4,60,64,105,98,ms
:core:audio:compileDebugKotlin,Analysis lines per second,231,248,231,235,283,311,
:core:audio:compileDebugKotlin,Total size of the cache directory,542.6,542.6,543,543,543,543,KB
:core:audio:compileDebugKotlin,Number of cache hits when loading classpath entry snapshots,101,101,101,101,101,101,
:core:audio:compileDebugKotlin,Number of lines analyzed,418,418,418,418,418,418,
:core:audio:compileDebugKotlin,Size of shrunk classpath snapshot,46.4,46.4,46,46,46,46,KB
:core:audio:compileDebugKotlin,Number of cache misses when loading classpath entry snapshots,1,1,1,1,1,1,
:core:audio:compileDebugKotlin,Total compiler iteration,1,1,1,1,1,1,
:core:audio:compileDebugKotlin,Number of times classpath snapshot is shrunk and saved after compilation,1,1,1,1,1,1,
:core:audio:compileDebugKotlin,Number of times classpath snapshot is loaded,1,1,1,1,1,1,
:core:audio:compileDebugKotlin,Code generation lines per second,502,523,499,509,687,745,
:core:audio:compileDebugKotlin,ABI snapshot size,18.0,18.0,18,18,18,18,B
:core:audio:compileDebugKotlin,Size of classpath snapshot,5.7,5.7,6,6,6,6,MB
:core:audio:compileDebugKotlin,Number of classpath entries,102,102,102,102,102,102,
:core:audio:compileDebugKotlin,Save shrunk current classpath snapshot,2.74,3.88,2,3,7,8,ms
:core:audio:compileDebugKotlin,Clear outputs on rebuild,2.0,4.67,2,5,2,8,ms
:core:audio:compileDebugKotlin,Clear output,1.0,3.33,1,3,1,6,ms
:core:calendar:compileDebugKotlin,Sources compilation round,3861.48,3772.4,3876,3781,4366,4536,ms
:core:calendar:compileDebugKotlin,Incremental compilation in daemon,4176.04,4059.0,4159,4083,4778,4826,ms
:core:calendar:compileDebugKotlin,Task action before worker execution,25.6,26.3,25,24,37,40,ms
:core:calendar:compileDebugKotlin,Start gradle worker,3.3,3.88,3,3,7,9,ms
:core:calendar:compileDebugKotlin,Compiler initialization time,118.1,138.48,94,108,221,260,ms
:core:calendar:compileDebugKotlin,Calculate output size,3.78,2.98,3,3,8,7,ms
:core:calendar:compileDebugKotlin,Compiler IR lowering,377.0,374.68,372,376,495,496,ms
:core:calendar:compileDebugKotlin,Compiler translation to IR,689.42,709.86,672,688,851,982,ms
:core:calendar:compileDebugKotlin,Compiler backend,520.74,483.18,501,475,658,670,ms
:core:calendar:compileDebugKotlin,Compiler code analysis,1720.06,1654.84,1675,1638,2141,2028,ms
:core:calendar:compileDebugKotlin,Run compilation in Gradle worker,4307.7,4179.76,4284,4203,4866,4947,ms
:core:calendar:compileDebugKotlin,Load current classpath snapshot,14.28,12.56,13,11,24,20,ms
:core:calendar:compileDebugKotlin,Update caches,20.6,12.34,12,11,23,20,ms
:core:calendar:compileDebugKotlin,Total Gradle task time,4559.48,4395.62,4561,4428,5037,5179,ms
:core:calendar:compileDebugKotlin,Shrink and save current classpath snapshot after compilation,106.7,84.58,91,77,193,148,ms
:core:calendar:compileDebugKotlin,Compiler code generation,898.2,858.26,885,852,1087,1134,ms
:core:calendar:compileDebugKotlin,Remove duplicate classes,13.24,11.66,12,11,20,17,ms
:core:calendar:compileDebugKotlin,Run compilation,4249.4,4135.84,4249,4162,4831,4899,ms
:core:calendar:compileDebugKotlin,Shrink current classpath snapshot non-incrementally,88.4,66.04,74,61,178,101,ms
:core:calendar:compileDebugKotlin,Spent time before task action,65.76,66.82,65,63,96,96,ms
:core:calendar:compileDebugKotlin,Analysis lines per second,248,259,249,255,294,326,
:core:calendar:compileDebugKotlin,Total size of the cache directory,543.8,543.8,544,544,544,544,KB
:core:calendar:compileDebugKotlin,Number of cache hits when loading classpath entry snapshots,101,101,101,101,101,101,
:core:calendar:compileDebugKotlin,Number of lines analyzed,418,418,418,418,418,418,
:core:calendar:compileDebugKotlin,Size of shrunk classpath snapshot,46.4,46.4,46,46,46,46,KB
:core:calendar:compileDebugKotlin,Number of cache misses when loading classpath entry snapshots,1,1,1,1,1,1,
:core:calendar:compileDebugKotlin,Total compiler iteration,1,1,1,1,1,1,
:core:calendar:compileDebugKotlin,Number of times classpath snapshot is shrunk and saved after compilation,1,1,1,1,1,1,
:core:calendar:compileDebugKotlin,Number of times classpath snapshot is loaded,1,1,1,1,1,1,
:core:calendar:compileDebugKotlin,Code generation lines per second,481,523,472,490,608,775,
:core:calendar:compileDebugKotlin,ABI snapshot size,18.0,18.0,18,18,18,18,B
:core:calendar:compileDebugKotlin,Size of classpath snapshot,5.7,5.7,6,6,6,6,MB
:core:calendar:compileDebugKotlin,Number of classpath entries,102,102,102,102,102,102,
:core:calendar:compileDebugKotlin,Clear outputs on rebuild,2.67,2.0,2,2,5,3,ms
:core:calendar:compileDebugKotlin,Save shrunk current classpath snapshot,2.75,7.21,3,3,5,11,ms
:core:calendar:compileDebugKotlin,Store build info,5.0,4.0,5,4,5,5,ms
:core:calendar:compileDebugKotlin,Clear output,3.0,3.33,3,2,3,6,ms
:core:cart:compileDebugKotlin,Sources compilation round,3638.74,3632.24,3586,3634,4154,4467,ms
:core:cart:compileDebugKotlin,Incremental compilation in daemon,3976.82,3901.52,3966,3945,4508,4699,ms
:core:cart:compileDebugKotlin,Task action before worker execution,28.16,29.7,29,30,40,41,ms
:core:cart:compileDebugKotlin,Start gradle worker,3.2,3.34,3,3,6,6,ms
:core:cart:compileDebugKotlin,Compiler initialization time,98.08,97.46,85,89,161,188,ms
:core:cart:compileDebugKotlin,Calculate output size,3.34,3.96,3,4,7,8,ms
:core:cart:compileDebugKotlin,Compiler IR lowering,355.02,343.04,361,327,448,478,ms
:core:cart:compileDebugKotlin,Compiler translation to IR,689.74,724.26,644,731,904,934,ms
:core:cart:compileDebugKotlin,Compiler backend,521.22,472.94,476,473,734,675,ms
:core:cart:compileDebugKotlin,Compiler code analysis,1601.1,1593.48,1553,1623,1926,1957,ms
:core:cart:compileDebugKotlin,Run compilation in Gradle worker,4104.52,4018.14,4066,4032,4743,4775,ms
:core:cart:compileDebugKotlin,Load current classpath snapshot,14.36,14.06,14,11,23,20,ms
:core:cart:compileDebugKotlin,Update caches,25.58,11.0,12,11,22,17,ms
:core:cart:compileDebugKotlin,Total Gradle task time,4359.46,4234.0,4323,4302,4977,5004,ms
:core:cart:compileDebugKotlin,Shrink and save current classpath snapshot after compilation,101.34,69.36,81,68,218,108,ms
:core:cart:compileDebugKotlin,Compiler code generation,876.74,816.36,832,813,1128,1100,ms
:core:cart:compileDebugKotlin,Remove duplicate classes,13.2,13.18,13,10,19,18,ms
:core:cart:compileDebugKotlin,Run compilation,4086.3,3990.24,4058,4006,4726,4762,ms
:core:cart:compileDebugKotlin,Shrink current classpath snapshot non-incrementally,82.28,51.58,63,51,192,83,ms
:core:cart:compileDebugKotlin,Spent time before task action,74.68,67.32,75,64,98,108,ms
:core:cart:compileDebugKotlin,Analysis lines per second,264,271,269,257,301,330,
:core:cart:compileDebugKotlin,Total size of the cache directory,542.0,542.0,542,542,542,542,KB
:core:cart:compileDebugKotlin,Number of cache hits when loading classpath entry snapshots,101,101,101,101,101,101,
:core:cart:compileDebugKotlin,Number of lines analyzed,418,418,418,418,418,418,
:core:cart:compileDebugKotlin,Size of shrunk classpath snapshot,46.4,46.4,46,46,46,46,KB
:core:cart:compileDebugKotlin,Number of cache misses when loading classpath entry snapshots,1,1,1,1,1,1,
:core:cart:compileDebugKotlin,Total compiler iteration,1,1,1,1,1,1,
:core:cart:compileDebugKotlin,Number of times classpath snapshot is shrunk and saved after compilation,1,1,1,1,1,1,
:core:cart:compileDebugKotlin,Number of times classpath snapshot is loaded,1,1,1,1,1,1,
:core:cart:compileDebugKotlin,Code generation lines per second,500,544,502,514,673,768,
:core:cart:compileDebugKotlin,ABI snapshot size,18.0,18.0,18,18,18,18,B
:core:cart:compileDebugKotlin,Size of classpath snapshot,5.7,5.7,6,6,6,6,MB
:core:cart:compileDebugKotlin,Number of classpath entries,102,102,102,102,102,102,
:core:cart:compileDebugKotlin,Save shrunk current classpath snapshot,4.22,2.88,4,3,9,6,ms
:core:cart:compileDebugKotlin,Clear output,2.67,2.0,3,2,3,2,ms
:core:cart:compileDebugKotlin,Store build info,3.33,4.67,2,6,6,7,ms
:core:cart:compileDebugKotlin,Clear outputs on rebuild,2.0,,2,,2,,ms
:core:checkout:compileDebugKotlin,Sources compilation round,3608.12,3545.7,3609,3552,4204,4371,ms
:core:checkout:compileDebugKotlin,Incremental compilation in daemon,3891.14,3800.12,3890,3858,4508,4607,ms
:core:checkout:compileDebugKotlin,Task action before worker execution,27.84,29.92,27,31,39,42,ms
:core:checkout:compileDebugKotlin,Start gradle worker,3.5,3.6,3,3,7,7,ms
:core:checkout:compileDebugKotlin,Compiler initialization time,84.64,80.28,77,72,163,119,ms
:core:checkout:compileDebugKotlin,Calculate output size,3.36,3.16,3,3,6,7,ms
:core:checkout:compileDebugKotlin,Compiler IR lowering,378.76,347.46,367,340,535,460,ms
:core:checkout:compileDebugKotlin,Compiler translation to IR,661.22,689.4,652,650,848,933,ms
:core:checkout:compileDebugKotlin,Compiler backend,559.26,517.8,496,508,886,707,ms
:core:checkout:compileDebugKotlin,Compiler code analysis,1567.78,1546.66,1525,1563,1932,1949,ms
:core:checkout:compileDebugKotlin,Run compilation in Gradle worker,3993.46,3898.4,3983,3956,4604,4685,ms
:core:checkout:compileDebugKotlin,Load current classpath snapshot,11.96,11.96,11,11,21,20,ms
:core:checkout:compileDebugKotlin,Update caches,15.36,12.74,11,12,20,21,ms
:core:checkout:compileDebugKotlin,Total Gradle task time,4236.02,4120.74,4209,4172,4836,4932,ms
:core:checkout:compileDebugKotlin,Shrink and save current classpath snapshot after compilation,82.1,72.0,70,72,139,108,ms
:core:checkout:compileDebugKotlin,Compiler code generation,938.52,865.72,864,841,1325,1152,ms
:core:checkout:compileDebugKotlin,Remove duplicate classes,11.36,11.06,10,10,20,18,ms
:core:checkout:compileDebugKotlin,Run compilation,3974.98,3877.74,3971,3942,4594,4673,ms
:core:checkout:compileDebugKotlin,Shrink current classpath snapshot non-incrementally,65.6,56.12,54,55,120,86,ms
:core:checkout:compileDebugKotlin,Spent time before task action,77.02,79.12,71,76,108,99,ms
:core:checkout:compileDebugKotlin,Analysis lines per second,271,282,274,267,318,368,
:core:checkout:compileDebugKotlin,Total size of the cache directory,543.5,543.5,544,544,544,544,KB
:core:checkout:compileDebugKotlin,Number of cache hits when loading classpath entry snapshots,101,101,101,101,101,101,
:core:checkout:compileDebugKotlin,Number of lines analyzed,418,418,418,418,418,418,
:core:checkout:compileDebugKotlin,Size of shrunk classpath snapshot,46.4,46.4,46,46,46,46,KB
:core:checkout:compileDebugKotlin,Number of cache misses when loading classpath entry snapshots,1,1,1,1,1,1,
:core:checkout:compileDebugKotlin,Total compiler iteration,1,1,1,1,1,1,
:core:checkout:compileDebugKotlin,Number of times classpath snapshot is shrunk and saved after compilation,1,1,1,1,1,1,
:core:checkout:compileDebugKotlin,Number of times classpath snapshot is loaded,1,1,1,1,1,1,
:core:checkout:compileDebugKotlin,Code generation lines per second,471,508,483,496,600,700,
:core:checkout:compileDebugKotlin,ABI snapshot size,18.0,18.0,18,18,18,18,B
:core:checkout:compileDebugKotlin,Size of classpath snapshot,5.7,5.7,6,6,6,6,MB
:core:checkout:compileDebugKotlin,Number of classpath entries,102,102,102,102,102,102,
:core:checkout:compileDebugKotlin,Save shrunk current classpath snapshot,3.17,3.07,3,3,6,7,ms
:core:checkout:compileDebugKotlin,Clear outputs on rebuild,2.0,,2,,2,,ms
:core:checkout:compileDebugKotlin,Clear output,2.0,3.67,2,3,2,5,ms
:core:comment:compileDebugKotlin,Sources compilation round,3401.06,3156.92,3360,3235,3943,3712,ms
:core:comment:compileDebugKotlin,Incremental compilation in daemon,3610.84,3386.32,3563,3435,4166,3900,ms
:core:comment:compileDebugKotlin,Task action before worker execution,22.08,22.72,22,20,34,33,ms
:core:comment:compileDebugKotlin,Start gradle worker,3.18,2.96,3,2,6,6,ms
:core:comment:compileDebugKotlin,Compiler initialization time,118.84,112.0,122,109,157,159,ms
:core:comment:compileDebugKotlin,Calculate output size,3.2,2.96,3,2,7,7,ms
:core:comment:compileDebugKotlin,Compiler IR lowering,293.54,289.92,302,293,363,369,ms
:core:comment:compileDebugKotlin,Compiler translation to IR,573.28,542.34,568,540,717,658,ms
:core:comment:compileDebugKotlin,Compiler backend,333.96,329.64,337,335,439,452,ms
:core:comment:compileDebugKotlin,Compiler code analysis,1701.34,1509.34,1675,1437,2059,1927,ms
:core:comment:compileDebugKotlin,Run compilation in Gradle worker,3804.64,3563.06,3790,3576,4373,4092,ms
:core:comment:compileDebugKotlin,Load current classpath snapshot,11.38,11.1,11,10,18,17,ms
:core:comment:compileDebugKotlin,Update caches,9.58,9.7,10,10,15,15,ms
:core:comment:compileDebugKotlin,Total Gradle task time,4021.04,3767.28,4000,3795,4632,4337,ms
:core:comment:compileDebugKotlin,Shrink and save current classpath snapshot after compilation,63.58,65.26,64,66,84,101,ms
:core:comment:compileDebugKotlin,Compiler code generation,627.92,620.16,602,639,834,776,ms
:core:comment:compileDebugKotlin,Remove duplicate classes,10.42,10.48,10,10,16,17,ms
:core:comment:compileDebugKotlin,Run compilation,3669.54,3454.58,3624,3507,4234,3967,ms
:core:comment:compileDebugKotlin,Shrink current classpath snapshot non-incrementally,49.16,51.08,49,51,65,82,ms
:core:comment:compileDebugKotlin,Spent time before task action,59.4,60.82,55,52,82,87,ms
:core:comment:compileDebugKotlin,Analysis lines per second,249,286,249,291,298,353,
:core:comment:compileDebugKotlin,Total size of the cache directory,543.4,543.4,543,543,543,543,KB
:core:comment:compileDebugKotlin,Number of cache hits when loading classpath entry snapshots,101,101,101,101,101,101,
:core:comment:compileDebugKotlin,Number of lines analyzed,418,418,418,418,418,418,
:core:comment:compileDebugKotlin,Size of shrunk classpath snapshot,46.4,46.4,46,46,46,46,KB
:core:comment:compileDebugKotlin,Number of cache misses when loading classpath entry snapshots,1,1,1,1,1,1,
:core:comment:compileDebugKotlin,Total compiler iteration,1,1,1,1,1,1,
:core:comment:compileDebugKotlin,Number of times classpath snapshot is shrunk and saved after compilation,1,1,1,1,1,1,
:core:comment:compileDebugKotlin,Number of times classpath snapshot is loaded,1,1,1,1,1,1,
:core:comment:compileDebugKotlin,Code generation lines per second,691,699,695,654,925,914,
:core:comment:compileDebugKotlin,ABI snapshot size,18.0,18.0,18,18,18,18,B
:core:comment:compileDebugKotlin,Size of classpath snapshot,5.7,5.7,6,6,6,6,MB
:core:comment:compileDebugKotlin,Number of classpath entries,102,102,102,102,102,102,
:core:comment:compileDebugKotlin,Save shrunk current classpath snapshot,3.18,3.31,3,3,6,6,ms
:core:comment:compileDebugKotlin,Clear output,2.33,1.67,2,1,3,3,ms
:core:comment:compileDebugKotlin,Clear outputs on rebuild,6.0,6.0,6,6,6,6,ms
:core:comment:compileDebugKotlin,Generate compiler reference index,3.0,,3,,3,,ms
:core:contact:compileDebugKotlin,Sources compilation round,3201.44,3080.06,3137,3151,3697,3637,ms
:core:contact:compileDebugKotlin,Incremental compilation in daemon,3417.56,3301.44,3338,3383,3947,3835,ms
:core:contact:compileDebugKotlin,Task action before worker execution,31.96,22.26,25,21,43,32,ms
:core:contact:compileDebugKotlin,Start gradle worker,3.1,2.73,2,2,7,6,ms
:core:contact:compileDebugKotlin,Compiler initialization time,95.24,83.92,88,82,142,120,ms
:core:contact:compileDebugKotlin,Calculate output size,2.98,2.24,2,1,7,5,ms
:core:contact:compileDebugKotlin,Compiler IR lowering,265.66,283.24,269,282,337,373,ms
:core:contact:compileDebugKotlin,Compiler translation to IR,589.84,551.7,592,551,779,692,ms
:core:contact:compileDebugKotlin,Compiler backend,338.36,338.5,347,338,406,452,ms
:core:contact:compileDebugKotlin,Compiler code analysis,1553.08,1463.42,1566,1476,1938,1813,ms
:core:contact:compileDebugKotlin,Run compilation in Gradle worker,3541.02,3417.18,3437,3475,4190,3919,ms
:core:contact:compileDebugKotlin,Load current classpath snapshot,12.1,10.14,11,10,18,17,ms
:core:contact:compileDebugKotlin,Update caches,10.0,9.14,10,9,15,16,ms
:core:contact:compileDebugKotlin,Total Gradle task time,3782.5,3609.46,3683,3692,4392,4108,ms
:core:contact:compileDebugKotlin,Shrink and save current classpath snapshot after compilation,64.94,57.18,62,62,94,84,ms
:core:contact:compileDebugKotlin,Store build info,2.0,,2,,2,,ms
:core:contact:compileDebugKotlin,Compiler code generation,604.54,622.34,612,606,713,806,ms
:core:contact:compileDebugKotlin,Remove duplicate classes,11.32,9.44,11,9,18,16,ms
:core:contact:compileDebugKotlin,Run compilation,3493.96,3361.66,3410,3438,4028,3886,ms
:core:contact:compileDebugKotlin,Shrink current classpath snapshot non-incrementally,49.76,44.14,45,48,81,66,ms
:core:contact:compileDebugKotlin,Spent time before task action,67.28,59.48,63,54,93,76,ms
:core:contact:compileDebugKotlin,Analysis lines per second,275,296,266,283,346,388,
:core:contact:compileDebugKotlin,Total size of the cache directory,543.1,543.1,543,543,543,543,KB
:core:contact:compileDebugKotlin,Number of cache hits when loading classpath entry snapshots,101,101,101,101,101,101,
:core:contact:compileDebugKotlin,Number of lines analyzed,418,418,418,418,418,418,
:core:contact:compileDebugKotlin,Size of shrunk classpath snapshot,46.4,46.4,46,46,46,46,KB
:core:contact:compileDebugKotlin,Number of cache misses when loading classpath entry snapshots,1,1,1,1,1,1,
:core:contact:compileDebugKotlin,Total compiler iteration,1,1,1,1,1,1,
:core:contact:compileDebugKotlin,Number of times classpath snapshot is shrunk and saved after compilation,1,1,1,1,1,1,
:core:contact:compileDebugKotlin,Number of times classpath snapshot is loaded,1,1,1,1,1,1,
:core:contact:compileDebugKotlin,Code generation lines per second,708,703,682,690,898,831,
:core:contact:compileDebugKotlin,ABI snapshot size,18.0,18.0,18,18,18,18,B
:core:contact:compileDebugKotlin,Size of classpath snapshot,5.7,5.7,6,6,6,6,MB
:core:contact:compileDebugKotlin,Number of classpath entries,102,102,102,102,102,102,
:core:contact:compileDebugKotlin,Save shrunk current classpath snapshot,3.14,4.14,3,3,5,8,ms
:core:contact:compileDebugKotlin,Clear outputs on rebuild,3.0,5.0,3,5,5,5,ms
:core:contact:compileDebugKotlin,Clear output,2.33,3.0,2,3,3,5,ms
:core:document:compileDebugKotlin,Sources compilation round,3044.64,2889.36,3026,2906,3577,3439,ms
:core:document:compileDebugKotlin,Incremental compilation in daemon,3255.12,3114.32,3215,3161,3750,3715,ms
:core:document:compileDebugKotlin,Task action before worker execution,29.86,28.22,28,25,41,35,ms
:core:document:compileDebugKotlin,Start gradle worker,3.6,3.02,3,2,8,6,ms
:core:document:compileDebugKotlin,Compiler initialization time,74.3,77.2,74,76,107,102,ms
:core:document:compileDebugKotlin,Calculate output size,3.06,2.84,3,2,7,7,ms
:core:document:compileDebugKotlin,Compiler IR lowering,291.58,285.82,288,286,361,352,ms
:core:document:compileDebugKotlin,Compiler translation to IR,539.66,535.14,529,532,654,661,ms
:core:document:compileDebugKotlin,Compiler backend,344.62,330.24,344,322,428,446,ms
:core:document:compileDebugKotlin,Compiler code analysis,1447.64,1334.16,1472,1288,1844,1675,ms
:core:document:compileDebugKotlin,Run compilation in Gradle worker,3340.18,3212.86,3298,3279,3826,3795,ms
:core:document:compileDebugKotlin,Load current classpath snapshot,10.18,10.34,10,10,16,17,ms
:core:document:compileDebugKotlin,Update caches,9.52,8.76,9,8,14,15,ms
:core:document:compileDebugKotlin,Total Gradle task time,3578.1,3425.72,3525,3482,4042,3942,ms
:core:document:compileDebugKotlin,Shrink and save current classpath snapshot after compilation,58.9,60.92,58,59,85,87,ms
:core:document:compileDebugKotlin,Compiler code generation,636.7,616.5,629,589,767,779,ms
:core:document:compileDebugKotlin,Remove duplicate classes,9.62,9.7,10,9,14,16,ms
:core:document:compileDebugKotlin,Run compilation,3321.88,3179.82,3288,3224,3821,3774,ms
:core:document:compileDebugKotlin,Shrink current classpath snapshot non-incrementally,45.84,47.08,44,47,69,74,ms
:core:document:compileDebugKotlin,Spent time before task action,66.16,68.98,65,62,92,98,ms
:core:document:compileDebugKotlin,Analysis lines per second,297,319,284,324,377,376,
:core:document:compileDebugKotlin,Total size of the cache directory,543.8,543.8,544,544,544,544,KB
:core:document:compileDebugKotlin,Number of cache hits when loading classpath entry snapshots,101,101,101,101,101,101,
:core:document:compileDebugKotlin,Number of lines analyzed,418,418,418,418,418,418,
:core:document:compileDebugKotlin,Size of shrunk classpath snapshot,46.4,46.4,46,46,46,46,KB
:core:document:compileDebugKotlin,Number of cache misses when loading classpath entry snapshots,1,1,1,1,1,1,
:core:document:compileDebugKotlin,Total compiler iteration,1,1,1,1,1,1,
:core:document:compileDebugKotlin,Number of times classpath snapshot is shrunk and saved after compilation,1,1,1,1,1,1,
:core:document:compileDebugKotlin,Number of times classpath snapshot is loaded,1,1,1,1,1,1,
:core:document:compileDebugKotlin,Code generation lines per second,673,701,664,709,818,855,
:core:document:compileDebugKotlin,ABI snapshot size,18.0,18.0,18,18,18,18,B
:core:document:compileDebugKotlin,Size of classpath snapshot,5.7,5.7,6,6,6,6,MB
:core:document:compileDebugKotlin,Number of classpath entries,102,102,102,102,102,102,
:core:document:compileDebugKotlin,Store build info,11.67,6.0,3,6,30,6,ms
:core:document:compileDebugKotlin,Save shrunk current classpath snapshot,2.29,2.71,2,3,6,6,ms
:core:document:compileDebugKotlin,Clear outputs on rebuild,2.5,5.0,3,5,3,5,ms
:core:document:compileDebugKotlin,Clear output,2.6,4.0,2,4,6,5,ms
:core:event:compileDebugKotlin,Sources compilation round,2892.8,2782.26,2861,2794,3493,3249,ms
:core:event:compileDebugKotlin,Incremental compilation in daemon,3119.52,3012.94,3077,3013,3800,3436,ms
:core:event:compileDebugKotlin,Task action before worker execution,26.82,25.66,25,23,41,36,ms
:core:event:compileDebugKotlin,Start gradle worker,3.76,3.26,3,3,8,6,ms
:core:event:compileDebugKotlin,Compiler initialization time,85.72,67.32,74,66,195,93,ms
:core:event:compileDebugKotlin,Calculate output size,3.16,2.78,3,3,7,5,ms
:core:event:compileDebugKotlin,Compiler IR lowering,286.28,295.94,289,306,371,386,ms
:core:event:compileDebugKotlin,Compiler translation to IR,514.42,515.84,516,512,639,649,ms
:core:event:compileDebugKotlin,Compiler backend,352.92,352.2,345,353,493,474,ms
:core:event:compileDebugKotlin,Compiler code analysis,1332.5,1249.04,1326,1248,1607,1529,ms
:core:event:compileDebugKotlin,Run compilation in Gradle worker,3201.66,3107.94,3148,3113,3889,3531,ms
:core:event:compileDebugKotlin,Load current classpath snapshot,13.96,10.32,11,10,19,17,ms
:core:event:compileDebugKotlin,Update caches,9.66,9.56,10,10,15,13,ms
:core:event:compileDebugKotlin,Total Gradle task time,3418.54,3304.92,3387,3322,4094,3734,ms
:core:event:compileDebugKotlin,Shrink and save current classpath snapshot after compilation,67.68,61.64,65,63,91,94,ms
:core:event:compileDebugKotlin,Compiler code generation,639.74,648.58,631,670,798,804,ms
:core:event:compileDebugKotlin,Remove duplicate classes,12.9,9.8,10,9,18,16,ms
:core:event:compileDebugKotlin,Run compilation,3186.42,3085.72,3138,3107,3879,3509,ms
:core:event:compileDebugKotlin,Shrink current classpath snapshot non-incrementally,50.52,48.76,54,47,69,76,ms
:core:event:compileDebugKotlin,Spent time before task action,68.42,60.74,68,59,91,86,ms
:core:event:compileDebugKotlin,Analysis lines per second,320,343,315,335,397,399,
:core:event:compileDebugKotlin,Total size of the cache directory,542.6,542.6,543,543,543,543,KB
:core:event:compileDebugKotlin,Number of cache hits when loading classpath entry snapshots,101,101,101,101,101,101,
:core:event:compileDebugKotlin,Number of lines analyzed,418,418,418,418,418,418,
:core:event:compileDebugKotlin,Size of shrunk classpath snapshot,46.4,46.4,46,46,46,46,KB
:core:event:compileDebugKotlin,Number of cache misses when loading classpath entry snapshots,1,1,1,1,1,1,
:core:event:compileDebugKotlin,Total compiler iteration,1,1,1,1,1,1,
:core:event:compileDebugKotlin,Number of times classpath snapshot is shrunk and saved after compilation,1,1,1,1,1,1,
:core:event:compileDebugKotlin,Number of times classpath snapshot is loaded,1,1,1,1,1,1,
:core:event:compileDebugKotlin,Code generation lines per second,684,681,661,623,924,882,
:core:event:compileDebugKotlin,ABI snapshot size,18.0,18.0,18,18,18,18,B
:core:event:compileDebugKotlin,Size of classpath snapshot,5.7,5.7,6,6,6,6,MB
:core:event:compileDebugKotlin,Number of classpath entries,102,102,102,102,102,102,
:core:event:compileDebugKotlin,Save shrunk current classpath snapshot,3.0,2.69,3,3,6,5,ms
:core:event:compileDebugKotlin,Store build info,3.0,2.0,3,2,4,2,ms
:core:event:compileDebugKotlin,Clear output,1.67,2.0,1,2,3,2,ms
:core:event:compileDebugKotlin,Clear outputs on rebuild,9.0,1.0,9,1,9,1,ms
:core:feed:compileDebugKotlin,Sources compilation round,3125.16,3189.3,3127,3270,3742,3737,ms
:core:feed:compileDebugKotlin,Incremental compilation in daemon,3342.3,3395.46,3313,3487,3934,3926,ms
:core:feed:compileDebugKotlin,Task action before worker execution,22.82,20.06,22,20,33,31,ms
:core:feed:compileDebugKotlin,Start gradle worker,2.68,2.73,2,2,5,6,ms
:core:feed:compileDebugKotlin,Compiler initialization time,113.38,112.82,110,113,157,154,ms
:core:feed:compileDebugKotlin,Calculate output size,2.71,2.54,2,1,7,6,ms
:core:feed:compileDebugKotlin,Compiler IR lowering,263.28,259.06,265,264,337,323,ms
:core:feed:compileDebugKotlin,Compiler translation to IR,554.46,547.46,551,543,704,666,ms
:core:feed:compileDebugKotlin,Compiler backend,306.74,284.48,314,277,371,413,ms
:core:feed:compileDebugKotlin,Compiler code analysis,1493.2,1572.9,1459,1587,1878,1929,ms
:core:feed:compileDebugKotlin,Run compilation in Gradle worker,3504.14,3578.92,3478,3620,4155,4128,ms
:core:feed:compileDebugKotlin,Load current classpath snapshot,11.78,11.56,11,10,18,17,ms
:core:feed:compileDebugKotlin,Update caches,9.02,8.5,9,8,13,13,ms
:core:feed:compileDebugKotlin,Total Gradle task time,3733.72,3793.5,3719,3855,4372,4336,ms
:core:feed:compileDebugKotlin,Shrink and save current classpath snapshot after compilation,68.88,63.66,67,63,103,99,ms
:core:feed:compileDebugKotlin,Compiler code generation,570.56,544.04,567,533,700,712,ms
:core:feed:compileDebugKotlin,Remove duplicate classes,11.02,10.82,11,9,17,16,ms
:core:feed:compileDebugKotlin,Run compilation,3407.96,3463.72,3371,3558,4002,4001,ms
:core:feed:compileDebugKotlin,Shrink current classpath snapshot non-incrementally,53.3,49.16,53,49,85,77,ms
:core:feed:compileDebugKotlin,Spent time before task action,75.9,67.82,60,59,124,112,ms
:core:feed:compileDebugKotlin,Analysis lines per second,286,274,286,263,349,336,
:core:feed:compileDebugKotlin,Total size of the cache directory,542.0,542.0,542,542,542,542,KB
:core:feed:compileDebugKotlin,Number of cache hits when loading classpath entry snapshots,101,101,101,101,101,101,
:core:feed:compileDebugKotlin,Number of lines analyzed,418,418,418,418,418,418,
:core:feed:compileDebugKotlin,Size of shrunk classpath snapshot,46.4,46.4,46,46,46,46,KB
:core:feed:compileDebugKotlin,Number of cache misses when loading classpath entry snapshots,1,1,1,1,1,1,
:core:feed:compileDebugKotlin,Total compiler iteration,1,1,1,1,1,1,
:core:feed:compileDebugKotlin,Number of times classpath snapshot is shrunk and saved after compilation,1,1,1,1,1,1,
:core:feed:compileDebugKotlin,Number of times classpath snapshot is loaded,1,1,1,1,1,1,
:core:feed:compileDebugKotlin,Code generation lines per second,773,818,737,784,1100,1011,
:core:feed:compileDebugKotlin,ABI snapshot size,18.0,18.0,18,18,18,18,B
:core:feed:compileDebugKotlin,Size of classpath snapshot,5.7,5.7,6,6,6,6,MB
:core:feed:compileDebugKotlin,Number of classpath entries,102,102,102,102,102,102,
:core:feed:compileDebugKotlin,Save shrunk current classpath snapshot,3.63,2.92,3,3,8,5,ms
:core:feed:compileDebugKotlin,Clear output,1.0,1.0,1,1,1,1,ms
:core:feed:compileDebugKotlin,Clear outputs on rebuild,2.5,1.0,3,1,3,1,ms
:core:feed:compileDebugKotlin,Store build info,4.0,4.33,4,5,5,6,ms
:core:file:compileDebugKotlin,Sources compilation round,3014.88,2997.16,2992,2969,3514,3644,ms
:core:file:compileDebugKotlin,Incremental compilation in daemon,3226.02,3219.42,3247,3201,3761,3847,ms
:core:file:compileDebugKotlin,Task action before worker execution,27.1,25.54,23,27,38,40,ms
:core:file:compileDebugKotlin,Start gradle worker,2.5,3.48,2,3,5,7,ms
:core:file:compileDebugKotlin,Compiler initialization time,86.28,79.82,86,75,120,108,ms
:core:file:compileDebugKotlin,Calculate output size,3.73,3.04,3,2,7,7,ms
:core:file:compileDebugKotlin,Compiler IR lowering,275.42,271.38,272,275,338,386,ms
:core:file:compileDebugKotlin,Compiler translation to IR,551.88,526.3,544,515,681,679,ms
:core:file:compileDebugKotlin,Compiler backend,288.24,299.24,278,288,372,424,ms
:core:file:compileDebugKotlin,Compiler code analysis,1429.68,1421.74,1424,1451,1793,1708,ms
:core:file:compileDebugKotlin,Run compilation in Gradle worker,3341.64,3320.54,3378,3377,3856,3995,ms
:core:file:compileDebugKotlin,Load current classpath snapshot,10.44,11.06,11,11,17,20,ms
:core:file:compileDebugKotlin,Update caches,8.48,8.28,8,8,13,13,ms
:core:file:compileDebugKotlin,Total Gradle task time,3583.3,3542.62,3611,3576,4114,4185,ms
:core:file:compileDebugKotlin,Shrink and save current classpath snapshot after compilation,64.72,67.76,65,67,96,105,ms
:core:file:compileDebugKotlin,Compiler code generation,564.26,571.06,553,560,668,767,ms
:core:file:compileDebugKotlin,Remove duplicate classes,9.38,10.16,9,9,16,18,ms
:core:file:compileDebugKotlin,Run compilation,3293.94,3285.12,3306,3261,3803,3928,ms
:core:file:compileDebugKotlin,Shrink current classpath snapshot non-incrementally,50.7,53.16,50,50,77,82,ms
:core:file:compileDebugKotlin,Spent time before task action,68.66,66.84,66,61,95,97,ms
:core:file:compileDebugKotlin,Analysis lines per second,300,304,293,288,383,371,
:core:file:compileDebugKotlin,Total size of the cache directory,542.3,542.3,542,542,542,542,KB
:core:file:compileDebugKotlin,Number of cache hits when loading classpath entry snapshots,101,101,101,101,101,101,
:core:file:compileDebugKotlin,Number of lines analyzed,418,418,418,418,418,418,
:core:file:compileDebugKotlin,Size of shrunk classpath snapshot,46.4,46.4,46,46,46,46,KB
:core:file:compileDebugKotlin,Number of cache misses when loading classpath entry snapshots,1,1,1,1,1,1,
:core:file:compileDebugKotlin,Total compiler iteration,1,1,1,1,1,1,
:core:file:compileDebugKotlin,Number of times classpath snapshot is shrunk and saved after compilation,1,1,1,1,1,1,
:core:file:compileDebugKotlin,Number of times classpath snapshot is loaded,1,1,1,1,1,1,
:core:file:compileDebugKotlin,Code generation lines per second,756,772,756,746,908,1082,
:core:file:compileDebugKotlin,ABI snapshot size,18.0,18.0,18,18,18,18,B
:core:file:compileDebugKotlin,Size of classpath snapshot,5.7,5.7,6,6,6,6,MB
:core:file:compileDebugKotlin,Number of classpath entries,102,102,102,102,102,102,
:core:file:compileDebugKotlin,Save shrunk current classpath snapshot,3.36,4.36,3,4,7,9,ms
:core:file:compileDebugKotlin,Store build info,2.0,3.75,2,3,3,6,ms
:core:file:compileDebugKotlin,Clear outputs on rebuild,2.0,,1,,4,,ms
:core:file:compileDebugKotlin,Clear output,3.0,1.6,3,1,3,3,ms
:core:forecast:compileDebugKotlin,Sources compilation round,2817.8,2809.26,2836,2798,3410,3382,ms
:core:forecast:compileDebugKotlin,Incremental compilation in daemon,3036.84,3034.92,3033,3031,3677,3565,ms
:core:forecast:compileDebugKotlin,Task action before worker execution,29.54,31.88,29,28,41,43,ms
:core:forecast:compileDebugKotlin,Start gradle worker,3.46,4.24,3,3,7,10,ms
:core:forecast:compileDebugKotlin,Compiler initialization time,71.64,83.92,75,78,95,108,ms
:core:forecast:compileDebugKotlin,Calculate output size,2.53,2.7,1,1,5,7,ms
:core:forecast:compileDebugKotlin,Compiler IR lowering,269.36,253.92,273,263,385,341,ms
:core:forecast:compileDebugKotlin,Compiler translation to IR,548.54,509.76,541,505,704,634,ms
:core:forecast:compileDebugKotlin,Compiler backend,317.66,309.38,300,309,462,419,ms
:core:forecast:compileDebugKotlin,Compiler code analysis,1255.06,1293.0,1275,1275,1527,1618,ms
:core:forecast:compileDebugKotlin,Run compilation in Gradle worker,3121.92,3125.3,3114,3151,3756,3757,ms
:core:forecast:compileDebugKotlin,Load current classpath snapshot,9.98,10.0,9,10,16,17,ms
:core:forecast:compileDebugKotlin,Update caches,9.78,9.54,9,9,16,14,ms
:core:forecast:compileDebugKotlin,Total Gradle task time,3353.06,3355.52,3376,3356,4050,4016,ms
:core:forecast:compileDebugKotlin,Shrink and save current classpath snapshot after compilation,66.24,72.94,65,64,90,111,ms
:core:forecast:compileDebugKotlin,Compiler code generation,587.68,563.8,553,567,842,700,ms
:core:forecast:compileDebugKotlin,Remove duplicate classes,9.38,9.12,9,9,15,14,ms
:core:forecast:compileDebugKotlin,Run compilation,3096.7,3104.32,3084,3093,3749,3634,ms
:core:forecast:compileDebugKotlin,Shrink current classpath snapshot non-incrementally,52.66,59.2,52,51,72,89,ms
:core:forecast:compileDebugKotlin,Save shrunk current classpath snapshot,3.76,3.88,3,4,6,10,ms
:core:forecast:compileDebugKotlin,Spent time before task action,77.54,69.78,71,67,102,98,ms
:core:forecast:compileDebugKotlin,Analysis lines per second,341,333,327,327,432,427,
:core:forecast:compileDebugKotlin,Total size of the cache directory,543.8,543.8,544,544,544,544,KB
:core:forecast:compileDebugKotlin,Number of cache hits when loading classpath entry snapshots,101,101,101,101,101,101,
:core:forecast:compileDebugKotlin,Number of lines analyzed,418,418,418,418,418,418,
:core:forecast:compileDebugKotlin,Size of shrunk classpath snapshot,46.4,46.4,46,46,46,46,KB
:core:forecast:compileDebugKotlin,Number of cache misses when loading classpath entry snapshots,1,1,1,1,1,1,
:core:forecast:compileDebugKotlin,Total compiler iteration,1,1,1,1,1,1,
:core:forecast:compileDebugKotlin,Number of times classpath snapshot is shrunk and saved after compilation,1,1,1,1,1,1,
:core:forecast:compileDebugKotlin,Number of times classpath snapshot is loaded,1,1,1,1,1,1,
:core:forecast:compileDebugKotlin,Code generation lines per second,770,785,755,736,1078,1012,
:core:forecast:compileDebugKotlin,ABI snapshot size,18.0,18.0,18,18,18,18,B
:core:forecast:compileDebugKotlin,Size of classpath snapshot,5.7,5.7,6,6,6,6,MB
:core:forecast:compileDebugKotlin,Number of classpath entries,102,102,102,102,102,102,
:core:forecast:compileDebugKotlin,Clear output,2.38,2.0,3,2,4,2,ms
:core:forecast:compileDebugKotlin,Clear outputs on rebuild,2.25,1.5,3,2,3,2,ms
:core:gallery:compileDebugKotlin,Sources compilation round,2702.16,2728.88,2657,2785,3217,3212,ms
:core:gallery:compileDebugKotlin,Incremental compilation in daemon,2900.38,2942.38,2854,2997,3451,3413,ms
:core:gallery:compileDebugKotlin,Task action before worker execution,35.08,26.58,29,24,41,44,ms
:core:gallery:compileDebugKotlin,Start gradle worker,3.98,4.04,3,4,8,7,ms
:core:gallery:compileDebugKotlin,Compiler initialization time,80.18,83.68,73,72,117,107,ms
:core:gallery:compileDebugKotlin,Calculate output size,2.38,2.74,1,2,6,6,ms
:core:gallery:compileDebugKotlin,Compiler IR lowering,278.34,297.06,281,296,382,416,ms
:core:gallery:compileDebugKotlin,Compiler translation to IR,531.94,526.1,521,525,688,632,ms
:core:gallery:compileDebugKotlin,Compiler backend,291.26,330.42,279,332,356,440,ms
:core:gallery:compileDebugKotlin,Compiler code analysis,1198.66,1170.68,1198,1186,1407,1378,ms
:core:gallery:compileDebugKotlin,Run compilation in Gradle worker,2994.14,3021.84,2954,3076,3657,3474,ms
:core:gallery:compileDebugKotlin,Load current classpath snapshot,9.42,9.66,9,9,15,16,ms
:core:gallery:compileDebugKotlin,Update caches,9.18,9.32,8,9,14,13,ms
:core:gallery:compileDebugKotlin,Total Gradle task time,3213.86,3231.9,3176,3300,3914,3665,ms
:core:gallery:compileDebugKotlin,Shrink and save current classpath snapshot after compilation,61.54,61.88,63,62,81,99,ms
:core:gallery:compileDebugKotlin,Compiler code generation,570.24,627.86,560,625,745,843,ms
:core:gallery:compileDebugKotlin,Remove duplicate classes,8.78,8.82,8,9,14,15,ms
:core:gallery:compileDebugKotlin,Run compilation,2964.0,3007.14,2939,3058,3529,3468,ms
:core:gallery:compileDebugKotlin,Shrink current classpath snapshot non-incrementally,48.58,48.86,53,48,65,75,ms
:core:gallery:compileDebugKotlin,Spent time before task action,72.64,77.16,70,72,96,97,ms
:core:gallery:compileDebugKotlin,Analysis lines per second,356,367,349,352,450,451,
:core:gallery:compileDebugKotlin,Total size of the cache directory,543.4,543.4,543,543,543,543,KB
:core:gallery:compileDebugKotlin,Number of cache hits when loading classpath entry snapshots,101,101,101,101,101,101,
:core:gallery:compileDebugKotlin,Number of lines analyzed,418,418,418,418,418,418,
:core:gallery:compileDebugKotlin,Size of shrunk classpath snapshot,46.4,46.4,46,46,46,46,KB
:core:gallery:compileDebugKotlin,Number of cache misses when loading classpath entry snapshots,1,1,1,1,1,1,
:core:gallery:compileDebugKotlin,Total compiler iteration,1,1,1,1,1,1,
:core:gallery:compileDebugKotlin,Number of times classpath snapshot is shrunk and saved after compilation,1,1,1,1,1,1,
:core:gallery:compileDebugKotlin,Number of times classpath snapshot is loaded,1,1,1,1,1,1,
:core:gallery:compileDebugKotlin,Code generation lines per second,762,704,746,669,949,938,
:core:gallery:compileDebugKotlin,ABI snapshot size,18.0,18.0,18,18,18,18,B
:core:gallery:compileDebugKotlin,Size of classpath snapshot,5.7,5.7,6,6,6,6,MB
:core:gallery:compileDebugKotlin,Number of classpath entries,102,102,102,102,102,102,
:core:gallery:compileDebugKotlin,Save shrunk current classpath snapshot,3.21,2.63,3,2,6,6,ms
:core:gallery:compileDebugKotlin,Clear output,2.33,2.5,2,3,3,3,ms
:core:gallery:compileDebugKotlin,Store build info,3.83,1.0,4,1,6,1,ms
:core:gallery:compileDebugKotlin,Clear outputs on rebuild,2.0,2.0,2,2,2,2,ms
:core:group:compileDebugKotlin,Sources compilation round,2833.72,2689.94,2806,2727,3399,3258,ms
:core:group:compileDebugKotlin,Incremental compilation in daemon,3055.82,2882.72,2993,2942,3660,3444,ms
:core:group:compileDebugKotlin,Task action before worker execution,21.28,18.32,21,19,29,29,ms
:core:group:compileDebugKotlin,Start gradle worker,2.78,2.32,2,2,6,5,ms
:core:group:compileDebugKotlin,Compiler initialization time,106.36,101.08,105,93,149,141,ms
:core:group:compileDebugKotlin,Calculate output size,2.5,2.46,1,1,5,5,ms
:core:group:compileDebugKotlin,Compiler IR lowering,247.84,223.34,246,224,316,288,ms
:core:group:compileDebugKotlin,Compiler translation to IR,522.8,488.58,515,481,658,639,ms
:core:group:compileDebugKotlin,Compiler backend,263.56,240.34,260,238,366,325,ms
:core:group:compileDebugKotlin,Compiler code analysis,1327.06,1295.1,1306,1324,1575,1704,ms
:core:group:compileDebugKotlin,Run compilation in Gradle worker,3207.9,3023.86,3145,3021,3874,3637,ms
:core:group:compileDebugKotlin,Load current classpath snapshot,22.06,9.04,9,9,12,15,ms
:core:group:compileDebugKotlin,Update caches,8.14,9.3,7,8,13,13,ms
:core:group:compileDebugKotlin,Total Gradle task time,3415.22,3194.82,3334,3198,4123,3843,ms
:core:group:compileDebugKotlin,Shrink and save current classpath snapshot after compilation,72.8,62.7,60,59,93,82,ms
:core:group:compileDebugKotlin,Compiler code generation,511.94,464.22,493,454,668,624,ms
:core:group:compileDebugKotlin,Remove duplicate classes,11.0,8.12,8,7,12,13,ms
:core:group:compileDebugKotlin,Run compilation,3119.2,2952.6,3049,2987,3751,3513,ms
:core:group:compileDebugKotlin,Shrink current classpath snapshot non-incrementally,47.42,50.78,48,45,71,70,ms
:core:group:compileDebugKotlin,Spent time before task action,59.0,49.7,58,49,86,71,ms
:core:group:compileDebugKotlin,Analysis lines per second,323,340,320,316,413,476,
:core:group:compileDebugKotlin,Total size of the cache directory,542.6,542.6,543,543,543,543,KB
:core:group:compileDebugKotlin,Number of cache hits when loading classpath entry snapshots,101,101,101,101,101,101,
:core:group:compileDebugKotlin,Number of lines analyzed,418,418,418,418,418,418,
:core:group:compileDebugKotlin,Size of shrunk classpath snapshot,46.4,46.4,46,46,46,46,KB
:core:group:compileDebugKotlin,Number of cache misses when loading classpath entry snapshots,1,1,1,1,1,1,
:core:group:compileDebugKotlin,Total compiler iteration,1,1,1,1,1,1,
:core:group:compileDebugKotlin,Number of times classpath snapshot is shrunk and saved after compilation,1,1,1,1,1,1,
:core:group:compileDebugKotlin,Number of times classpath snapshot is loaded,1,1,1,1,1,1,
:core:group:compileDebugKotlin,Code generation lines per second,851,942,848,919,1093,1257,
:core:group:compileDebugKotlin,ABI snapshot size,18.0,18.0,18,18,18,18,B
:core:group:compileDebugKotlin,Size of classpath snapshot,5.7,5.7,6,6,6,6,MB
:core:group:compileDebugKotlin,Number of classpath entries,102,102,102,102,102,102,
:core:group:compileDebugKotlin,Store build info,2.8,,3,,4,,ms
:core:group:compileDebugKotlin,Save shrunk current classpath snapshot,2.5,2.62,3,3,4,5,ms
:core:group:compileDebugKotlin,Clear outputs on rebuild,2.0,2.33,2,2,2,4,ms
:core:identity:compileDebugKotlin,Sources compilation round,2687.88,2599.02,2679,2559,3226,3173,ms
:core:identity:compileDebugKotlin,Incremental compilation in daemon,2904.38,2803.52,2888,2757,3477,3346,ms
:core:identity:compileDebugKotlin,Task action before worker execution,29.02,25.86,25,22,37,35,ms
:core:identity:compileDebugKotlin,Start gradle worker,3.64,2.6,3,2,7,6,ms
:core:identity:compileDebugKotlin,Compiler initialization time,78.72,73.7,73,74,118,96,ms
:core:identity:compileDebugKotlin,Calculate output size,2.54,2.84,1,2,6,6,ms
:core:identity:compileDebugKotlin,Compiler IR lowering,244.72,228.48,244,228,346,297,ms
:core:identity:compileDebugKotlin,Compiler translation to IR,507.52,483.16,492,479,655,614,ms
:core:identity:compileDebugKotlin,Compiler backend,273.22,278.44,258,228,346,411,ms
:core:identity:compileDebugKotlin,Compiler code analysis,1243.74,1191.62,1234,1198,1489,1504,ms
:core:identity:compileDebugKotlin,Run compilation in Gradle worker,2994.04,2887.8,2954,2846,3642,3416,ms
:core:identity:compileDebugKotlin,Load current classpath snapshot,8.04,7.7,8,7,15,13,ms
:core:identity:compileDebugKotlin,Update caches,7.68,8.08,7,8,11,12,ms
:core:identity:compileDebugKotlin,Total Gradle task time,3212.04,3087.36,3166,3049,3867,3591,ms
:core:identity:compileDebugKotlin,Shrink and save current classpath snapshot after compilation,66.56,56.18,61,55,87,83,ms
:core:identity:compileDebugKotlin,Compiler code generation,518.5,507.32,505,451,680,708,ms
:core:identity:compileDebugKotlin,Remove duplicate classes,7.44,7.12,7,7,14,13,ms
:core:identity:compileDebugKotlin,Run compilation,2973.64,2860.4,2936,2833,3633,3408,ms
:core:identity:compileDebugKotlin,Shrink current classpath snapshot non-incrementally,55.02,43.22,47,45,73,71,ms
:core:identity:compileDebugKotlin,Spent time before task action,62.54,65.84,61,57,88,108,ms
:core:identity:compileDebugKotlin,Analysis lines per second,345,365,338,349,436,521,
:core:identity:compileDebugKotlin,Total size of the cache directory,543.5,543.5,544,544,544,544,KB
:core:identity:compileDebugKotlin,Number of cache hits when loading classpath entry snapshots,101,101,101,101,101,101,
:core:identity:compileDebugKotlin,Number of lines analyzed,418,418,418,418,418,418,
:core:identity:compileDebugKotlin,Size of shrunk classpath snapshot,46.4,46.4,46,46,46,46,KB
:core:identity:compileDebugKotlin,Number of cache misses when loading classpath entry snapshots,1,1,1,1,1,1,
:core:identity:compileDebugKotlin,Total compiler iteration,1,1,1,1,1,1,
:core:identity:compileDebugKotlin,Number of times classpath snapshot is shrunk and saved after compilation,1,1,1,1,1,1,
:core:identity:compileDebugKotlin,Number of times classpath snapshot is loaded,1,1,1,1,1,1,
:core:identity:compileDebugKotlin,Code generation lines per second,883,916,827,925,1264,1251,
:core:identity:compileDebugKotlin,ABI snapshot size,18.0,18.0,18,18,18,18,B
:core:identity:compileDebugKotlin,Size of classpath snapshot,5.7,5.7,6,6,6,6,MB
:core:identity:compileDebugKotlin,Number of classpath entries,102,102,102,102,102,102,
:core:identity:compileDebugKotlin,Save shrunk current classpath snapshot,3.55,10.64,3,3,8,54,ms
:core:identity:compileDebugKotlin,Store build info,2.5,3.0,3,3,3,3,ms
:core:identity:compileDebugKotlin,Clear output,1.0,2.0,1,2,1,3,ms
:core:identity:compileDebugKotlin,Clear outputs on rebuild,4.0,1.0,4,1,4,1,ms
:core:list:compileDebugKotlin,Sources compilation round,2550.92,2479.32,2468,2399,3310,3123,ms
:core:list:compileDebugKotlin,Incremental compilation in daemon,2754.46,2676.48,2679,2587,3549,3614,ms
:core:list:compileDebugKotlin,Task action before worker execution,30.88,28.7,28,24,39,41,ms
:core:list:compileDebugKotlin,Start gradle worker,3.34,3.0,3,3,7,7,ms
:core:list:compileDebugKotlin,Compiler initialization time,72.96,67.48,72,72,93,94,ms
:core:list:compileDebugKotlin,Calculate output size,3.24,2.5,3,1,6,6,ms
:core:list:compileDebugKotlin,Compiler IR lowering,251.86,238.88,238,225,302,301,ms
:core:list:compileDebugKotlin,Compiler translation to IR,514.04,465.96,493,450,687,600,ms
:core:list:compileDebugKotlin,Compiler backend,269.74,318.68,249,239,414,821,ms
:core:list:compileDebugKotlin,Compiler code analysis,1122.56,1074.12,1093,1053,1425,1386,ms
:core:list:compileDebugKotlin,Run compilation in Gradle worker,2833.16,2747.18,2756,2642,3619,3677,ms
:core:list:compileDebugKotlin,Load current classpath snapshot,7.54,13.84,6,7,13,15,ms
:core:list:compileDebugKotlin,Update caches,8.7,9.34,8,10,13,14,ms
:core:list:compileDebugKotlin,Total Gradle task time,3041.06,2945.34,2934,2815,3824,3855,ms
:core:list:compileDebugKotlin,Shrink and save current classpath snapshot after compilation,66.48,70.42,60,54,84,107,ms
:core:list:compileDebugKotlin,Compiler code generation,522.0,558.1,496,479,731,1053,ms
:core:list:compileDebugKotlin,Remove duplicate classes,7.1,7.44,6,7,12,15,ms
:core:list:compileDebugKotlin,Run compilation,2825.78,2730.78,2750,2633,3613,3668,ms
:core:list:compileDebugKotlin,Shrink current classpath snapshot non-incrementally,55.34,53.14,48,43,70,81,ms
:core:list:compileDebugKotlin,Spent time before task action,66.84,63.06,70,59,88,82,ms
:core:list:compileDebugKotlin,Analysis lines per second,382,403,382,397,458,515,
:core:list:compileDebugKotlin,Total size of the cache directory,542.3,542.3,542,542,542,542,KB
:core:list:compileDebugKotlin,Number of cache hits when loading classpath entry snapshots,101,101,101,101,101,101,
:core:list:compileDebugKotlin,Number of lines analyzed,418,418,418,418,418,418,
:core:list:compileDebugKotlin,Size of shrunk classpath snapshot,46.4,46.4,46,46,46,46,KB
:core:list:compileDebugKotlin,Number of cache misses when loading classpath entry snapshots,1,1,1,1,1,1,
:core:list:compileDebugKotlin,Total compiler iteration,1,1,1,1,1,1,
:core:list:compileDebugKotlin,Number of times classpath snapshot is shrunk and saved after compilation,1,1,1,1,1,1,
:core:list:compileDebugKotlin,Number of times classpath snapshot is loaded,1,1,1,1,1,1,
:core:list:compileDebugKotlin,Code generation lines per second,898,878,842,872,1299,1212,
:core:list:compileDebugKotlin,ABI snapshot size,18.0,18.0,18,18,18,18,B
:core:list:compileDebugKotlin,Size of classpath snapshot,5.7,5.7,6,6,6,6,MB
:core:list:compileDebugKotlin,Number of classpath entries,102,102,102,102,102,102,
:core:list:compileDebugKotlin,Save shrunk current classpath snapshot,2.76,3.22,3,3,5,11,ms
:core:list:compileDebugKotlin,Store build info,2.0,2.5,2,3,3,4,ms
:core:list:compileDebugKotlin,Clear outputs on rebuild,1.0,1.5,1,2,1,2,ms
:core:list:compileDebugKotlin,Clear output,2.5,2.0,3,2,3,3,ms
:core:location:compileDebugKotlin,Sources compilation round,2480.24,2332.48,2535,2272,3106,3068,ms
:core:location:compileDebugKotlin,Incremental compilation in daemon,2701.0,2528.28,2729,2459,3352,3341,ms
:core:location:compileDebugKotlin,Task action before worker execution,26.4,25.8,28,25,38,37,ms
:core:location:compileDebugKotlin,Start gradle worker,3.48,3.78,3,3,7,8,ms
:core:location:compileDebugKotlin,Compiler initialization time,72.76,73.04,68,69,112,117,ms
:core:location:compileDebugKotlin,Calculate output size,2.56,2.5,2,1,5,5,ms
:core:location:compileDebugKotlin,Compiler IR lowering,283.14,271.16,250,239,417,387,ms
:core:location:compileDebugKotlin,Compiler translation to IR,500.74,482.68,475,473,630,588,ms
:core:location:compileDebugKotlin,Compiler backend,294.12,277.28,269,255,395,474,ms
:core:location:compileDebugKotlin,Compiler code analysis,1040.46,957.38,1016,949,1380,1213,ms
:core:location:compileDebugKotlin,Run compilation in Gradle worker,2771.14,2611.28,2792,2539,3458,3402,ms
:core:location:compileDebugKotlin,Load current classpath snapshot,9.44,22.78,9,7,16,14,ms
:core:location:compileDebugKotlin,Update caches,10.16,8.62,10,8,16,14,ms
:core:location:compileDebugKotlin,Total Gradle task time,2964.86,2798.06,2960,2723,3630,3612,ms
:core:location:compileDebugKotlin,Shrink and save current classpath snapshot after compilation,87.16,67.42,57,52,132,85,ms
:core:location:compileDebugKotlin,Compiler code generation,577.84,548.88,534,523,984,995,ms
:core:location:compileDebugKotlin,Remove duplicate classes,8.7,15.74,8,6,15,13,ms
:core:location:compileDebugKotlin,Run compilation,2758.14,2596.62,2782,2530,3433,3397,ms
:core:location:compileDebugKotlin,Shrink current classpath snapshot non-incrementally,74.46,41.14,44,43,121,63,ms
:core:location:compileDebugKotlin,Spent time before task action,61.52,60.96,62,61,84,84,ms
:core:location:compileDebugKotlin,Analysis lines per second,420,452,411,440,535,596,
:core:location:compileDebugKotlin,Total size of the cache directory,543.8,543.8,544,544,544,544,KB
:core:location:compileDebugKotlin,Number of cache hits when loading classpath entry snapshots,101,101,101,101,101,101,
:core:location:compileDebugKotlin,Number of lines analyzed,418,418,418,418,418,418,
:core:location:compileDebugKotlin,Size of shrunk classpath snapshot,46.4,46.4,46,46,46,46,KB
:core:location:compileDebugKotlin,Number of cache misses when loading classpath entry snapshots,1,1,1,1,1,1,
:core:location:compileDebugKotlin,Total compiler iteration,1,1,1,1,1,1,
:core:location:compileDebugKotlin,Number of times classpath snapshot is shrunk and saved after compilation,1,1,1,1,1,1,
:core:location:compileDebugKotlin,Number of times classpath snapshot is loaded,1,1,1,1,1,1,
:core:location:compileDebugKotlin,Code generation lines per second,797,887,782,798,1113,1493,
:core:location:compileDebugKotlin,ABI snapshot size,18.0,18.0,18,18,18,18,B
:core:location:compileDebugKotlin,Size of classpath snapshot,5.7,5.7,6,6,6,6,MB
:core:location:compileDebugKotlin,Number of classpath entries,102,102,102,102,102,102,
:core:location:compileDebugKotlin,Clear output,2.75,2.0,3,2,4,2,ms
:core:location:compileDebugKotlin,Save shrunk current classpath snapshot,3.0,3.47,3,3,6,7,ms
:core:location:compileDebugKotlin,Store build info,1.5,3.75,2,4,2,5,ms
:core:location:compileDebugKotlin,Clear outputs on rebuild,2.0,,2,,2,,ms
:core:log:compileDebugKotlin,Sources compilation round,2917.64,2850.42,2845,2896,3559,3263,ms
:core:log:compileDebugKotlin,Incremental compilation in daemon,3117.8,3044.22,3047,3131,3717,3480,ms
:core:log:compileDebugKotlin,Task action before worker execution,20.24,19.68,20,20,30,29,ms
:core:log:compileDebugKotlin,Start gradle worker,3.04,2.72,3,3,7,5,ms
:core:log:compileDebugKotlin,Compiler initialization time,118.08,111.84,106,98,151,168,ms
:core:log:compileDebugKotlin,Calculate output size,2.84,2.74,2,3,6,5,ms
:core:log:compileDebugKotlin,Compiler IR lowering,232.48,232.88,230,217,297,349,ms
:core:log:compileDebugKotlin,Compiler translation to IR,525.84,514.36,512,505,684,633,ms
:core:log:compileDebugKotlin,Compiler backend,228.04,245.22,221,228,299,358,ms
:core:log:compileDebugKotlin,Compiler code analysis,1429.34,1366.2,1405,1441,1878,1706,ms
:core:log:compileDebugKotlin,Run compilation in Gradle worker,3265.0,3200.58,3195,3252,3908,3661,ms
:core:log:compileDebugKotlin,Load current classpath snapshot,7.1,7.58,7,6,11,13,ms
:core:log:compileDebugKotlin,Update caches,9.7,8.68,9,8,13,14,ms
:core:log:compileDebugKotlin,Total Gradle task time,3465.82,3393.56,3426,3434,4123,3856,ms
:core:log:compileDebugKotlin,Shrink and save current classpath snapshot after compilation,55.64,55.0,54,53,87,85,ms
:core:log:compileDebugKotlin,Compiler code generation,461.02,478.66,447,456,574,659,ms
:core:log:compileDebugKotlin,Remove duplicate classes,5.82,5.96,6,5,9,11,ms
:core:log:compileDebugKotlin,Run compilation,3179.24,3121.96,3145,3196,3786,3565,ms
:core:log:compileDebugKotlin,Shrink current classpath snapshot non-incrementally,45.0,44.34,43,44,69,67,ms
:core:log:compileDebugKotlin,Save shrunk current classpath snapshot,3.18,4.13,3,4,6,6,ms
:core:log:compileDebugKotlin,Spent time before task action,59.84,54.52,57,54,92,81,ms
:core:log:compileDebugKotlin,Analysis lines per second,309,319,297,290,415,405,
:core:log:compileDebugKotlin,Total size of the cache directory,541.9,541.9,542,542,542,542,KB
:core:log:compileDebugKotlin,Number of cache hits when loading classpath entry snapshots,101,101,101,101,101,101,
:core:log:compileDebugKotlin,Number of lines analyzed,418,418,418,418,418,418,
:core:log:compileDebugKotlin,Size of shrunk classpath snapshot,46.4,46.4,46,46,46,46,KB
:core:log:compileDebugKotlin,Number of cache misses when loading classpath entry snapshots,1,1,1,1,1,1,
:core:log:compileDebugKotlin,Total compiler iteration,1,1,1,1,1,1,
:core:log:compileDebugKotlin,Number of times classpath snapshot is shrunk and saved after compilation,1,1,1,1,1,1,
:core:log:compileDebugKotlin,Number of times classpath snapshot is loaded,1,1,1,1,1,1,
:core:log:compileDebugKotlin,Code generation lines per second,932,949,936,916,1156,1436,
:core:log:compileDebugKotlin,ABI snapshot size,18.0,18.0,18,18,18,18,B
:core:log:compileDebugKotlin,Size of classpath snapshot,5.7,5.7,6,6,6,6,MB
:core:log:compileDebugKotlin,Number of classpath entries,102,102,102,102,102,102,
:core:log:compileDebugKotlin,Store build info,3.6,1.0,2,1,11,1,ms
:core:log:compileDebugKotlin,Clear output,1.0,1.33,1,1,1,2,ms
:core:log:compileDebugKotlin,Clear outputs on rebuild,3.0,1.5,3,2,3,2,ms
:core:login:compileDebugKotlin,Sources compilation round,2674.28,2556.68,2658,2552,3302,3160,ms
:core:login:compileDebugKotlin,Incremental compilation in daemon,2866.86,2773.26,2890,2757,3507,3395,ms
:core:login:compileDebugKotlin,Task action before worker execution,24.44,31.28,22,25,37,40,ms
:core:login:compileDebugKotlin,Start gradle worker,3.34,3.76,3,3,7,8,ms
:core:login:compileDebugKotlin,Compiler initialization time,94.84,89.5,73,79,117,130,ms
:core:login:compileDebugKotlin,Calculate output size,2.62,3.2,1,3,6,7,ms
:core:login:compileDebugKotlin,Compiler IR lowering,222.26,216.92,208,208,317,303,ms
:core:login:compileDebugKotlin,Compiler translation to IR,486.94,463.22,463,453,640,590,ms
:core:login:compileDebugKotlin,Compiler backend,213.22,225.42,208,216,296,304,ms
:core:login:compileDebugKotlin,Compiler code analysis,1257.0,1172.96,1262,1160,1571,1520,ms
:core:login:compileDebugKotlin,Run compilation in Gradle worker,2999.04,2912.56,3017,2915,3612,3502,ms
:core:login:compileDebugKotlin,Load current classpath snapshot,6.44,7.66,6,8,11,12,ms
:core:login:compileDebugKotlin,Update caches,7.84,9.32,7,9,12,16,ms
:core:login:compileDebugKotlin,Total Gradle task time,3226.2,3129.42,3229,3117,3829,3744,ms
:core:login:compileDebugKotlin,Shrink and save current classpath snapshot after compilation,52.98,57.12,53,51,84,79,ms
:core:login:compileDebugKotlin,Compiler code generation,435.98,442.76,406,422,579,565,ms
:core:login:compileDebugKotlin,Remove duplicate classes,5.62,6.58,5,6,10,11,ms
:core:login:compileDebugKotlin,Run compilation,2960.72,2877.42,2999,2878,3576,3477,ms
:core:login:compileDebugKotlin,Shrink current classpath snapshot non-incrementally,43.0,44.86,44,42,66,64,ms
:core:login:compileDebugKotlin,Spent time before task action,63.98,59.06,57,60,94,86,ms
:core:login:compileDebugKotlin,Analysis lines per second,348,376,331,360,473,520,
:core:login:compileDebugKotlin,Total size of the cache directory,542.4,542.4,542,542,542,542,KB
:core:login:compileDebugKotlin,Number of cache hits when loading classpath entry snapshots,101,101,101,101,101,101,
:core:login:compileDebugKotlin,Number of lines analyzed,418,418,418,418,418,418,
:core:login:compileDebugKotlin,Size of shrunk classpath snapshot,46.4,46.4,46,46,46,46,KB
:core:login:compileDebugKotlin,Number of cache misses when loading classpath entry snapshots,1,1,1,1,1,1,
:core:login:compileDebugKotlin,Total compiler iteration,1,1,1,1,1,1,
:core:login:compileDebugKotlin,Number of times classpath snapshot is shrunk and saved after compilation,1,1,1,1,1,1,
:core:login:compileDebugKotlin,Number of times classpath snapshot is loaded,1,1,1,1,1,1,
:core:login:compileDebugKotlin,Code generation lines per second,1010,1032,1030,989,1367,1521,
:core:login:compileDebugKotlin,ABI snapshot size,18.0,18.0,18,18,18,18,B
:core:login:compileDebugKotlin,Size of classpath snapshot,5.7,5.7,6,6,6,6,MB
:core:login:compileDebugKotlin,Number of classpath entries,102,102,102,102,102,102,
:core:login:compileDebugKotlin,Clear outputs on rebuild,4.0,,4,,4,,ms
:core:login:compileDebugKotlin,Save shrunk current classpath snapshot,3.64,8.0,3,4,6,33,ms
:core:login:compileDebugKotlin,Store build info,1.0,1.0,1,1,1,1,ms
:core:login:compileDebugKotlin,Clear output,2.0,2.33,2,2,2,4,ms
:core:map:compileDebugKotlin,Sources compilation round,2358.0,2361.18,2334,2371,2744,2913,ms
:core:map:compileDebugKotlin,Incremental compilation in daemon,2560.46,2561.12,2572,2550,2936,3166,ms
:core:map:compileDebugKotlin,Task action before worker execution,26.46,37.1,26,26,38,44,ms
:core:map:compileDebugKotlin,Start gradle worker,4.3,3.78,4,3,9,9,ms
:core:map:compileDebugKotlin,Compiler initialization time,83.32,75.68,67,75,110,102,ms
:core:map:compileDebugKotlin,Calculate output size,3.14,3.06,3,3,7,6,ms
:core:map:compileDebugKotlin,Compiler IR lowering,208.8,216.54,211,208,280,286,ms
:core:map:compileDebugKotlin,Compiler translation to IR,470.76,474.86,464,467,611,594,ms
:core:map:compileDebugKotlin,Compiler backend,213.64,220.98,206,221,308,296,ms
:core:map:compileDebugKotlin,Compiler code analysis,1061.24,1031.6,1065,1023,1337,1283,ms
:core:map:compileDebugKotlin,Run compilation in Gradle worker,2737.0,2676.72,2656,2637,3407,3241,ms
:core:map:compileDebugKotlin,Load current classpath snapshot,8.12,7.12,7,7,10,11,ms
:core:map:compileDebugKotlin,Update caches,8.34,8.34,8,7,13,15,ms
:core:map:compileDebugKotlin,Total Gradle task time,2945.88,2899.76,2855,2882,3663,3527,ms
:core:map:compileDebugKotlin,Shrink and save current classpath snapshot after compilation,54.28,56.7,54,54,75,82,ms
:core:map:compileDebugKotlin,Store build info,3.0,1.5,3,2,3,2,ms
:core:map:compileDebugKotlin,Compiler code generation,422.9,438.02,416,433,585,582,ms
:core:map:compileDebugKotlin,Remove duplicate classes,7.32,5.88,6,5,10,10,ms
:core:map:compileDebugKotlin,Run compilation,2711.18,2661.82,2643,2623,3342,3229,ms
:core:map:compileDebugKotlin,Shrink current classpath snapshot non-incrementally,42.96,46.06,43,43,62,68,ms
:core:map:compileDebugKotlin,Spent time before task action,62.38,64.84,58,64,99,86,ms
:core:map:compileDebugKotlin,Analysis lines per second,410,421,392,408,537,530,
:core:map:compileDebugKotlin,Total size of the cache directory,541.9,541.9,542,542,542,542,KB
:core:map:compileDebugKotlin,Number of cache hits when loading classpath entry snapshots,101,101,101,101,101,101,
:core:map:compileDebugKotlin,Number of lines analyzed,418,418,418,418,418,418,
:core:map:compileDebugKotlin,Size of shrunk classpath snapshot,46.4,46.4,46,46,46,46,KB
:core:map:compileDebugKotlin,Number of cache misses when loading classpath entry snapshots,1,1,1,1,1,1,
:core:map:compileDebugKotlin,Total compiler iteration,1,1,1,1,1,1,
:core:map:compileDebugKotlin,Number of times classpath snapshot is shrunk and saved after compilation,1,1,1,1,1,1,
:core:map:compileDebugKotlin,Number of times classpath snapshot is loaded,1,1,1,1,1,1,
:core:map:compileDebugKotlin,Code generation lines per second,1037,1036,1003,966,1404,1284,
:core:map:compileDebugKotlin,ABI snapshot size,18.0,18.0,18,18,18,18,B
:core:map:compileDebugKotlin,Size of classpath snapshot,5.7,5.7,6,6,6,6,MB
:core:map:compileDebugKotlin,Number of classpath entries,102,102,102,102,102,102,
:core:map:compileDebugKotlin,Save shrunk current classpath snapshot,3.0,3.29,3,3,6,8,ms
:core:map:compileDebugKotlin,Clear output,2.0,4.0,2,4,2,4,ms
:core:media:compileDebugKotlin,Sources compilation round,2289.56,2273.6,2239,2324,2913,2911,ms
:core:media:compileDebugKotlin,Incremental compilation in daemon,2487.52,2458.66,2437,2543,3104,3097,ms
:core:media:compileDebugKotlin,Task action before worker execution,35.04,23.62,26,22,41,38,ms
:core:media:compileDebugKotlin,Start gradle worker,13.26,3.98,3,4,7,9,ms
:core:media:compileDebugKotlin,Compiler initialization time,88.98,67.94,74,69,101,94,ms
:core:media:compileDebugKotlin,Calculate output size,2.8,3.0,2,2,7,6,ms
:core:media:compileDebugKotlin,Compiler IR lowering,241.62,228.68,235,227,363,333,ms
:core:media:compileDebugKotlin,Compiler translation to IR,479.02,468.96,464,457,621,595,ms
:core:media:compileDebugKotlin,Compiler backend,232.92,221.02,223,206,332,327,ms
:core:media:compileDebugKotlin,Compiler code analysis,967.36,969.76,909,973,1267,1376,ms
:core:media:compileDebugKotlin,Run compilation in Gradle worker,2650.6,2592.74,2591,2627,3438,3189,ms
:core:media:compileDebugKotlin,Load current classpath snapshot,7.4,7.96,7,8,12,14,ms
:core:media:compileDebugKotlin,Update caches,8.38,8.52,8,8,12,15,ms
:core:media:compileDebugKotlin,Total Gradle task time,2858.0,2777.98,2816,2835,3606,3410,ms
:core:media:compileDebugKotlin,Shrink and save current classpath snapshot after compilation,57.6,50.3,55,51,89,73,ms
:core:media:compileDebugKotlin,Compiler code generation,475.02,450.14,451,441,649,616,ms
:core:media:compileDebugKotlin,Remove duplicate classes,6.04,6.72,6,6,9,11,ms
:core:media:compileDebugKotlin,Run compilation,2633.22,2580.46,2560,2620,3419,3175,ms
:core:media:compileDebugKotlin,Shrink current classpath snapshot non-incrementally,46.6,39.86,43,40,72,61,ms
:core:media:compileDebugKotlin,Spent time before task action,72.38,56.98,61,54,96,91,ms
:core:media:compileDebugKotlin,Analysis lines per second,451,459,459,429,582,626,
:core:media:compileDebugKotlin,Total size of the cache directory,542.6,542.6,543,543,543,543,KB
:core:media:compileDebugKotlin,Number of cache hits when loading classpath entry snapshots,101,101,101,101,101,101,
:core:media:compileDebugKotlin,Number of lines analyzed,418,418,418,418,418,418,
:core:media:compileDebugKotlin,Size of shrunk classpath snapshot,46.4,46.4,46,46,46,46,KB
:core:media:compileDebugKotlin,Number of cache misses when loading classpath entry snapshots,1,1,1,1,1,1,
:core:media:compileDebugKotlin,Total compiler iteration,1,1,1,1,1,1,
:core:media:compileDebugKotlin,Number of times classpath snapshot is shrunk and saved after compilation,1,1,1,1,1,1,
:core:media:compileDebugKotlin,Number of times classpath snapshot is loaded,1,1,1,1,1,1,
:core:media:compileDebugKotlin,Code generation lines per second,926,1016,928,948,1172,1445,
:core:media:compileDebugKotlin,ABI snapshot size,18.0,18.0,18,18,18,18,B
:core:media:compileDebugKotlin,Size of classpath snapshot,5.7,5.7,6,6,6,6,MB
:core:media:compileDebugKotlin,Number of classpath entries,102,102,102,102,102,102,
:core:media:compileDebugKotlin,Save shrunk current classpath snapshot,3.35,2.0,3,2,5,3,ms
:core:media:compileDebugKotlin,Clear output,1.6,2.0,1,2,3,2,ms
:core:media:compileDebugKotlin,Clear outputs on rebuild,3.0,2.0,3,2,3,2,ms
:core:media:compileDebugKotlin,Store build info,6.0,,6,,6,,ms
:core:message:compileDebugKotlin,Sources compilation round,2439.84,2323.52,2347,2361,2996,2749,ms
:core:message:compileDebugKotlin,Incremental compilation in daemon,2613.74,2504.52,2583,2541,3202,2922,ms
:core:message:compileDebugKotlin,Task action before worker execution,25.32,16.44,19,16,33,27,ms
:core:message:compileDebugKotlin,Start gradle worker,2.54,2.2,2,1,5,5,ms
:core:message:compileDebugKotlin,Compiler initialization time,111.34,96.86,111,95,149,152,ms
:core:message:compileDebugKotlin,Calculate output size,2.61,2.14,2,1,5,4,ms
:core:message:compileDebugKotlin,Compiler IR lowering,211.56,207.18,203,191,304,300,ms
:core:message:compileDebugKotlin,Compiler translation to IR,479.26,461.76,455,464,617,594,ms
:core:message:compileDebugKotlin,Compiler backend,206.86,207.88,194,203,306,284,ms
:core:message:compileDebugKotlin,Compiler code analysis,1092.1,1043.14,1063,1062,1379,1282,ms
:core:message:compileDebugKotlin,Run compilation in Gradle worker,2729.7,2610.94,2675,2628,3302,3044,ms
:core:message:compileDebugKotlin,Load current classpath snapshot,6.42,5.88,6,6,10,9,ms
:core:message:compileDebugKotlin,Update caches,7.04,8.02,7,8,10,13,ms
:core:message:compileDebugKotlin,Total Gradle task time,2915.36,2770.2,2879,2782,3473,3206,ms
:core:message:compileDebugKotlin,Shrink and save current classpath snapshot after compilation,52.94,53.5,52,48,78,69,ms
:core:message:compileDebugKotlin,Compiler code generation,418.82,415.56,403,402,589,599,ms
:core:message:compileDebugKotlin,Remove duplicate classes,5.7,5.04,5,5,9,9,ms
:core:message:compileDebugKotlin,Run compilation,2670.12,2555.16,2636,2598,3249,2959,ms
:core:message:compileDebugKotlin,Shrink current classpath snapshot non-incrementally,43.24,44.92,41,39,64,55,ms
:core:message:compileDebugKotlin,Spent time before task action,46.4,43.9,47,39,62,60,ms
:core:message:compileDebugKotlin,Analysis lines per second,394,416,393,393,503,523,
:core:message:compileDebugKotlin,Total size of the cache directory,543.4,543.4,543,543,543,543,KB
:core:message:compileDebugKotlin,Number of cache hits when loading classpath entry snapshots,101,101,101,101,101,101,
:core:message:compileDebugKotlin,Number of lines analyzed,418,418,418,418,418,418,
:core:message:compileDebugKotlin,Size of shrunk classpath snapshot,46.4,46.4,46,46,46,46,KB
:core:message:compileDebugKotlin,Number of cache misses when loading classpath entry snapshots,1,1,1,1,1,1,
:core:message:compileDebugKotlin,Total compiler iteration,1,1,1,1,1,1,
:core:message:compileDebugKotlin,Number of times classpath snapshot is shrunk and saved after compilation,1,1,1,1,1,1,
:core:message:compileDebugKotlin,Number of times classpath snapshot is loaded,1,1,1,1,1,1,
:core:message:compileDebugKotlin,Code generation lines per second,1074,1082,1036,1039,1447,1454,
:core:message:compileDebugKotlin,ABI snapshot size,18.0,18.0,18,18,18,18,B
:core:message:compileDebugKotlin,Size of classpath snapshot,5.7,5.7,6,6,6,6,MB
:core:message:compileDebugKotlin,Number of classpath entries,102,102,102,102,102,102,
:core:message:compileDebugKotlin,Save shrunk current classpath snapshot,2.8,2.4,3,3,5,3,ms
:core:message:compileDebugKotlin,Store build info,3.5,3.0,4,3,6,3,ms
:core:message:compileDebugKotlin,Clear outputs on rebuild,1.5,2.0,2,2,2,2,ms
:core:message:compileDebugKotlin,Clear output,1.0,,1,,1,,ms
:core:metric:compileDebugKotlin,Sources compilation round,2281.02,2187.3,2309,2149,2708,2630,ms
:core:metric:compileDebugKotlin,Incremental compilation in daemon,2453.6,2365.6,2452,2365,2988,2849,ms
:core:metric:compileDebugKotlin,Task action before worker execution,28.14,22.14,25,21,38,33,ms
:core:metric:compileDebugKotlin,Start gradle worker,2.88,3.16,2,3,6,7,ms
:core:metric:compileDebugKotlin,Compiler initialization time,76.76,78.34,72,74,111,113,ms
:core:metric:compileDebugKotlin,Calculate output size,2.98,2.42,3,1,6,6,ms
:core:metric:compileDebugKotlin,Compiler IR lowering,214.02,191.28,196,184,334,282,ms
:core:metric:compileDebugKotlin,Compiler translation to IR,471.68,430.16,445,411,621,558,ms
:core:metric:compileDebugKotlin,Compiler backend,194.7,197.62,192,189,273,304,ms
:core:metric:compileDebugKotlin,Compiler code analysis,1001.32,992.8,988,998,1211,1282,ms
:core:metric:compileDebugKotlin,Run compilation in Gradle worker,2525.9,2444.46,2507,2434,3039,3035,ms
:core:metric:compileDebugKotlin,Load current classpath snapshot,6.76,7.2,6,6,12,13,ms
:core:metric:compileDebugKotlin,Update caches,6.68,9.06,6,7,10,11,ms
:core:metric:compileDebugKotlin,Total Gradle task time,2724.6,2630.94,2718,2625,3398,3226,ms
:core:metric:compileDebugKotlin,Shrink and save current classpath snapshot after compilation,50.92,46.16,49,46,76,64,ms
:core:metric:compileDebugKotlin,Compiler code generation,409.18,389.38,373,378,600,549,ms
:core:metric:compileDebugKotlin,Remove duplicate classes,6.14,6.42,5,6,11,12,ms
:core:metric:compileDebugKotlin,Run compilation,2508.72,2424.92,2496,2420,3031,2955,ms
:core:metric:compileDebugKotlin,Shrink current classpath snapshot non-incrementally,40.9,36.44,39,38,60,52,ms
:core:metric:compileDebugKotlin,Spent time before task action,59.36,53.3,58,51,84,79,ms
:core:metric:compileDebugKotlin,Analysis lines per second,427,440,423,419,517,571,
:core:metric:compileDebugKotlin,Total size of the cache directory,543.0,543.0,543,543,543,543,KB
:core:metric:compileDebugKotlin,Number of cache hits when loading classpath entry snapshots,101,101,101,101,101,101,
:core:metric:compileDebugKotlin,Number of lines analyzed,418,418,418,418,418,418,
:core:metric:compileDebugKotlin,Size of shrunk classpath snapshot,46.4,46.4,46,46,46,46,KB
:core:metric:compileDebugKotlin,Number of cache misses when loading classpath entry snapshots,1,1,1,1,1,1,
:core:metric:compileDebugKotlin,Total compiler iteration,1,1,1,1,1,1,
:core:metric:compileDebugKotlin,Number of times classpath snapshot is shrunk and saved after compilation,1,1,1,1,1,1,
:core:metric:compileDebugKotlin,Number of times classpath snapshot is loaded,1,1,1,1,1,1,
:core:metric:compileDebugKotlin,Code generation lines per second,1088,1166,1120,1105,1459,1612,
:core:metric:compileDebugKotlin,ABI snapshot size,18.0,18.0,18,18,18,18,B
:core:metric:compileDebugKotlin,Size of classpath snapshot,5.7,5.7,6,6,6,6,MB
:core:metric:compileDebugKotlin,Number of classpath entries,102,102,102,102,102,102,
:core:metric:compileDebugKotlin,Save shrunk current classpath snapshot,3.33,2.0,3,2,9,4,ms
:core:metric:compileDebugKotlin,Store build info,1.33,3.67,1,3,2,6,ms
:core:metric:compileDebugKotlin,Generate compiler reference index,3.0,,3,,3,,ms
:core:network:compileDebugKotlin,Sources compilation round,2208.72,2076.18,2257,2038,2679,2500,ms
:core:network:compileDebugKotlin,Incremental compilation in daemon,2371.14,2256.78,2417,2219,2869,2687,ms
:core:network:compileDebugKotlin,Task action before worker execution,28.32,22.88,24,22,38,32,ms
:core:network:compileDebugKotlin,Start gradle worker,3.2,3.04,3,2,6,6,ms
:core:network:compileDebugKotlin,Compiler initialization time,76.04,65.16,66,63,94,93,ms
:core:network:compileDebugKotlin,Calculate output size,2.52,2.26,1,1,7,4,ms
:core:network:compileDebugKotlin,Compiler IR lowering,214.38,199.62,212,193,298,274,ms
:core:network:compileDebugKotlin,Compiler translation to IR,459.98,436.78,473,437,597,534,ms
:core:network:compileDebugKotlin,Compiler backend,214.66,190.4,220,187,298,292,ms
:core:network:compileDebugKotlin,Compiler code analysis,937.98,909.0,929,913,1142,1155,ms
:core:network:compileDebugKotlin,Run compilation in Gradle worker,2442.9,2320.72,2469,2284,2917,2744,ms
:core:network:compileDebugKotlin,Load current classpath snapshot,6.64,10.26,6,7,13,15,ms
:core:network:compileDebugKotlin,Update caches,7.58,7.72,7,8,11,14,ms
:core:network:compileDebugKotlin,Total Gradle task time,2637.98,2505.86,2667,2484,3136,2913,ms
:core:network:compileDebugKotlin,Shrink and save current classpath snapshot after compilation,49.46,53.74,46,51,84,80,ms
:core:network:compileDebugKotlin,Compiler code generation,429.5,390.44,429,403,569,528,ms
:core:network:compileDebugKotlin,Remove duplicate classes,5.62,9.12,5,6,12,11,ms
:core:network:compileDebugKotlin,Run compilation,2427.54,2309.7,2461,2278,2909,2733,ms
:core:network:compileDebugKotlin,Shrink current classpath snapshot non-incrementally,39.4,40.06,35,40,70,62,ms
:core:network:compileDebugKotlin,Spent time before task action,62.3,54.9,59,54,88,73,ms
:core:network:compileDebugKotlin,Analysis lines per second,461,482,450,458,577,629,
:core:network:compileDebugKotlin,Total size of the cache directory,543.4,543.4,543,543,543,543,KB
:core:network:compileDebugKotlin,Number of cache hits when loading classpath entry snapshots,101,101,101,101,101,101,
:core:network:compileDebugKotlin,Number of lines analyzed,418,418,418,418,418,418,
:core:network:compileDebugKotlin,Size of shrunk classpath snapshot,46.4,46.4,46,46,46,46,KB
:core:network:compileDebugKotlin,Number of cache misses when loading classpath entry snapshots,1,1,1,1,1,1,
:core:network:compileDebugKotlin,Total compiler iteration,1,1,1,1,1,1,
:core:network:compileDebugKotlin,Number of times classpath snapshot is shrunk and saved after compilation,1,1,1,1,1,1,
:core:network:compileDebugKotlin,Number of times classpath snapshot is loaded,1,1,1,1,1,1,
:core:network:compileDebugKotlin,Code generation lines per second,1033,1171,974,1036,1479,1712,
:core:network:compileDebugKotlin,ABI snapshot size,18.0,18.0,18,18,18,18,B
:core:network:compileDebugKotlin,Size of classpath snapshot,5.7,5.7,6,6,6,6,MB
:core:network:compileDebugKotlin,Number of classpath entries,102,102,102,102,102,102,
:core:network:compileDebugKotlin,Clear output,1.0,3.0,1,3,1,4,ms
:core:network:compileDebugKotlin,Store build info,5.33,,6,,9,,ms
:core:network:compileDebugKotlin,Save shrunk current classpath snapshot,3.69,3.62,3,3,11,6,ms
:core:news:compileDebugKotlin,Sources compilation round,2036.16,1984.86,2022,2030,2556,2439,ms
:core:news:compileDebugKotlin,Incremental compilation in daemon,2198.64,2146.76,2189,2185,2728,2630,ms
:core:news:compileDebugKotlin,Task action before worker execution,26.46,24.54,26,24,40,35,ms
:core:news:compileDebugKotlin,Start gradle worker,2.7,2.56,2,3,6,5,ms
:core:news:compileDebugKotlin,Compiler initialization time,69.42,65.54,66,68,96,93,ms
:core:news:compileDebugKotlin,Calculate output size,2.42,2.54,2,2,4,6,ms
:core:news:compileDebugKotlin,Compiler IR lowering,214.24,207.78,214,215,295,267,ms
:core:news:compileDebugKotlin,Compiler translation to IR,450.9,426.94,439,410,554,584,ms
:core:news:compileDebugKotlin,Compiler backend,211.06,197.58,217,186,331,302,ms
:core:news:compileDebugKotlin,Compiler code analysis,836.06,827.7,811,801,1136,1089,ms
:core:news:compileDebugKotlin,Run compilation in Gradle worker,2271.98,2216.94,2243,2255,2864,2681,ms
:core:news:compileDebugKotlin,Load current classpath snapshot,6.66,6.7,6,6,12,12,ms
:core:news:compileDebugKotlin,Update caches,7.62,11.66,7,6,12,14,ms
:core:news:compileDebugKotlin,Total Gradle task time,2464.18,2402.02,2417,2454,3037,2891,ms
:core:news:compileDebugKotlin,Shrink and save current classpath snapshot after compilation,48.14,47.62,45,45,74,73,ms
:core:news:compileDebugKotlin,Compiler code generation,425.76,405.92,421,404,571,546,ms
:core:news:compileDebugKotlin,Remove duplicate classes,5.94,6.22,6,6,12,11,ms
:core:news:compileDebugKotlin,Run compilation,2263.88,2201.58,2235,2245,2851,2676,ms
:core:news:compileDebugKotlin,Shrink current classpath snapshot non-incrementally,38.78,37.66,35,35,59,57,ms
:core:news:compileDebugKotlin,Spent time before task action,62.16,73.48,63,57,82,83,ms
:core:news:compileDebugKotlin,Analysis lines per second,521,528,515,522,676,664,
:core:news:compileDebugKotlin,Total size of the cache directory,542.3,542.3,542,542,542,542,KB
:core:news:compileDebugKotlin,Number of cache hits when loading classpath entry snapshots,101,101,101,101,101,101,
:core:news:compileDebugKotlin,Number of lines analyzed,418,418,418,418,418,418,
:core:news:compileDebugKotlin,Size of shrunk classpath snapshot,46.4,46.4,46,46,46,46,KB
:core:news:compileDebugKotlin,Number of cache misses when loading classpath entry snapshots,1,1,1,1,1,1,
:core:news:compileDebugKotlin,Total compiler iteration,1,1,1,1,1,1,
:core:news:compileDebugKotlin,Number of times classpath snapshot is shrunk and saved after compilation,1,1,1,1,1,1,
:core:news:compileDebugKotlin,Number of times classpath snapshot is loaded,1,1,1,1,1,1,
:core:news:compileDebugKotlin,Code generation lines per second,1069,1079,991,1033,1628,1341,
:core:news:compileDebugKotlin,ABI snapshot size,18.0,18.0,18,18,18,18,B
:core:news:compileDebugKotlin,Size of classpath snapshot,5.7,5.7,6,6,6,6,MB
:core:news:compileDebugKotlin,Number of classpath entries,102,102,102,102,102,102,
:core:news:compileDebugKotlin,Save shrunk current classpath snapshot,3.0,3.39,3,3,8,9,ms
:core:news:compileDebugKotlin,Clear outputs on rebuild,2.5,,3,,3,,ms
:core:news:compileDebugKotlin,Store build info,5.0,6.0,5,6,6,10,ms
:core:news:compileDebugKotlin,Generate compiler reference index,3.0,,3,,3,,ms
:core:note:compileDebugKotlin,Sources compilation round,2364.9,2298.06,2298,2323,2952,2826,ms
:core:note:compileDebugKotlin,Incremental compilation in daemon,2532.16,2473.22,2497,2499,3128,3030,ms
:core:note:compileDebugKotlin,Task action before worker execution,16.96,16.08,17,15,24,24,ms
:core:note:compileDebugKotlin,Start gradle worker,2.36,4.96,1,1,6,4,ms
:core:note:compileDebugKotlin,Compiler initialization time,89.82,93.24,87,94,116,128,ms
:core:note:compileDebugKotlin,Calculate output size,2.96,2.86,1,3,7,7,ms
:core:note:compileDebugKotlin,Compiler IR lowering,205.62,211.9,196,212,274,305,ms
:core:note:compileDebugKotlin,Compiler translation to IR,511.52,489.12,478,485,692,649,ms
:core:note:compileDebugKotlin,Compiler backend,200.2,203.68,196,200,301,308,ms
:core:note:compileDebugKotlin,Compiler code analysis,1046.32,986.7,1053,979,1333,1223,ms
:core:note:compileDebugKotlin,Run compilation in Gradle worker,2632.58,2573.52,2644,2566,3281,3117,ms
:core:note:compileDebugKotlin,Load current classpath snapshot,6.18,7.16,6,7,9,12,ms
:core:note:compileDebugKotlin,Update caches,7.52,7.38,7,7,11,11,ms
:core:note:compileDebugKotlin,Total Gradle task time,2805.52,2741.2,2799,2751,3583,3314,ms
:core:note:compileDebugKotlin,Shrink and save current classpath snapshot after compilation,49.8,52.32,48,52,76,79,ms
:core:note:compileDebugKotlin,Compiler code generation,406.34,416.2,403,402,546,583,ms
:core:note:compileDebugKotlin,Remove duplicate classes,5.64,6.26,6,6,9,9,ms
:core:note:compileDebugKotlin,Run compilation,2585.0,2525.46,2597,2555,3176,3071,ms
:core:note:compileDebugKotlin,Shrink current classpath snapshot non-incrementally,40.2,42.32,40,41,61,62,ms
:core:note:compileDebugKotlin,Spent time before task action,45.34,46.16,43,41,64,67,ms
:core:note:compileDebugKotlin,Analysis lines per second,416,442,397,426,550,569,
:core:note:compileDebugKotlin,Total size of the cache directory,542.3,542.3,542,542,542,542,KB
:core:note:compileDebugKotlin,Number of cache hits when loading classpath entry snapshots,101,101,101,101,101,101,
:core:note:compileDebugKotlin,Number of lines analyzed,418,418,418,418,418,418,
:core:note:compileDebugKotlin,Size of shrunk classpath snapshot,46.4,46.4,46,46,46,46,KB
:core:note:compileDebugKotlin,Number of cache misses when loading classpath entry snapshots,1,1,1,1,1,1,
:core:note:compileDebugKotlin,Total compiler iteration,1,1,1,1,1,1,
:core:note:compileDebugKotlin,Number of times classpath snapshot is shrunk and saved after compilation,1,1,1,1,1,1,
:core:note:compileDebugKotlin,Number of times classpath snapshot is loaded,1,1,1,1,1,1,
:core:note:compileDebugKotlin,Code generation lines per second,1089,1078,1038,1038,1425,1548,
:core:note:compileDebugKotlin,ABI snapshot size,18.0,18.0,18,18,18,18,B
:core:note:compileDebugKotlin,Size of classpath snapshot,5.7,5.7,6,6,6,6,MB
:core:note:compileDebugKotlin,Number of classpath entries,102,102,102,102,102,102,
:core:note:compileDebugKotlin,Save shrunk current classpath snapshot,2.23,3.55,2,3,4,9,ms
:core:note:compileDebugKotlin,Store build info,4.67,,3,,8,,ms
:core:notification:compileDebugKotlin,Sources compilation round,2229.2,2194.88,2257,2167,2728,2708,ms
:core:notification:compileDebugKotlin,Incremental compilation in daemon,2405.82,2370.78,2418,2362,2903,2887,ms
:core:notification:compileDebugKotlin,Task action before worker execution,22.62,21.86,21,22,34,33,ms
:core:notification:compileDebugKotlin,Start gradle worker,2.36,3.02,2,2,5,6,ms
:core:notification:compileDebugKotlin,Compiler initialization time,68.22,68.32,65,69,99,94,ms
:core:notification:compileDebugKotlin,Calculate output size,3.66,2.92,3,2,9,6,ms
:core:notification:compileDebugKotlin,Compiler IR lowering,208.1,212.66,208,214,290,284,ms
:core:notification:compileDebugKotlin,Compiler translation to IR,470.22,462.88,457,464,567,545,ms
:core:notification:compileDebugKotlin,Compiler backend,203.34,207.06,197,199,265,291,ms
:core:notification:compileDebugKotlin,Compiler code analysis,972.4,935.32,951,932,1247,1286,ms
:core:notification:compileDebugKotlin,Run compilation in Gradle worker,2485.52,2438.94,2480,2413,3003,2967,ms
:core:notification:compileDebugKotlin,Load current classpath snapshot,6.76,6.72,6,7,12,10,ms
:core:notification:compileDebugKotlin,Update caches,7.28,6.92,7,7,10,11,ms
:core:notification:compileDebugKotlin,Total Gradle task time,2703.76,2638.34,2693,2630,3232,3155,ms
:core:notification:compileDebugKotlin,Shrink and save current classpath snapshot after compilation,57.06,50.5,55,50,81,71,ms
:core:notification:compileDebugKotlin,Compiler code generation,411.92,420.24,409,431,533,554,ms
:core:notification:compileDebugKotlin,Remove duplicate classes,6.08,6.08,5,6,11,9,ms
:core:notification:compileDebugKotlin,Run compilation,2463.1,2423.08,2459,2404,2944,2924,ms
:core:notification:compileDebugKotlin,Shrink current classpath snapshot non-incrementally,47.32,40.36,46,41,68,59,ms
:core:notification:compileDebugKotlin,Spent time before task action,58.66,62.76,56,56,88,90,ms
:core:notification:compileDebugKotlin,Analysis lines per second,447,464,439,448,572,595,
:core:notification:compileDebugKotlin,Total size of the cache directory,545.3,545.3,545,545,545,545,KB
:core:notification:compileDebugKotlin,Number of cache hits when loading classpath entry snapshots,101,101,101,101,101,101,
:core:notification:compileDebugKotlin,Number of lines analyzed,418,418,418,418,418,418,
:core:notification:compileDebugKotlin,Size of shrunk classpath snapshot,46.4,46.4,46,46,46,46,KB
:core:notification:compileDebugKotlin,Number of cache misses when loading classpath entry snapshots,1,1,1,1,1,1,
:core:notification:compileDebugKotlin,Total compiler iteration,1,1,1,1,1,1,
:core:notification:compileDebugKotlin,Number of times classpath snapshot is shrunk and saved after compilation,1,1,1,1,1,1,
:core:notification:compileDebugKotlin,Number of times classpath snapshot is loaded,1,1,1,1,1,1,
:core:notification:compileDebugKotlin,Code generation lines per second,1060,1067,1022,969,1377,1555,
:core:notification:compileDebugKotlin,ABI snapshot size,18.0,18.0,18,18,18,18,B
:core:notification:compileDebugKotlin,Size of classpath snapshot,5.7,5.7,6,6,6,6,MB
:core:notification:compileDebugKotlin,Number of classpath entries,102,102,102,102,102,102,
:core:notification:compileDebugKotlin,Save shrunk current classpath snapshot,3.27,3.25,3,3,5,6,ms
:core:notification:compileDebugKotlin,Store build info,3.0,3.67,3,3,3,7,ms
:core:notification:compileDebugKotlin,Clear outputs on rebuild,2.0,2.67,2,3,2,3,ms
:core:photo:compileDebugKotlin,Sources compilation round,2145.24,2118.28,2063,2157,2608,2540,ms
:core:photo:compileDebugKotlin,Incremental compilation in daemon,2322.44,2290.54,2246,2313,2791,2721,ms
:core:photo:compileDebugKotlin,Task action before worker execution,26.76,25.52,28,26,37,36,ms
:core:photo:compileDebugKotlin,Start gradle worker,3.18,3.04,3,2,6,6,ms
:core:photo:compileDebugKotlin,Compiler initialization time,67.96,63.52,68,62,94,86,ms
:core:photo:compileDebugKotlin,Calculate output size,3.34,2.88,2,2,9,7,ms
:core:photo:compileDebugKotlin,Compiler IR lowering,204.74,217.24,211,227,274,279,ms
:core:photo:compileDebugKotlin,Compiler translation to IR,459.24,453.7,446,447,620,573,ms
:core:photo:compileDebugKotlin,Compiler backend,205.74,201.8,207,202,310,299,ms
:core:photo:compileDebugKotlin,Compiler code analysis,917.08,888.28,919,892,1139,1160,ms
:core:photo:compileDebugKotlin,Run compilation in Gradle worker,2401.12,2352.64,2345,2372,2869,2819,ms
:core:photo:compileDebugKotlin,Load current classpath snapshot,8.0,7.86,7,8,15,13,ms
:core:photo:compileDebugKotlin,Update caches,7.56,7.28,7,7,12,12,ms
:core:photo:compileDebugKotlin,Total Gradle task time,2617.7,2572.96,2618,2555,3065,3089,ms
:core:photo:compileDebugKotlin,Shrink and save current classpath snapshot after compilation,52.9,53.82,51,52,74,78,ms
:core:photo:compileDebugKotlin,Compiler code generation,411.06,419.46,421,429,545,554,ms
:core:photo:compileDebugKotlin,Remove duplicate classes,7.42,7.18,7,7,14,13,ms
:core:photo:compileDebugKotlin,Run compilation,2377.88,2338.5,2303,2364,2849,2770,ms
:core:photo:compileDebugKotlin,Shrink current classpath snapshot non-incrementally,42.08,42.78,40,41,61,60,ms
:core:photo:compileDebugKotlin,Spent time before task action,75.44,77.16,68,63,97,102,ms
:core:photo:compileDebugKotlin,Analysis lines per second,470,495,455,468,577,674,
:core:photo:compileDebugKotlin,Total size of the cache directory,542.6,542.6,543,543,543,543,KB
:core:photo:compileDebugKotlin,Number of cache hits when loading classpath entry snapshots,101,101,101,101,101,101,
:core:photo:compileDebugKotlin,Number of lines analyzed,418,418,418,418,418,418,
:core:photo:compileDebugKotlin,Size of shrunk classpath snapshot,46.4,46.4,46,46,46,46,KB
:core:photo:compileDebugKotlin,Number of cache misses when loading classpath entry snapshots,1,1,1,1,1,1,
:core:photo:compileDebugKotlin,Total compiler iteration,1,1,1,1,1,1,
:core:photo:compileDebugKotlin,Number of times classpath snapshot is shrunk and saved after compilation,1,1,1,1,1,1,
:core:photo:compileDebugKotlin,Number of times classpath snapshot is loaded,1,1,1,1,1,1,
:core:photo:compileDebugKotlin,Code generation lines per second,1092,1073,993,975,1654,1572,
:core:photo:compileDebugKotlin,ABI snapshot size,18.0,18.0,18,18,18,18,B
:core:photo:compileDebugKotlin,Size of classpath snapshot,5.7,5.7,6,6,6,6,MB
:core:photo:compileDebugKotlin,Number of classpath entries,102,102,102,102,102,102,
:core:photo:compileDebugKotlin,Save shrunk current classpath snapshot,3.45,2.55,3,2,9,5,ms
:core:photo:compileDebugKotlin,Store build info,2.33,3.0,2,3,3,3,ms
:core:photo:compileDebugKotlin,Clear output,3.0,3.0,3,3,4,3,ms
:core:playlist:compileDebugKotlin,Sources compilation round,2096.48,2027.46,2066,2083,2446,2419,ms
:core:playlist:compileDebugKotlin,Incremental compilation in daemon,2254.82,2184.18,2210,2245,2636,2614,ms
:core:playlist:compileDebugKotlin,Task action before worker execution,26.36,25.62,27,25,36,37,ms
:core:playlist:compileDebugKotlin,Start gradle worker,4.38,3.54,4,3,10,7,ms
:core:playlist:compileDebugKotlin,Compiler initialization time,65.12,56.6,63,61,91,79,ms
:core:playlist:compileDebugKotlin,Calculate output size,2.52,2.35,2,2,5,5,ms
:core:playlist:compileDebugKotlin,Compiler IR lowering,218.48,211.82,217,209,298,285,ms
:core:playlist:compileDebugKotlin,Compiler translation to IR,465.78,459.34,459,458,591,568,ms
:core:playlist:compileDebugKotlin,Compiler backend,203.14,191.74,207,191,294,268,ms
:core:playlist:compileDebugKotlin,Compiler code analysis,858.96,836.78,852,839,1053,1042,ms
:core:playlist:compileDebugKotlin,Run compilation in Gradle worker,2323.92,2255.28,2281,2302,2740,2678,ms
:core:playlist:compileDebugKotlin,Load current classpath snapshot,6.38,5.92,6,6,11,11,ms
:core:playlist:compileDebugKotlin,Update caches,7.3,7.3,7,7,11,12,ms
:core:playlist:compileDebugKotlin,Total Gradle task time,2507.7,2431.7,2502,2490,2897,2875,ms
:core:playlist:compileDebugKotlin,Shrink and save current classpath snapshot after compilation,47.0,47.66,47,45,74,72,ms
:core:playlist:compileDebugKotlin,Compiler code generation,422.04,404.18,420,393,594,521,ms
:core:playlist:compileDebugKotlin,Remove duplicate classes,5.68,5.2,5,5,10,9,ms
:core:playlist:compileDebugKotlin,Run compilation,2311.62,2243.28,2270,2294,2731,2668,ms
:core:playlist:compileDebugKotlin,Shrink current classpath snapshot non-incrementally,37.74,38.78,38,36,59,59,ms
:core:playlist:compileDebugKotlin,Save shrunk current classpath snapshot,2.62,2.62,3,2,5,6,ms
:core:playlist:compileDebugKotlin,Spent time before task action,63.14,58.06,61,56,84,82,ms
:core:playlist:compileDebugKotlin,Analysis lines per second,501,522,491,498,624,680,
:core:playlist:compileDebugKotlin,Total size of the cache directory,543.8,543.8,544,544,544,544,KB
:core:playlist:compileDebugKotlin,Number of cache hits when loading classpath entry snapshots,101,101,101,101,101,101,
:core:playlist:compileDebugKotlin,Number of lines analyzed,418,418,418,418,418,418,
:core:playlist:compileDebugKotlin,Size of shrunk classpath snapshot,46.4,46.4,46,46,46,46,KB
:core:playlist:compileDebugKotlin,Number of cache misses when loading classpath entry snapshots,1,1,1,1,1,1,
:core:playlist:compileDebugKotlin,Total compiler iteration,1,1,1,1,1,1,
:core:playlist:compileDebugKotlin,Number of times classpath snapshot is shrunk and saved after compilation,1,1,1,1,1,1,
:core:playlist:compileDebugKotlin,Number of times classpath snapshot is loaded,1,1,1,1,1,1,
:core:playlist:compileDebugKotlin,Code generation lines per second,1055,1096,993,1062,1461,1335,
:core:playlist:compileDebugKotlin,ABI snapshot size,18.0,18.0,18,18,18,18,B
:core:playlist:compileDebugKotlin,Size of classpath snapshot,5.7,5.7,6,6,6,6,MB
:core:playlist:compileDebugKotlin,Number of classpath entries,102,102,102,102,102,102,
:core:playlist:compileDebugKotlin,Store build info,2.0,6.0,2,6,2,6,ms
:core:playlist:compileDebugKotlin,Generate compiler reference index,1.0,,1,,1,,ms
:core:playlist:compileDebugKotlin,Clear outputs on rebuild,4.0,5.5,4,6,4,9,ms
:core:playlist:compileDebugKotlin,Clear output,3.0,,3,,3,,ms
:core:podcast:compileDebugKotlin,Sources compilation round,2162.4,2081.44,2153,2095,2652,2515,ms
:core:podcast:compileDebugKotlin,Incremental compilation in daemon,2328.78,2254.06,2296,2231,2850,2676,ms
:core:podcast:compileDebugKotlin,Task action before worker execution,17.96,15.98,18,17,29,27,ms
:core:podcast:compileDebugKotlin,Start gradle worker,2.68,2.06,2,1,6,5,ms
:core:podcast:compileDebugKotlin,Compiler initialization time,94.3,78.04,91,69,130,123,ms
:core:podcast:compileDebugKotlin,Calculate output size,2.58,3.22,2,2,6,8,ms
:core:podcast:compileDebugKotlin,Compiler IR lowering,193.64,192.04,185,188,287,286,ms
:core:podcast:compileDebugKotlin,Compiler translation to IR,497.22,477.16,466,449,690,628,ms
:core:podcast:compileDebugKotlin,Compiler backend,165.4,165.02,160,163,237,231,ms
:core:podcast:compileDebugKotlin,Compiler code analysis,923.1,882.02,917,877,1160,1158,ms
:core:podcast:compileDebugKotlin,Run compilation in Gradle worker,2438.4,2347.7,2396,2342,2902,2919,ms
:core:podcast:compileDebugKotlin,Load current classpath snapshot,7.08,7.0,6,7,11,10,ms
:core:podcast:compileDebugKotlin,Update caches,8.98,7.58,7,6,12,10,ms
:core:podcast:compileDebugKotlin,Total Gradle task time,2624.58,2502.9,2575,2472,3166,3118,ms
:core:podcast:compileDebugKotlin,Shrink and save current classpath snapshot after compilation,52.04,52.7,52,49,78,70,ms
:core:podcast:compileDebugKotlin,Compiler code generation,359.74,357.6,356,370,493,475,ms
:core:podcast:compileDebugKotlin,Remove duplicate classes,6.24,6.38,6,6,10,10,ms
:core:podcast:compileDebugKotlin,Run compilation,2380.28,2299.14,2343,2274,2891,2736,ms
:core:podcast:compileDebugKotlin,Shrink current classpath snapshot non-incrementally,42.46,42.82,43,39,67,59,ms
:core:podcast:compileDebugKotlin,Spent time before task action,50.86,47.7,48,42,67,73,ms
:core:podcast:compileDebugKotlin,Analysis lines per second,468,502,456,476,633,643,
:core:podcast:compileDebugKotlin,Total size of the cache directory,543.4,543.4,543,543,543,543,KB
:core:podcast:compileDebugKotlin,Number of cache hits when loading classpath entry snapshots,101,101,101,101,101,101,
:core:podcast:compileDebugKotlin,Number of lines analyzed,418,418,418,418,418,418,
:core:podcast:compileDebugKotlin,Size of shrunk classpath snapshot,46.4,46.4,46,46,46,46,KB
:core:podcast:compileDebugKotlin,Number of cache misses when loading classpath entry snapshots,1,1,1,1,1,1,
:core:podcast:compileDebugKotlin,Total compiler iteration,1,1,1,1,1,1,
:core:podcast:compileDebugKotlin,Number of times classpath snapshot is shrunk and saved after compilation,1,1,1,1,1,1,
:core:podcast:compileDebugKotlin,Number of times classpath snapshot is loaded,1,1,1,1,1,1,
:core:podcast:compileDebugKotlin,Code generation lines per second,1254,1263,1171,1129,1761,1776,
:core:podcast:compileDebugKotlin,ABI snapshot size,18.0,18.0,18,18,18,18,B
:core:podcast:compileDebugKotlin,Size of classpath snapshot,5.7,5.7,6,6,6,6,MB
:core:podcast:compileDebugKotlin,Number of classpath entries,102,102,102,102,102,102,
:core:podcast:compileDebugKotlin,Clear output,1.0,,1,,1,,ms
:core:podcast:compileDebugKotlin,Store build info,2.0,2.0,2,2,2,2,ms
:core:podcast:compileDebugKotlin,Save shrunk current classpath snapshot,3.71,2.45,3,2,6,5,ms
:core:post:compileDebugKotlin,Sources compilation round,2132.6,2038.52,2114,2018,2561,2362,ms
:core:post:compileDebugKotlin,Incremental compilation in daemon,2295.36,2204.06,2283,2194,2714,2568,ms
:core:post:compileDebugKotlin,Task action before worker execution,23.38,20.66,21,19,29,31,ms
:core:post:compileDebugKotlin,Start gradle worker,5.38,2.46,2,2,4,5,ms
:core:post:compileDebugKotlin,Compiler initialization time,71.36,67.86,63,67,111,99,ms
:core:post:compileDebugKotlin,Calculate output size,3.3,2.94,2,2,7,6,ms
:core:post:compileDebugKotlin,Compiler IR lowering,198.92,178.2,185,181,260,249,ms
:core:post:compileDebugKotlin,Compiler translation to IR,463.52,448.14,440,423,603,561,ms
:core:post:compileDebugKotlin,Compiler backend,175.56,170.24,161,166,278,229,ms
:core:post:compileDebugKotlin,Compiler code analysis,920.98,883.5,906,882,1156,1073,ms
:core:post:compileDebugKotlin,Run compilation in Gradle worker,2373.72,2276.6,2375,2273,2799,2664,ms
:core:post:compileDebugKotlin,Load current classpath snapshot,6.52,7.98,6,6,10,9,ms
:core:post:compileDebugKotlin,Update caches,6.88,6.5,6,6,10,9,ms
:core:post:compileDebugKotlin,Total Gradle task time,2568.5,2464.96,2568,2471,3003,2978,ms
:core:post:compileDebugKotlin,Shrink and save current classpath snapshot after compilation,50.52,52.4,49,49,81,78,ms
:core:post:compileDebugKotlin,Compiler code generation,375.1,348.9,350,363,523,467,ms
:core:post:compileDebugKotlin,Remove duplicate classes,6.0,7.64,6,6,10,9,ms
:core:post:compileDebugKotlin,Run compilation,2348.28,2248.54,2343,2235,2773,2618,ms
:core:post:compileDebugKotlin,Shrink current classpath snapshot non-incrementally,40.82,41.74,40,40,69,64,ms
:core:post:compileDebugKotlin,Save shrunk current classpath snapshot,3.0,2.67,3,3,5,4,ms
:core:post:compileDebugKotlin,Spent time before task action,56.06,53.06,58,51,69,79,ms
:core:post:compileDebugKotlin,Analysis lines per second,468,485,461,473,587,581,
:core:post:compileDebugKotlin,Total size of the cache directory,542.3,542.3,542,542,542,542,KB
:core:post:compileDebugKotlin,Number of cache hits when loading classpath entry snapshots,101,101,101,101,101,101,
:core:post:compileDebugKotlin,Number of lines analyzed,418,418,418,418,418,418,
:core:post:compileDebugKotlin,Size of shrunk classpath snapshot,46.4,46.4,46,46,46,46,KB
:core:post:compileDebugKotlin,Number of cache misses when loading classpath entry snapshots,1,1,1,1,1,1,
:core:post:compileDebugKotlin,Total compiler iteration,1,1,1,1,1,1,
:core:post:compileDebugKotlin,Number of times classpath snapshot is shrunk and saved after compilation,1,1,1,1,1,1,
:core:post:compileDebugKotlin,Number of times classpath snapshot is loaded,1,1,1,1,1,1,
:core:post:compileDebugKotlin,Code generation lines per second,1181,1296,1193,1149,1572,1868,
:core:post:compileDebugKotlin,ABI snapshot size,18.0,18.0,18,18,18,18,B
:core:post:compileDebugKotlin,Size of classpath snapshot,5.7,5.7,6,6,6,6,MB
:core:post:compileDebugKotlin,Number of classpath entries,102,102,102,102,102,102,
:core:post:compileDebugKotlin,Store build info,2.0,19.0,2,19,2,19,ms
:core:post:compileDebugKotlin,Clear outputs on rebuild,3.0,2.0,3,2,3,3,ms
:core:profile:compileDebugKotlin,Sources compilation round,1991.68,1869.58,1947,1870,2472,2307,ms
:core:profile:compileDebugKotlin,Incremental compilation in daemon,2147.58,2029.06,2077,2071,2655,2494,ms
:core:profile:compileDebugKotlin,Task action before worker execution,24.72,29.84,24,25,34,33,ms
:core:profile:compileDebugKotlin,Start gradle worker,2.92,3.5,3,3,5,8,ms
:core:profile:compileDebugKotlin,Compiler initialization time,65.44,64.32,60,63,93,81,ms
:core:profile:compileDebugKotlin,Calculate output size,2.5,2.7,2,1,6,7,ms
:core:profile:compileDebugKotlin,Compiler IR lowering,190.02,169.54,189,170,273,267,ms
:core:profile:compileDebugKotlin,Compiler translation to IR,463.96,406.86,430,398,680,566,ms
:core:profile:compileDebugKotlin,Compiler backend,159.18,155.7,162,152,230,233,ms
:core:profile:compileDebugKotlin,Compiler code analysis,831.32,813.18,790,794,1167,1094,ms
:core:profile:compileDebugKotlin,Run compilation in Gradle worker,2223.72,2092.68,2154,2150,2742,2558,ms
:core:profile:compileDebugKotlin,Load current classpath snapshot,5.56,6.22,6,6,9,11,ms
:core:profile:compileDebugKotlin,Update caches,6.54,8.66,6,7,11,10,ms
:core:profile:compileDebugKotlin,Total Gradle task time,2414.18,2269.98,2325,2305,2935,2769,ms
:core:profile:compileDebugKotlin,Shrink and save current classpath snapshot after compilation,50.14,47.66,51,44,76,65,ms
:core:profile:compileDebugKotlin,Compiler code generation,349.74,325.76,336,314,475,498,ms
:core:profile:compileDebugKotlin,Remove duplicate classes,4.86,5.56,5,5,9,10,ms
:core:profile:compileDebugKotlin,Run compilation,2204.72,2080.72,2145,2143,2696,2549,ms
:core:profile:compileDebugKotlin,Shrink current classpath snapshot non-incrementally,41.62,38.68,40,37,67,53,ms
:core:profile:compileDebugKotlin,Save shrunk current classpath snapshot,3.8,3.67,4,4,7,6,ms
:core:profile:compileDebugKotlin,Spent time before task action,67.1,57.14,64,58,93,75,ms
:core:profile:compileDebugKotlin,Analysis lines per second,527,544,529,526,683,684,
:core:profile:compileDebugKotlin,Total size of the cache directory,543.1,543.1,543,543,543,543,KB
:core:profile:compileDebugKotlin,Number of cache hits when loading classpath entry snapshots,101,101,101,101,101,101,
:core:profile:compileDebugKotlin,Number of lines analyzed,418,418,418,418,418,418,
:core:profile:compileDebugKotlin,Size of shrunk classpath snapshot,46.4,46.4,46,46,46,46,KB
:core:profile:compileDebugKotlin,Number of cache misses when loading classpath entry snapshots,1,1,1,1,1,1,
:core:profile:compileDebugKotlin,Total compiler iteration,1,1,1,1,1,1,
:core:profile:compileDebugKotlin,Number of times classpath snapshot is shrunk and saved after compilation,1,1,1,1,1,1,
:core:profile:compileDebugKotlin,Number of times classpath snapshot is loaded,1,1,1,1,1,1,
:core:profile:compileDebugKotlin,Code generation lines per second,1280,1440,1241,1328,1837,2021,
:core:profile:compileDebugKotlin,ABI snapshot size,18.0,18.0,18,18,18,18,B
:core:profile:compileDebugKotlin,Size of classpath snapshot,5.7,5.7,6,6,6,6,MB
:core:profile:compileDebugKotlin,Number of classpath entries,102,102,102,102,102,102,
:core:profile:compileDebugKotlin,Clear outputs on rebuild,3.0,,3,,3,,ms
:core:push:compileDebugKotlin,Sources compilation round,1890.46,1826.72,1797,1813,2276,2207,ms
:core:push:compileDebugKotlin,Incremental compilation in daemon,2035.58,1970.44,1960,1958,2387,2390,ms
:core:push:compileDebugKotlin,Task action before worker execution,22.98,26.54,21,21,35,35,ms
:core:push:compileDebugKotlin,Start gradle worker,2.88,3.42,2,3,7,7,ms
:core:push:compileDebugKotlin,Compiler initialization time,75.58,66.16,69,65,119,85,ms
:core:push:compileDebugKotlin,Calculate output size,2.6,2.16,1,1,6,5,ms
:core:push:compileDebugKotlin,Compiler IR lowering,179.9,168.02,178,160,252,247,ms
:core:push:compileDebugKotlin,Compiler translation to IR,452.28,412.16,436,421,585,526,ms
:core:push:compileDebugKotlin,Compiler backend,165.48,163.82,157,154,235,235,ms
:core:push:compileDebugKotlin,Compiler code analysis,761.92,758.92,737,766,1013,940,ms
:core:push:compileDebugKotlin,Run compilation in Gradle worker,2111.74,2036.76,2018,2023,2436,2497,ms
:core:push:compileDebugKotlin,Load current classpath snapshot,6.04,5.88,5,5,11,11,ms
:core:push:compileDebugKotlin,Update caches,6.16,7.0,6,7,11,11,ms
:core:push:compileDebugKotlin,Total Gradle task time,2288.16,2203.12,2176,2191,2682,2735,ms
:core:push:compileDebugKotlin,Shrink and save current classpath snapshot after compilation,46.42,46.62,45,44,71,78,ms
:core:push:compileDebugKotlin,Compiler code generation,345.72,332.42,326,319,490,459,ms
:core:push:compileDebugKotlin,Remove duplicate classes,5.5,5.42,5,5,10,11,ms
:core:push:compileDebugKotlin,Run compilation,2097.34,2027.92,2010,2016,2427,2486,ms
:core:push:compileDebugKotlin,Shrink current classpath snapshot non-incrementally,37.64,38.0,38,38,56,65,ms
:core:push:compileDebugKotlin,Spent time before task action,63.62,64.54,60,64,94,78,ms
:core:push:compileDebugKotlin,Analysis lines per second,571,590,566,546,705,743,
:core:push:compileDebugKotlin,Total size of the cache directory,542.0,542.0,542,542,542,542,KB
:core:push:compileDebugKotlin,Number of cache hits when loading classpath entry snapshots,101,101,101,101,101,101,
:core:push:compileDebugKotlin,Number of lines analyzed,418,418,418,418,418,418,
:core:push:compileDebugKotlin,Size of shrunk classpath snapshot,46.4,46.4,46,46,46,46,KB
:core:push:compileDebugKotlin,Number of cache misses when loading classpath entry snapshots,1,1,1,1,1,1,
:core:push:compileDebugKotlin,Total compiler iteration,1,1,1,1,1,1,
:core:push:compileDebugKotlin,Number of times classpath snapshot is shrunk and saved after compilation,1,1,1,1,1,1,
:core:push:compileDebugKotlin,Number of times classpath snapshot is loaded,1,1,1,1,1,1,
:core:push:compileDebugKotlin,Code generation lines per second,1281,1353,1282,1310,1762,1837,
:core:push:compileDebugKotlin,ABI snapshot size,18.0,18.0,18,18,18,18,B
:core:push:compileDebugKotlin,Size of classpath snapshot,5.7,5.7,6,6,6,6,MB
:core:push:compileDebugKotlin,Number of classpath entries,102,102,102,102,102,102,
:core:push:compileDebugKotlin,Save shrunk current classpath snapshot,3.63,2.75,3,3,9,4,ms
:core:push:compileDebugKotlin,Clear output,5.0,1.5,5,2,5,2,ms
:core:push:compileDebugKotlin,Clear outputs on rebuild,1.0,,1,,1,,ms
:core:push-contact:compileDebugKotlin,Sources compilation round,2092.24,1896.56,2045,1924,2507,2256,ms
:core:push-contact:compileDebugKotlin,Incremental compilation in daemon,2272.4,2048.28,2249,2106,2765,2424,ms
:core:push-contact:compileDebugKotlin,Task action before worker execution,18.06,16.36,19,17,25,25,ms
:core:push-contact:compileDebugKotlin,Start gradle worker,2.12,2.48,1,1,4,6,ms
:core:push-contact:compileDebugKotlin,Compiler initialization time,84.8,79.5,85,76,115,111,ms
:core:push-contact:compileDebugKotlin,Calculate output size,2.98,2.55,2,1,7,6,ms
:core:push-contact:compileDebugKotlin,Compiler IR lowering,198.2,185.46,189,173,282,255,ms
:core:push-contact:compileDebugKotlin,Compiler translation to IR,443.48,404.62,426,407,585,502,ms
:core:push-contact:compileDebugKotlin,Compiler backend,172.36,161.24,174,160,252,229,ms
:core:push-contact:compileDebugKotlin,Compiler code analysis,898.34,803.48,894,797,1170,1007,ms
:core:push-contact:compileDebugKotlin,Run compilation in Gradle worker,2379.48,2131.02,2353,2198,2929,2549,ms
:core:push-contact:compileDebugKotlin,Load current classpath snapshot,6.68,5.96,6,6,11,9,ms
:core:push-contact:compileDebugKotlin,Update caches,7.12,5.4,6,6,11,9,ms
:core:push-contact:compileDebugKotlin,Total Gradle task time,2552.46,2285.96,2550,2362,3138,2705,ms
:core:push-contact:compileDebugKotlin,Shrink and save current classpath snapshot after compilation,53.76,47.36,51,45,70,68,ms
:core:push-contact:compileDebugKotlin,Compiler code generation,371.0,347.26,361,333,515,470,ms
:core:push-contact:compileDebugKotlin,Remove duplicate classes,6.1,5.14,6,5,10,9,ms
:core:push-contact:compileDebugKotlin,Run compilation,2326.4,2093.06,2314,2147,2894,2473,ms
:core:push-contact:compileDebugKotlin,Shrink current classpath snapshot non-incrementally,44.22,37.88,40,36,62,54,ms
:core:push-contact:compileDebugKotlin,Spent time before task action,46.34,39.82,44,38,65,60,ms
:core:push-contact:compileDebugKotlin,Analysis lines per second,482,546,467,524,612,735,
:core:push-contact:compileDebugKotlin,Total size of the cache directory,545.0,545.0,545,545,545,545,KB
:core:push-contact:compileDebugKotlin,Number of cache hits when loading classpath entry snapshots,101,101,101,101,101,101,
:core:push-contact:compileDebugKotlin,Number of lines analyzed,418,418,418,418,418,418,
:core:push-contact:compileDebugKotlin,Size of shrunk classpath snapshot,46.4,46.4,46,46,46,46,KB
:core:push-contact:compileDebugKotlin,Number of cache misses when loading classpath entry snapshots,1,1,1,1,1,1,
:core:push-contact:compileDebugKotlin,Total compiler iteration,1,1,1,1,1,1,
:core:push-contact:compileDebugKotlin,Number of times classpath snapshot is shrunk and saved after compilation,1,1,1,1,1,1,
:core:push-contact:compileDebugKotlin,Number of times classpath snapshot is loaded,1,1,1,1,1,1,
:core:push-contact:compileDebugKotlin,Code generation lines per second,1237,1328,1157,1256,1818,1907,
:core:push-contact:compileDebugKotlin,ABI snapshot size,18.0,18.0,18,18,18,18,B
:core:push-contact:compileDebugKotlin,Size of classpath snapshot,5.7,5.7,6,6,6,6,MB
:core:push-contact:compileDebugKotlin,Number of classpath entries,102,102,102,102,102,102,
:core:push-contact:compileDebugKotlin,Save shrunk current classpath snapshot,2.2,4.4,2,4,3,8,ms
:core:push-contact:compileDebugKotlin,Clear output,2.0,,2,,3,,ms
:core:report:compileDebugKotlin,Sources compilation round,2019.36,1796.28,1961,1787,2532,2201,ms
:core:report:compileDebugKotlin,Incremental compilation in daemon,2188.74,1964.52,2169,1966,2697,2353,ms
:core:report:compileDebugKotlin,Task action before worker execution,20.94,16.44,20,16,30,24,ms
:core:report:compileDebugKotlin,Start gradle worker,2.62,2.37,2,2,5,4,ms
:core:report:compileDebugKotlin,Compiler initialization time,75.88,65.58,73,65,104,93,ms
:core:report:compileDebugKotlin,Calculate output size,3.29,4.28,3,2,7,7,ms
:core:report:compileDebugKotlin,Compiler IR lowering,190.0,161.14,184,168,257,226,ms
:core:report:compileDebugKotlin,Compiler translation to IR,440.2,402.4,420,398,581,501,ms
:core:report:compileDebugKotlin,Compiler backend,164.18,161.36,159,141,253,245,ms
:core:report:compileDebugKotlin,Compiler code analysis,859.3,750.98,837,743,1159,942,ms
:core:report:compileDebugKotlin,Run compilation in Gradle worker,2258.0,2031.96,2217,2042,2733,2431,ms
:core:report:compileDebugKotlin,Load current classpath snapshot,6.74,6.56,6,6,12,10,ms
:core:report:compileDebugKotlin,Update caches,6.26,6.38,6,6,9,10,ms
:core:report:compileDebugKotlin,Total Gradle task time,2446.96,2197.7,2404,2186,2952,2649,ms
:core:report:compileDebugKotlin,Shrink and save current classpath snapshot after compilation,55.52,49.48,52,45,85,80,ms
:core:report:compileDebugKotlin,Compiler code generation,354.68,323.02,352,313,491,468,ms
:core:report:compileDebugKotlin,Remove duplicate classes,6.34,5.92,6,6,11,10,ms
:core:report:compileDebugKotlin,Run compilation,2236.22,2012.14,2209,2015,2730,2415,ms
:core:report:compileDebugKotlin,Shrink current classpath snapshot non-incrementally,46.5,40.1,42,38,71,63,ms
:core:report:compileDebugKotlin,Spent time before task action,55.48,42.82,51,43,71,60,ms
:core:report:compileDebugKotlin,Analysis lines per second,507,587,500,562,663,772,
:core:report:compileDebugKotlin,Total size of the cache directory,543.0,543.0,543,543,543,543,KB
:core:report:compileDebugKotlin,Number of cache hits when loading classpath entry snapshots,101,101,101,101,101,101,
:core:report:compileDebugKotlin,Number of lines analyzed,418,418,418,418,418,418,
:core:report:compileDebugKotlin,Size of shrunk classpath snapshot,46.4,46.4,46,46,46,46,KB
:core:report:compileDebugKotlin,Number of cache misses when loading classpath entry snapshots,1,1,1,1,1,1,
:core:report:compileDebugKotlin,Total compiler iteration,1,1,1,1,1,1,
:core:report:compileDebugKotlin,Number of times classpath snapshot is shrunk and saved after compilation,1,1,1,1,1,1,
:core:report:compileDebugKotlin,Number of times classpath snapshot is loaded,1,1,1,1,1,1,
:core:report:compileDebugKotlin,Code generation lines per second,1276,1410,1187,1333,1880,1960,
:core:report:compileDebugKotlin,ABI snapshot size,18.0,18.0,18,18,18,18,B
:core:report:compileDebugKotlin,Size of classpath snapshot,5.7,5.7,6,6,6,6,MB
:core:report:compileDebugKotlin,Number of classpath entries,102,102,102,102,102,102,
:core:report:compileDebugKotlin,Save shrunk current classpath snapshot,4.5,3.64,3,3,10,8,ms
:core:report:compileDebugKotlin,Clear output,1.67,,2,,2,,ms
:core:report:compileDebugKotlin,Store build info,1.5,3.0,2,3,2,3,ms
:core:search:compileDebugKotlin,Sources compilation round,1894.02,1723.4,1905,1688,2325,2097,ms
:core:search:compileDebugKotlin,Incremental compilation in daemon,2046.92,1885.44,2036,1842,2450,2301,ms
:core:search:compileDebugKotlin,Task action before worker execution,22.88,20.84,23,21,32,30,ms
:core:search:compileDebugKotlin,Start gradle worker,2.56,3.04,2,2,4,7,ms
:core:search:compileDebugKotlin,Compiler initialization time,58.32,58.28,58,61,81,75,ms
:core:search:compileDebugKotlin,Calculate output size,2.7,2.55,2,2,7,6,ms
:core:search:compileDebugKotlin,Compiler IR lowering,185.0,169.26,180,166,271,237,ms
:core:search:compileDebugKotlin,Compiler translation to IR,449.26,395.1,441,390,609,492,ms
:core:search:compileDebugKotlin,Compiler backend,158.64,176.18,151,165,230,283,ms
:core:search:compileDebugKotlin,Compiler code analysis,778.28,685.18,771,680,997,846,ms
:core:search:compileDebugKotlin,Run compilation in Gradle worker,2102.48,1944.46,2079,1923,2503,2372,ms
:core:search:compileDebugKotlin,Load current classpath snapshot,6.14,7.3,6,7,9,12,ms
:core:search:compileDebugKotlin,Update caches,6.04,6.1,6,6,9,10,ms
:core:search:compileDebugKotlin,Total Gradle task time,2283.94,2114.24,2248,2080,2688,2574,ms
:core:search:compileDebugKotlin,Shrink and save current classpath snapshot after compilation,45.48,51.76,48,49,71,74,ms
:core:search:compileDebugKotlin,Compiler code generation,344.0,345.94,330,334,479,471,ms
:core:search:compileDebugKotlin,Remove duplicate classes,5.58,6.24,6,6,9,9,ms
:core:search:compileDebugKotlin,Run compilation,2095.02,1934.3,2074,1884,2497,2354,ms
:core:search:compileDebugKotlin,Shrink current classpath snapshot non-incrementally,36.7,41.78,39,37,57,60,ms
:core:search:compileDebugKotlin,Save shrunk current classpath snapshot,2.9,2.38,3,2,6,5,ms
:core:search:compileDebugKotlin,Spent time before task action,59.24,53.54,61,52,76,67,ms
:core:search:compileDebugKotlin,Analysis lines per second,559,629,542,614,744,823,
:core:search:compileDebugKotlin,Total size of the cache directory,543.0,543.0,543,543,543,543,KB
:core:search:compileDebugKotlin,Number of cache hits when loading classpath entry snapshots,101,101,101,101,101,101,
:core:search:compileDebugKotlin,Number of lines analyzed,418,418,418,418,418,418,
:core:search:compileDebugKotlin,Size of shrunk classpath snapshot,46.4,46.4,46,46,46,46,KB
:core:search:compileDebugKotlin,Number of cache misses when loading classpath entry snapshots,1,1,1,1,1,1,
:core:search:compileDebugKotlin,Total compiler iteration,1,1,1,1,1,1,
:core:search:compileDebugKotlin,Number of times classpath snapshot is shrunk and saved after compilation,1,1,1,1,1,1,
:core:search:compileDebugKotlin,Number of times classpath snapshot is loaded,1,1,1,1,1,1,
:core:search:compileDebugKotlin,Code generation lines per second,1315,1338,1264,1249,2035,2036,
:core:search:compileDebugKotlin,ABI snapshot size,18.0,18.0,18,18,18,18,B
:core:search:compileDebugKotlin,Size of classpath snapshot,5.7,5.7,6,6,6,6,MB
:core:search:compileDebugKotlin,Number of classpath entries,102,102,102,102,102,102,
:core:search:compileDebugKotlin,Clear outputs on rebuild,3.0,3.0,3,3,3,3,ms
:core:search:compileDebugKotlin,Store build info,15.5,,16,,30,,ms
:core:search:compileDebugKotlin,Clear output,1.0,2.0,1,2,1,2,ms
:core:session:compileDebugKotlin,Sources compilation round,1810.18,1676.3,1755,1674,2322,2029,ms
:core:session:compileDebugKotlin,Incremental compilation in daemon,1942.82,1818.8,1903,1799,2442,2188,ms
:core:session:compileDebugKotlin,Task action before worker execution,24.84,22.86,24,24,35,30,ms
:core:session:compileDebugKotlin,Start gradle worker,3.5,3.4,3,2,8,8,ms
:core:session:compileDebugKotlin,Compiler initialization time,59.0,56.94,54,54,86,80,ms
:core:session:compileDebugKotlin,Calculate output size,2.54,2.52,1,1,6,5,ms
:core:session:compileDebugKotlin,Compiler IR lowering,177.52,189.24,180,184,234,267,ms
:core:session:compileDebugKotlin,Compiler translation to IR,429.22,390.52,420,380,562,523,ms
:core:session:compileDebugKotlin,Compiler backend,148.62,153.98,146,144,212,246,ms
:core:session:compileDebugKotlin,Compiler code analysis,749.22,661.74,699,641,1025,887,ms
:core:session:compileDebugKotlin,Run compilation in Gradle worker,2010.28,1871.36,1959,1879,2622,2250,ms
:core:session:compileDebugKotlin,Load current classpath snapshot,6.16,6.18,5,6,13,11,ms
:core:session:compileDebugKotlin,Update caches,6.06,5.94,6,6,10,10,ms
:core:session:compileDebugKotlin,Total Gradle task time,2186.56,2034.7,2146,2066,2828,2417,ms
:core:session:compileDebugKotlin,Shrink and save current classpath snapshot after compilation,41.38,41.38,40,42,58,65,ms
:core:session:compileDebugKotlin,Compiler code generation,326.74,343.68,327,339,430,475,ms
:core:session:compileDebugKotlin,Remove duplicate classes,5.64,5.66,5,6,13,11,ms
:core:session:compileDebugKotlin,Run compilation,1995.04,1862.18,1952,1842,2508,2241,ms
:core:session:compileDebugKotlin,Shrink current classpath snapshot non-incrementally,33.06,32.62,30,33,48,53,ms
:core:session:compileDebugKotlin,Spent time before task action,75.32,56.56,60,57,91,74,ms
:core:session:compileDebugKotlin,Analysis lines per second,593,666,598,651,822,872,
:core:session:compileDebugKotlin,Total size of the cache directory,543.4,543.4,543,543,543,543,KB
:core:session:compileDebugKotlin,Number of cache hits when loading classpath entry snapshots,101,101,101,101,101,101,
:core:session:compileDebugKotlin,Number of lines analyzed,418,418,418,418,418,418,
:core:session:compileDebugKotlin,Size of shrunk classpath snapshot,46.4,46.4,46,46,46,46,KB
:core:session:compileDebugKotlin,Number of cache misses when loading classpath entry snapshots,1,1,1,1,1,1,
:core:session:compileDebugKotlin,Total compiler iteration,1,1,1,1,1,1,
:core:session:compileDebugKotlin,Number of times classpath snapshot is shrunk and saved after compilation,1,1,1,1,1,1,
:core:session:compileDebugKotlin,Number of times classpath snapshot is loaded,1,1,1,1,1,1,
:core:session:compileDebugKotlin,Code generation lines per second,1359,1338,1276,1231,1885,1907,
:core:session:compileDebugKotlin,ABI snapshot size,18.0,18.0,18,18,18,18,B
:core:session:compileDebugKotlin,Size of classpath snapshot,5.7,5.7,6,6,6,6,MB
:core:session:compileDebugKotlin,Number of classpath entries,102,102,102,102,102,102,
:core:session:compileDebugKotlin,Store build info,3.0,2.5,3,3,3,3,ms
:core:session:compileDebugKotlin,Save shrunk current classpath snapshot,2.33,3.0,2,3,3,7,ms
:core:setting:compileDebugKotlin,Sources compilation round,1983.92,1926.02,1946,1944,2462,2312,ms
:core:setting:compileDebugKotlin,Incremental compilation in daemon,2158.8,2099.58,2109,2123,2669,2605,ms
:core:setting:compileDebugKotlin,Task action before worker execution,16.98,17.48,16,17,28,28,ms
:core:setting:compileDebugKotlin,Start gradle worker,2.51,2.02,2,2,5,4,ms
:core:setting:compileDebugKotlin,Compiler initialization time,101.04,83.82,95,85,140,118,ms
:core:setting:compileDebugKotlin,Calculate output size,3.34,2.46,3,1,7,7,ms
:core:setting:compileDebugKotlin,Compiler IR lowering,180.4,169.04,172,171,247,239,ms
:core:setting:compileDebugKotlin,Compiler translation to IR,428.76,416.28,404,422,553,527,ms
:core:setting:compileDebugKotlin,Compiler backend,160.98,158.46,159,160,243,239,ms
:core:setting:compileDebugKotlin,Compiler code analysis,829.98,813.66,825,834,1072,1061,ms
:core:setting:compileDebugKotlin,Run compilation in Gradle worker,2256.5,2198.86,2181,2217,2906,2789,ms
:core:setting:compileDebugKotlin,Load current classpath snapshot,6.54,6.7,6,7,11,11,ms
:core:setting:compileDebugKotlin,Update caches,6.1,5.98,6,6,9,10,ms
:core:setting:compileDebugKotlin,Total Gradle task time,2448.28,2355.64,2424,2385,3137,2945,ms
:core:setting:compileDebugKotlin,Shrink and save current classpath snapshot after compilation,52.98,53.1,48,48,84,78,ms
:core:setting:compileDebugKotlin,Compiler code generation,341.88,328.04,322,324,491,477,ms
:core:setting:compileDebugKotlin,Remove duplicate classes,5.92,6.12,6,6,9,9,ms
:core:setting:compileDebugKotlin,Run compilation,2211.54,2145.82,2140,2183,2753,2656,ms
:core:setting:compileDebugKotlin,Shrink current classpath snapshot non-incrementally,43.32,43.0,39,39,67,63,ms
:core:setting:compileDebugKotlin,Spent time before task action,51.84,45.42,47,45,85,64,ms
:core:setting:compileDebugKotlin,Analysis lines per second,522,538,506,501,661,654,
:core:setting:compileDebugKotlin,Total size of the cache directory,543.4,543.4,543,543,543,543,KB
:core:setting:compileDebugKotlin,Number of cache hits when loading classpath entry snapshots,101,101,101,101,101,101,
:core:setting:compileDebugKotlin,Number of lines analyzed,418,418,418,418,418,418,
:core:setting:compileDebugKotlin,Size of shrunk classpath snapshot,46.4,46.4,46,46,46,46,KB
:core:setting:compileDebugKotlin,Number of cache misses when loading classpath entry snapshots,1,1,1,1,1,1,
:core:setting:compileDebugKotlin,Total compiler iteration,1,1,1,1,1,1,
:core:setting:compileDebugKotlin,Number of times classpath snapshot is shrunk and saved after compilation,1,1,1,1,1,1,
:core:setting:compileDebugKotlin,Number of times classpath snapshot is loaded,1,1,1,1,1,1,
:core:setting:compileDebugKotlin,Code generation lines per second,1317,1441,1299,1288,1758,2180,
:core:setting:compileDebugKotlin,ABI snapshot size,18.0,18.0,18,18,18,18,B
:core:setting:compileDebugKotlin,Size of classpath snapshot,5.7,5.7,6,6,6,6,MB
:core:setting:compileDebugKotlin,Number of classpath entries,102,102,102,102,102,102,
:core:setting:compileDebugKotlin,Save shrunk current classpath snapshot,2.73,2.56,3,3,5,3,ms
:core:setting:compileDebugKotlin,Store build info,6.0,4.67,6,3,7,9,ms
:core:setting:compileDebugKotlin,Clear output,2.0,1.0,2,1,2,1,ms
:core:setting:compileDebugKotlin,Clear outputs on rebuild,2.0,1.0,2,1,2,1,ms
:core:share:compileDebugKotlin,Sources compilation round,1944.34,1904.92,1944,1910,2390,2340,ms
:core:share:compileDebugKotlin,Incremental compilation in daemon,2131.04,2082.96,2095,2062,2693,2557,ms
:core:share:compileDebugKotlin,Task action before worker execution,18.64,20.54,18,20,29,33,ms
:core:share:compileDebugKotlin,Start gradle worker,2.48,3.02,2,2,6,6,ms
:core:share:compileDebugKotlin,Compiler initialization time,72.4,84.56,69,71,99,105,ms
:core:share:compileDebugKotlin,Calculate output size,2.9,3.38,2,2,6,7,ms
:core:share:compileDebugKotlin,Compiler IR lowering,179.9,187.14,177,184,253,247,ms
:core:share:compileDebugKotlin,Compiler translation to IR,443.92,422.82,427,396,594,576,ms
:core:share:compileDebugKotlin,Compiler backend,175.16,169.16,173,168,238,254,ms
:core:share:compileDebugKotlin,Compiler code analysis,803.3,768.78,776,778,1013,939,ms
:core:share:compileDebugKotlin,Run compilation in Gradle worker,2208.28,2148.76,2199,2135,2744,2646,ms
:core:share:compileDebugKotlin,Load current classpath snapshot,9.58,6.92,7,6,13,12,ms
:core:share:compileDebugKotlin,Update caches,6.12,6.24,6,6,9,10,ms
:core:share:compileDebugKotlin,Total Gradle task time,2399.14,2337.58,2332,2331,2987,2871,ms
:core:share:compileDebugKotlin,Shrink and save current classpath snapshot after compilation,56.92,53.6,51,52,89,80,ms
:core:share:compileDebugKotlin,Compiler code generation,355.52,356.76,343,358,482,487,ms
:core:share:compileDebugKotlin,Remove duplicate classes,8.86,6.22,7,6,12,11,ms
:core:share:compileDebugKotlin,Run compilation,2188.54,2134.2,2134,2128,2740,2640,ms
:core:share:compileDebugKotlin,Shrink current classpath snapshot non-incrementally,44.46,42.58,41,41,73,64,ms
:core:share:compileDebugKotlin,Spent time before task action,51.12,52.56,47,46,78,73,ms
:core:share:compileDebugKotlin,Analysis lines per second,542,575,538,537,697,812,
:core:share:compileDebugKotlin,Total size of the cache directory,542.6,542.6,543,543,543,543,KB
:core:share:compileDebugKotlin,Number of cache hits when loading classpath entry snapshots,101,101,101,101,101,101,
:core:share:compileDebugKotlin,Number of lines analyzed,418,418,418,418,418,418,
:core:share:compileDebugKotlin,Size of shrunk classpath snapshot,46.4,46.4,46,46,46,46,KB
:core:share:compileDebugKotlin,Number of cache misses when loading classpath entry snapshots,1,1,1,1,1,1,
:core:share:compileDebugKotlin,Total compiler iteration,1,1,1,1,1,1,
:core:share:compileDebugKotlin,Number of times classpath snapshot is shrunk and saved after compilation,1,1,1,1,1,1,
:core:share:compileDebugKotlin,Number of times classpath snapshot is loaded,1,1,1,1,1,1,
:core:share:compileDebugKotlin,Code generation lines per second,1272,1259,1219,1168,1959,1856,
:core:share:compileDebugKotlin,ABI snapshot size,18.0,18.0,18,18,18,18,B
:core:share:compileDebugKotlin,Size of classpath snapshot,5.7,5.7,6,6,6,6,MB
:core:share:compileDebugKotlin,Number of classpath entries,102,102,102,102,102,102,
:core:share:compileDebugKotlin,Save shrunk current classpath snapshot,2.88,3.35,3,3,6,6,ms
:core:share:compileDebugKotlin,Clear output,2.0,2.0,2,2,2,3,ms
:core:status:compileDebugKotlin,Sources compilation round,1854.78,1844.9,1805,1804,2265,2347,ms
:core:status:compileDebugKotlin,Incremental compilation in daemon,2031.68,2016.36,2006,1986,2545,2615,ms
:core:status:compileDebugKotlin,Task action before worker execution,24.04,22.3,24,22,36,34,ms
:core:status:compileDebugKotlin,Start gradle worker,3.14,5.9,3,2,8,6,ms
:core:status:compileDebugKotlin,Compiler initialization time,59.7,62.62,59,57,85,97,ms
:core:status:compileDebugKotlin,Calculate output size,3.12,2.57,3,2,7,6,ms
:core:status:compileDebugKotlin,Compiler IR lowering,177.42,190.0,176,194,241,256,ms
:core:status:compileDebugKotlin,Compiler translation to IR,426.32,416.38,417,401,550,532,ms
:core:status:compileDebugKotlin,Compiler backend,170.32,166.96,164,166,269,237,ms
:core:status:compileDebugKotlin,Compiler code analysis,762.76,742.72,758,708,1001,1043,ms
:core:status:compileDebugKotlin,Run compilation in Gradle worker,2116.36,2093.58,2116,2076,2662,2663,ms
:core:status:compileDebugKotlin,Load current classpath snapshot,7.02,6.94,6,6,12,11,ms
:core:status:compileDebugKotlin,Update caches,6.48,6.46,6,6,11,12,ms
:core:status:compileDebugKotlin,Total Gradle task time,2315.82,2267.72,2268,2225,2885,2876,ms
:core:status:compileDebugKotlin,Shrink and save current classpath snapshot after compilation,52.04,50.38,50,44,75,81,ms
:core:status:compileDebugKotlin,Compiler code generation,348.18,357.6,341,356,461,471,ms
:core:status:compileDebugKotlin,Remove duplicate classes,6.32,6.18,6,5,12,11,ms
:core:status:compileDebugKotlin,Run compilation,2091.76,2078.3,2052,2069,2599,2652,ms
:core:status:compileDebugKotlin,Shrink current classpath snapshot non-incrementally,41.64,40.7,40,36,63,65,ms
:core:status:compileDebugKotlin,Spent time before task action,61.1,51.2,55,52,79,72,ms
:core:status:compileDebugKotlin,Analysis lines per second,569,600,551,591,710,815,
:core:status:compileDebugKotlin,Total size of the cache directory,543.0,543.0,543,543,543,543,KB
:core:status:compileDebugKotlin,Number of cache hits when loading classpath entry snapshots,101,101,101,101,101,101,
:core:status:compileDebugKotlin,Number of lines analyzed,418,418,418,418,418,418,
:core:status:compileDebugKotlin,Size of shrunk classpath snapshot,46.4,46.4,46,46,46,46,KB
:core:status:compileDebugKotlin,Number of cache misses when loading classpath entry snapshots,1,1,1,1,1,1,
:core:status:compileDebugKotlin,Total compiler iteration,1,1,1,1,1,1,
:core:status:compileDebugKotlin,Number of times classpath snapshot is shrunk and saved after compilation,1,1,1,1,1,1,
:core:status:compileDebugKotlin,Number of times classpath snapshot is loaded,1,1,1,1,1,1,
:core:status:compileDebugKotlin,Code generation lines per second,1293,1259,1226,1175,1868,1679,
:core:status:compileDebugKotlin,ABI snapshot size,18.0,18.0,18,18,18,18,B
:core:status:compileDebugKotlin,Size of classpath snapshot,5.7,5.7,6,6,6,6,MB
:core:status:compileDebugKotlin,Number of classpath entries,102,102,102,102,102,102,
:core:status:compileDebugKotlin,Store build info,4.5,1.0,5,1,6,1,ms
:core:status:compileDebugKotlin,Save shrunk current classpath snapshot,2.9,2.67,3,2,6,6,ms
:core:status:compileDebugKotlin,Clear output,2.25,2.75,2,3,4,3,ms
:core:sync:compileDebugKotlin,Sources compilation round,1783.26,1789.96,1739,1780,2223,2292,ms
:core:sync:compileDebugKotlin,Incremental compilation in daemon,1947.04,1968.98,1926,1941,2445,2502,ms
:core:sync:compileDebugKotlin,Task action before worker execution,25.36,21.56,24,21,35,32,ms
:core:sync:compileDebugKotlin,Start gradle worker,3.64,2.54,3,2,7,5,ms
:core:sync:compileDebugKotlin,Compiler initialization time,58.14,56.7,59,52,79,87,ms
:core:sync:compileDebugKotlin,Calculate output size,1.94,3.22,1,3,5,7,ms
:core:sync:compileDebugKotlin,Compiler IR lowering,167.28,183.04,161,161,227,239,ms
:core:sync:compileDebugKotlin,Compiler translation to IR,410.26,420.12,408,414,520,554,ms
:core:sync:compileDebugKotlin,Compiler backend,174.56,156.44,160,157,213,232,ms
:core:sync:compileDebugKotlin,Compiler code analysis,721.62,717.96,714,715,962,928,ms
:core:sync:compileDebugKotlin,Run compilation in Gradle worker,2011.44,2027.3,1992,2001,2495,2547,ms
:core:sync:compileDebugKotlin,Load current classpath snapshot,6.46,7.3,6,7,11,11,ms
:core:sync:compileDebugKotlin,Update caches,6.42,6.52,6,7,10,11,ms
:core:sync:compileDebugKotlin,Total Gradle task time,2204.16,2205.4,2206,2169,2713,2721,ms
:core:sync:compileDebugKotlin,Shrink and save current classpath snapshot after compilation,47.38,51.1,48,52,76,77,ms
:core:sync:compileDebugKotlin,Compiler code generation,342.44,340.18,326,326,420,469,ms
:core:sync:compileDebugKotlin,Remove duplicate classes,5.96,6.46,6,6,11,10,ms
:core:sync:compileDebugKotlin,Run compilation,2001.6,2011.96,1983,1991,2484,2540,ms
:core:sync:compileDebugKotlin,Shrink current classpath snapshot non-incrementally,38.0,40.26,38,41,61,64,ms
:core:sync:compileDebugKotlin,Spent time before task action,60.48,52.56,60,51,88,70,ms
:core:sync:compileDebugKotlin,Analysis lines per second,607,610,586,584,773,773,
:core:sync:compileDebugKotlin,Total size of the cache directory,542.3,542.3,542,542,542,542,KB
:core:sync:compileDebugKotlin,Number of cache hits when loading classpath entry snapshots,101,101,101,101,101,101,
:core:sync:compileDebugKotlin,Number of lines analyzed,418,418,418,418,418,418,
:core:sync:compileDebugKotlin,Size of shrunk classpath snapshot,46.4,46.4,46,46,46,46,KB
:core:sync:compileDebugKotlin,Number of cache misses when loading classpath entry snapshots,1,1,1,1,1,1,
:core:sync:compileDebugKotlin,Total compiler iteration,1,1,1,1,1,1,
:core:sync:compileDebugKotlin,Number of times classpath snapshot is shrunk and saved after compilation,1,1,1,1,1,1,
:core:sync:compileDebugKotlin,Number of times classpath snapshot is loaded,1,1,1,1,1,1,
:core:sync:compileDebugKotlin,Code generation lines per second,1324,1402,1282,1280,1683,2104,
:core:sync:compileDebugKotlin,ABI snapshot size,18.0,18.0,18,18,18,18,B
:core:sync:compileDebugKotlin,Size of classpath snapshot,5.7,5.7,6,6,6,6,MB
:core:sync:compileDebugKotlin,Number of classpath entries,102,102,102,102,102,102,
:core:sync:compileDebugKotlin,Store build info,1.0,3.33,1,4,1,5,ms
:core:sync:compileDebugKotlin,Save shrunk current classpath snapshot,3.91,3.07,3,3,9,6,ms
:core:sync:compileDebugKotlin,Clear output,2.0,4.67,2,2,2,10,ms
:core:task:compileDebugKotlin,Sources compilation round,1863.84,1743.16,1807,1700,2350,2212,ms
:core:task:compileDebugKotlin,Incremental compilation in daemon,2032.24,1913.14,1953,1866,2545,2453,ms
:core:task:compileDebugKotlin,Task action before worker execution,15.68,15.96,16,17,25,22,ms
:core:task:compileDebugKotlin,Start gradle worker,1.73,2.66,1,2,3,5,ms
:core:task:compileDebugKotlin,Compiler initialization time,74.64,71.9,69,72,112,109,ms
:core:task:compileDebugKotlin,Calculate output size,2.69,2.82,2,1,5,7,ms
:core:task:compileDebugKotlin,Compiler IR lowering,171.8,166.8,160,159,235,229,ms
:core:task:compileDebugKotlin,Compiler translation to IR,436.56,410.26,421,383,617,597,ms
:core:task:compileDebugKotlin,Compiler backend,162.4,155.14,147,132,218,204,ms
:core:task:compileDebugKotlin,Compiler code analysis,760.96,703.56,752,714,997,906,ms
:core:task:compileDebugKotlin,Run compilation in Gradle worker,2142.3,2003.44,2078,2000,2709,2509,ms
:core:task:compileDebugKotlin,Load current classpath snapshot,6.16,6.54,6,6,9,10,ms
:core:task:compileDebugKotlin,Update caches,5.72,5.52,5,5,10,8,ms
:core:task:compileDebugKotlin,Total Gradle task time,2304.84,2156.14,2200,2135,2814,2706,ms
:core:task:compileDebugKotlin,Shrink and save current classpath snapshot after compilation,56.12,50.86,49,47,76,73,ms
:core:task:compileDebugKotlin,Compiler code generation,334.64,322.4,308,298,521,444,ms
:core:task:compileDebugKotlin,Remove duplicate classes,5.7,5.78,5,5,9,10,ms
:core:task:compileDebugKotlin,Run compilation,2093.1,1962.88,1999,1932,2663,2499,ms
:core:task:compileDebugKotlin,Shrink current classpath snapshot non-incrementally,47.12,41.24,41,38,59,61,ms
:core:task:compileDebugKotlin,Spent time before task action,42.02,40.3,38,38,67,60,ms
:core:task:compileDebugKotlin,Analysis lines per second,569,631,556,585,718,862,
:core:task:compileDebugKotlin,Total size of the cache directory,542.3,542.3,542,542,542,542,KB
:core:task:compileDebugKotlin,Number of cache hits when loading classpath entry snapshots,101,101,101,101,101,101,
:core:task:compileDebugKotlin,Number of lines analyzed,418,418,418,418,418,418,
:core:task:compileDebugKotlin,Size of shrunk classpath snapshot,46.4,46.4,46,46,46,46,KB
:core:task:compileDebugKotlin,Number of cache misses when loading classpath entry snapshots,1,1,1,1,1,1,
:core:task:compileDebugKotlin,Total compiler iteration,1,1,1,1,1,1,
:core:task:compileDebugKotlin,Number of times classpath snapshot is shrunk and saved after compilation,1,1,1,1,1,1,
:core:task:compileDebugKotlin,Number of times classpath snapshot is loaded,1,1,1,1,1,1,
:core:task:compileDebugKotlin,Code generation lines per second,1405,1489,1355,1403,2075,2240,
:core:task:compileDebugKotlin,ABI snapshot size,18.0,18.0,18,18,18,18,B
:core:task:compileDebugKotlin,Size of classpath snapshot,5.7,5.7,6,6,6,6,MB
:core:task:compileDebugKotlin,Number of classpath entries,102,102,102,102,102,102,
:core:task:compileDebugKotlin,Save shrunk current classpath snapshot,3.44,2.81,3,3,6,5,ms
:core:task:compileDebugKotlin,Store build info,3.0,3.0,3,3,3,3,ms
:core:task:compileDebugKotlin,Clear output,3.33,3.0,2,3,7,4,ms
:core:timer:compileDebugKotlin,Sources compilation round,1916.1,1772.42,1874,1739,2368,2153,ms
:core:timer:compileDebugKotlin,Incremental compilation in daemon,2085.58,1936.4,2021,1894,2587,2335,ms
:core:timer:compileDebugKotlin,Task action before worker execution,21.84,21.88,19,18,32,28,ms
:core:timer:compileDebugKotlin,Start gradle worker,2.73,2.26,2,1,6,6,ms
:core:timer:compileDebugKotlin,Compiler initialization time,68.66,63.46,69,65,87,92,ms
:core:timer:compileDebugKotlin,Calculate output size,2.35,2.42,1,1,6,7,ms
:core:timer:compileDebugKotlin,Compiler IR lowering,178.34,160.48,158,150,240,237,ms
:core:timer:compileDebugKotlin,Compiler translation to IR,440.6,417.12,410,375,627,587,ms
:core:timer:compileDebugKotlin,Compiler backend,192.02,159.5,165,148,271,225,ms
:core:timer:compileDebugKotlin,Compiler code analysis,778.56,716.0,749,698,992,907,ms
:core:timer:compileDebugKotlin,Run compilation in Gradle worker,2156.34,2010.02,2087,1953,2697,2411,ms
:core:timer:compileDebugKotlin,Load current classpath snapshot,6.16,6.7,6,7,12,10,ms
:core:timer:compileDebugKotlin,Update caches,5.34,5.62,5,5,10,11,ms
:core:timer:compileDebugKotlin,Total Gradle task time,2339.06,2176.56,2256,2136,2898,2584,ms
:core:timer:compileDebugKotlin,Shrink and save current classpath snapshot after compilation,47.96,58.28,47,49,82,74,ms
:core:timer:compileDebugKotlin,Compiler code generation,370.88,320.46,321,316,639,434,ms
:core:timer:compileDebugKotlin,Remove duplicate classes,5.68,5.88,5,6,11,8,ms
:core:timer:compileDebugKotlin,Run compilation,2134.72,1986.34,2057,1948,2631,2386,ms
:core:timer:compileDebugKotlin,Shrink current classpath snapshot non-incrementally,38.82,48.52,38,39,66,65,ms
:core:timer:compileDebugKotlin,Spent time before task action,49.18,44.76,47,42,66,63,ms
:core:timer:compileDebugKotlin,Analysis lines per second,559,609,558,598,721,825,
:core:timer:compileDebugKotlin,Total size of the cache directory,542.6,542.6,543,543,543,543,KB
:core:timer:compileDebugKotlin,Number of cache hits when loading classpath entry snapshots,101,101,101,101,101,101,
:core:timer:compileDebugKotlin,Number of lines analyzed,418,418,418,418,418,418,
:core:timer:compileDebugKotlin,Size of shrunk classpath snapshot,46.4,46.4,46,46,46,46,KB
:core:timer:compileDebugKotlin,Number of cache misses when loading classpath entry snapshots,1,1,1,1,1,1,
:core:timer:compileDebugKotlin,Total compiler iteration,1,1,1,1,1,1,
:core:timer:compileDebugKotlin,Number of times classpath snapshot is shrunk and saved after compilation,1,1,1,1,1,1,
:core:timer:compileDebugKotlin,Number of times classpath snapshot is loaded,1,1,1,1,1,1,
:core:timer:compileDebugKotlin,Code generation lines per second,1323,1463,1300,1321,2079,2129,
:core:timer:compileDebugKotlin,ABI snapshot size,18.0,18.0,18,18,18,18,B
:core:timer:compileDebugKotlin,Size of classpath snapshot,5.7,5.7,6,6,6,6,MB
:core:timer:compileDebugKotlin,Number of classpath entries,102,102,102,102,102,102,
:core:timer:compileDebugKotlin,Store build info,4.5,3.0,5,3,6,3,ms
:core:timer:compileDebugKotlin,Clear outputs on rebuild,2.0,,2,,3,,ms
:core:timer:compileDebugKotlin,Save shrunk current classpath snapshot,4.55,3.92,5,4,8,6,ms
:core:timer:compileDebugKotlin,Clear output,1.33,1.0,1,1,2,1,ms
:core:todo:compileDebugKotlin,Sources compilation round,1875.6,1691.84,1822,1648,2494,2166,ms
:core:todo:compileDebugKotlin,Incremental compilation in daemon,2050.4,1852.14,2008,1831,2628,2348,ms
:core:todo:compileDebugKotlin,Task action before worker execution,20.66,19.94,20,18,31,32,ms
:core:todo:compileDebugKotlin,Start gradle worker,2.7,2.66,2,2,6,5,ms
:core:todo:compileDebugKotlin,Compiler initialization time,58.84,60.5,56,57,75,92,ms
:core:todo:compileDebugKotlin,Calculate output size,2.8,2.48,2,1,6,6,ms
:core:todo:compileDebugKotlin,Compiler IR lowering,172.72,163.4,159,166,278,240,ms
:core:todo:compileDebugKotlin,Compiler translation to IR,452.1,435.0,395,409,791,556,ms
:core:todo:compileDebugKotlin,Compiler backend,197.26,152.46,149,138,256,218,ms
:core:todo:compileDebugKotlin,Compiler code analysis,720.58,649.24,693,635,933,818,ms
:core:todo:compileDebugKotlin,Run compilation in Gradle worker,2112.5,1919.0,2053,1928,2692,2387,ms
:core:todo:compileDebugKotlin,Load current classpath snapshot,13.38,6.02,6,6,11,10,ms
:core:todo:compileDebugKotlin,Update caches,5.5,5.38,6,5,9,9,ms
:core:todo:compileDebugKotlin,Total Gradle task time,2280.74,2089.34,2222,2093,2860,2551,ms
:core:todo:compileDebugKotlin,Shrink and save current classpath snapshot after compilation,65.3,51.4,43,44,91,75,ms
:core:todo:compileDebugKotlin,Compiler code generation,370.44,316.3,321,321,578,434,ms
:core:todo:compileDebugKotlin,Remove duplicate classes,12.48,5.38,5,5,11,9,ms
:core:todo:compileDebugKotlin,Run compilation,2099.48,1904.42,2045,1923,2663,2384,ms
:core:todo:compileDebugKotlin,Shrink current classpath snapshot non-incrementally,48.98,42.9,36,35,71,62,ms
:core:todo:compileDebugKotlin,Spent time before task action,54.72,60.42,52,51,69,70,ms
:core:todo:compileDebugKotlin,Analysis lines per second,609,668,603,658,776,821,
:core:todo:compileDebugKotlin,Total size of the cache directory,542.3,542.3,542,542,542,542,KB
:core:todo:compileDebugKotlin,Number of cache hits when loading classpath entry snapshots,101,101,101,101,101,101,
:core:todo:compileDebugKotlin,Number of lines analyzed,418,418,418,418,418,418,
:core:todo:compileDebugKotlin,Size of shrunk classpath snapshot,46.4,46.4,46,46,46,46,KB
:core:todo:compileDebugKotlin,Number of cache misses when loading classpath entry snapshots,1,1,1,1,1,1,
:core:todo:compileDebugKotlin,Total compiler iteration,1,1,1,1,1,1,
:core:todo:compileDebugKotlin,Number of times classpath snapshot is shrunk and saved after compilation,1,1,1,1,1,1,
:core:todo:compileDebugKotlin,Number of times classpath snapshot is loaded,1,1,1,1,1,1,
:core:todo:compileDebugKotlin,Code generation lines per second,1349,1495,1301,1301,2217,2387,
:core:todo:compileDebugKotlin,ABI snapshot size,18.0,18.0,18,18,18,18,B
:core:todo:compileDebugKotlin,Size of classpath snapshot,5.7,5.7,6,6,6,6,MB
:core:todo:compileDebugKotlin,Number of classpath entries,102,102,102,102,102,102,
:core:todo:compileDebugKotlin,Save shrunk current classpath snapshot,3.0,2.64,2,2,6,6,ms
:core:todo:compileDebugKotlin,Clear output,2.0,3.0,2,3,2,4,ms
:core:todo:compileDebugKotlin,Store build info,8.0,3.0,8,3,8,4,ms
:core:user:compileDebugKotlin,Sources compilation round,1780.64,1671.46,1712,1660,2374,2199,ms
:core:user:compileDebugKotlin,Incremental compilation in daemon,1936.6,1824.24,1896,1817,2639,2389,ms
:core:user:compileDebugKotlin,Task action before worker execution,22.76,20.48,23,21,32,29,ms
:core:user:compileDebugKotlin,Start gradle worker,2.96,2.79,3,2,6,6,ms
:core:user:compileDebugKotlin,Compiler initialization time,61.22,55.62,61,53,77,77,ms
:core:user:compileDebugKotlin,Calculate output size,3.26,2.39,2,1,8,4,ms
:core:user:compileDebugKotlin,Compiler IR lowering,172.56,186.8,148,148,253,271,ms
:core:user:compileDebugKotlin,Compiler translation to IR,418.82,400.14,384,373,526,569,ms
:core:user:compileDebugKotlin,Compiler backend,167.38,145.14,136,149,231,221,ms
:core:user:compileDebugKotlin,Compiler code analysis,702.04,665.1,657,630,975,880,ms
:core:user:compileDebugKotlin,Run compilation in Gradle worker,1995.46,1902.68,1977,1866,2686,2477,ms
:core:user:compileDebugKotlin,Load current classpath snapshot,6.2,6.22,6,6,11,10,ms
:core:user:compileDebugKotlin,Update caches,5.82,5.52,5,5,9,9,ms
:core:user:compileDebugKotlin,Total Gradle task time,2172.08,2059.26,2136,2045,2873,2647,ms
:core:user:compileDebugKotlin,Shrink and save current classpath snapshot after compilation,42.82,46.38,44,46,61,70,ms
:core:user:compileDebugKotlin,Compiler code generation,340.4,332.4,287,309,538,493,ms
:core:user:compileDebugKotlin,Remove duplicate classes,5.14,5.7,5,5,9,9,ms
:core:user:compileDebugKotlin,Run compilation,1983.58,1891.9,1971,1854,2681,2470,ms
:core:user:compileDebugKotlin,Shrink current classpath snapshot non-incrementally,33.82,37.42,33,34,51,61,ms
:core:user:compileDebugKotlin,Spent time before task action,60.1,49.98,58,49,73,72,ms
:core:user:compileDebugKotlin,Analysis lines per second,642,679,635,664,922,961,
:core:user:compileDebugKotlin,Total size of the cache directory,542.0,542.0,542,542,542,542,KB
:core:user:compileDebugKotlin,Number of cache hits when loading classpath entry snapshots,101,101,101,101,101,101,
:core:user:compileDebugKotlin,Number of lines analyzed,418,418,418,418,418,418,
:core:user:compileDebugKotlin,Size of shrunk classpath snapshot,46.4,46.4,46,46,46,46,KB
:core:user:compileDebugKotlin,Number of cache misses when loading classpath entry snapshots,1,1,1,1,1,1,
:core:user:compileDebugKotlin,Total compiler iteration,1,1,1,1,1,1,
:core:user:compileDebugKotlin,Number of times classpath snapshot is shrunk and saved after compilation,1,1,1,1,1,1,
:core:user:compileDebugKotlin,Number of times classpath snapshot is loaded,1,1,1,1,1,1,
:core:user:compileDebugKotlin,Code generation lines per second,1453,1477,1457,1350,2223,2314,
:core:user:compileDebugKotlin,ABI snapshot size,18.0,18.0,18,18,18,18,B
:core:user:compileDebugKotlin,Size of classpath snapshot,5.7,5.7,6,6,6,6,MB
:core:user:compileDebugKotlin,Number of classpath entries,102,102,102,102,102,102,
:core:user:compileDebugKotlin,Clear output,2.5,1.0,3,1,3,1,ms
:core:user:compileDebugKotlin,Save shrunk current classpath snapshot,3.23,3.67,3,3,6,9,ms
:core:user:compileDebugKotlin,Store build info,3.75,3.5,4,4,5,6,ms
:core:video:compileDebugKotlin,Sources compilation round,2028.3,1827.9,2062,1838,2502,2286,ms
:core:video:compileDebugKotlin,Incremental compilation in daemon,2200.76,1977.04,2253,1983,2672,2445,ms
:core:video:compileDebugKotlin,Task action before worker execution,16.98,17.68,17,17,27,26,ms
:core:video:compileDebugKotlin,Start gradle worker,1.94,2.32,1,2,3,5,ms
:core:video:compileDebugKotlin,Compiler initialization time,86.46,70.94,69,68,102,98,ms
:core:video:compileDebugKotlin,Calculate output size,2.69,2.38,2,1,6,5,ms
:core:video:compileDebugKotlin,Compiler IR lowering,170.32,182.04,176,160,241,281,ms
:core:video:compileDebugKotlin,Compiler translation to IR,426.48,428.94,386,376,573,727,ms
:core:video:compileDebugKotlin,Compiler backend,158.54,157.68,162,138,227,220,ms
:core:video:compileDebugKotlin,Compiler code analysis,898.0,742.12,813,712,1276,1016,ms
:core:video:compileDebugKotlin,Run compilation in Gradle worker,2284.68,2047.74,2346,2053,2789,2525,ms
:core:video:compileDebugKotlin,Load current classpath snapshot,7.74,5.94,7,6,14,9,ms
:core:video:compileDebugKotlin,Update caches,5.16,4.7,5,4,9,9,ms
:core:video:compileDebugKotlin,Total Gradle task time,2452.38,2188.68,2501,2187,2973,2668,ms
:core:video:compileDebugKotlin,Shrink and save current classpath snapshot after compilation,60.38,43.42,54,45,81,71,ms
:core:video:compileDebugKotlin,Compiler code generation,329.42,340.22,321,307,456,557,ms
:core:video:compileDebugKotlin,Remove duplicate classes,6.34,5.16,6,5,9,8,ms
:core:video:compileDebugKotlin,Run compilation,2241.86,2016.88,2288,2033,2714,2474,ms
:core:video:compileDebugKotlin,Shrink current classpath snapshot non-incrementally,49.86,34.98,44,36,66,60,ms
:core:video:compileDebugKotlin,Save shrunk current classpath snapshot,2.17,2.75,2,3,3,4,ms
:core:video:compileDebugKotlin,Spent time before task action,43.9,39.02,40,39,66,63,ms
:core:video:compileDebugKotlin,Analysis lines per second,503,596,514,586,715,832,
:core:video:compileDebugKotlin,Total size of the cache directory,542.6,542.6,543,543,543,543,KB
:core:video:compileDebugKotlin,Number of cache hits when loading classpath entry snapshots,101,101,101,101,101,101,
:core:video:compileDebugKotlin,Number of lines analyzed,418,418,418,418,418,418,
:core:video:compileDebugKotlin,Size of shrunk classpath snapshot,46.4,46.4,46,46,46,46,KB
:core:video:compileDebugKotlin,Number of cache misses when loading classpath entry snapshots,1,1,1,1,1,1,
:core:video:compileDebugKotlin,Total compiler iteration,1,1,1,1,1,1,
:core:video:compileDebugKotlin,Number of times classpath snapshot is shrunk and saved after compilation,1,1,1,1,1,1,
:core:video:compileDebugKotlin,Number of times classpath snapshot is loaded,1,1,1,1,1,1,
:core:video:compileDebugKotlin,Code generation lines per second,1371,1449,1303,1361,1884,2054,
:core:video:compileDebugKotlin,ABI snapshot size,18.0,18.0,18,18,18,18,B
:core:video:compileDebugKotlin,Size of classpath snapshot,5.7,5.7,6,6,6,6,MB
:core:video:compileDebugKotlin,Number of classpath entries,102,102,102,102,102,102,
:core:video:compileDebugKotlin,Store build info,2.25,3.0,2,3,4,3,ms
:core:video:compileDebugKotlin,Clear outputs on rebuild,1.0,,1,,1,,ms
:core:weather:compileDebugKotlin,Sources compilation round,2006.74,1750.86,1993,1750,2499,2229,ms
:core:weather:compileDebugKotlin,Incremental compilation in daemon,2216.44,1913.72,2131,1913,2855,2424,ms
:core:weather:compileDebugKotlin,Task action before worker execution,18.96,16.52,17,17,31,28,ms
:core:weather:compileDebugKotlin,Start gradle worker,2.15,2.51,1,2,4,5,ms
:core:weather:compileDebugKotlin,Compiler initialization time,65.94,63.78,65,61,96,101,ms
:core:weather:compileDebugKotlin,Calculate output size,2.56,2.4,1,2,6,4,ms
:core:weather:compileDebugKotlin,Compiler IR lowering,184.72,167.42,179,165,263,230,ms
:core:weather:compileDebugKotlin,Compiler translation to IR,480.08,403.28,424,360,778,599,ms
:core:weather:compileDebugKotlin,Compiler backend,161.62,149.2,165,144,230,230,ms
:core:weather:compileDebugKotlin,Compiler code analysis,840.8,734.86,806,717,1169,1093,ms
:core:weather:compileDebugKotlin,Run compilation in Gradle worker,2305.4,1980.5,2214,1968,2900,2485,ms
:core:weather:compileDebugKotlin,Load current classpath snapshot,8.42,6.38,8,6,13,10,ms
:core:weather:compileDebugKotlin,Update caches,5.06,4.22,5,4,9,8,ms
:core:weather:compileDebugKotlin,Total Gradle task time,2504.28,2136.5,2432,2154,3089,2709,ms
:core:weather:compileDebugKotlin,Shrink and save current classpath snapshot after compilation,70.7,44.64,61,41,88,71,ms
:core:weather:compileDebugKotlin,Compiler code generation,346.84,317.14,345,299,485,454,ms
:core:weather:compileDebugKotlin,Remove duplicate classes,7.08,5.42,7,5,11,10,ms
:core:weather:compileDebugKotlin,Run compilation,2291.62,1967.58,2207,1963,2896,2476,ms
:core:weather:compileDebugKotlin,Shrink current classpath snapshot non-incrementally,58.92,34.94,47,31,74,58,ms
:core:weather:compileDebugKotlin,Save shrunk current classpath snapshot,3.33,8.83,3,3,6,37,ms
:core:weather:compileDebugKotlin,Spent time before task action,49.74,41.24,49,40,75,59,ms
:core:weather:compileDebugKotlin,Analysis lines per second,525,617,518,582,734,863,
:core:weather:compileDebugKotlin,Total size of the cache directory,543.4,543.4,543,543,543,543,KB
:core:weather:compileDebugKotlin,Number of cache hits when loading classpath entry snapshots,101,101,101,101,101,101,
:core:weather:compileDebugKotlin,Number of lines analyzed,418,418,418,418,418,418,
:core:weather:compileDebugKotlin,Size of shrunk classpath snapshot,46.4,46.4,46,46,46,46,KB
:core:weather:compileDebugKotlin,Number of cache misses when loading classpath entry snapshots,1,1,1,1,1,1,
:core:weather:compileDebugKotlin,Total compiler iteration,1,1,1,1,1,1,
:core:weather:compileDebugKotlin,Number of times classpath snapshot is shrunk and saved after compilation,1,1,1,1,1,1,
:core:weather:compileDebugKotlin,Number of times classpath snapshot is loaded,1,1,1,1,1,1,
:core:weather:compileDebugKotlin,Code generation lines per second,1298,1406,1212,1397,1991,1803,
:core:weather:compileDebugKotlin,ABI snapshot size,18.0,18.0,18,18,18,18,B
:core:weather:compileDebugKotlin,Size of classpath snapshot,5.7,5.7,6,6,6,6,MB
:core:weather:compileDebugKotlin,Number of classpath entries,102,102,102,102,102,102,
:core:weather:compileDebugKotlin,Store build info,4.8,6.5,4,7,7,11,ms
:core:weather:compileDebugKotlin,Clear outputs on rebuild,1.67,1.0,2,1,2,1,ms
:core:weather:compileDebugKotlin,Clear output,1.0,1.5,1,2,1,2,ms
:domain:account-login:compileDebugKotlin,Sources compilation round,1513.36,1459.66,1507,1477,1836,1831,ms
:domain:account-login:compileDebugKotlin,Incremental compilation in daemon,1656.1,1607.94,1631,1616,1970,2002,ms
:domain:account-login:compileDebugKotlin,Task action before worker execution,16.1,14.64,14,15,26,21,ms
:domain:account-login:compileDebugKotlin,Start gradle worker,1.78,2.2,1,2,3,4,ms
:domain:account-login:compileDebugKotlin,Compiler initialization time,69.72,67.72,66,64,90,104,ms
:domain:account-login:compileDebugKotlin,Calculate output size,2.6,2.51,2,2,7,5,ms
:domain:account-login:compileDebugKotlin,Compiler IR lowering,166.84,146.14,172,146,233,196,ms
:domain:account-login:compileDebugKotlin,Compiler translation to IR,357.84,340.8,357,328,482,448,ms
:domain:account-login:compileDebugKotlin,Compiler backend,138.06,132.34,132,142,202,195,ms
:domain:account-login:compileDebugKotlin,Compiler code analysis,581.28,565.02,568,560,729,734,ms
:domain:account-login:compileDebugKotlin,Run compilation in Gradle worker,1730.22,1681.38,1696,1683,2079,2084,ms
:domain:account-login:compileDebugKotlin,Load current classpath snapshot,8.1,8.46,7,8,13,14,ms
:domain:account-login:compileDebugKotlin,Update caches,3.54,3.56,3,3,6,7,ms
:domain:account-login:compileDebugKotlin,Total Gradle task time,1882.66,1832.5,1887,1863,2224,2255,ms
:domain:account-login:compileDebugKotlin,Shrink and save current classpath snapshot after compilation,48.96,52.3,50,49,74,74,ms
:domain:account-login:compileDebugKotlin,Compiler code generation,305.52,279.06,295,280,430,373,ms
:domain:account-login:compileDebugKotlin,Remove duplicate classes,5.38,5.88,5,6,10,9,ms
:domain:account-login:compileDebugKotlin,Run compilation,1695.84,1649.04,1668,1652,2004,2050,ms
:domain:account-login:compileDebugKotlin,Shrink current classpath snapshot non-incrementally,38.0,40.98,40,39,57,56,ms
:domain:account-login:compileDebugKotlin,Spent time before task action,37.92,42.1,36,41,54,62,ms
:domain:account-login:compileDebugKotlin,Analysis lines per second,743,780,736,746,925,1134,
:domain:account-login:compileDebugKotlin,Total size of the cache directory,545.8,545.8,546,546,546,546,KB
:domain:account-login:compileDebugKotlin,Number of cache hits when loading classpath entry snapshots,101,101,101,101,101,101,
:domain:account-login:compileDebugKotlin,Number of lines analyzed,418,418,418,418,418,418,
:domain:account-login:compileDebugKotlin,Size of shrunk classpath snapshot,46.4,46.4,46,46,46,46,KB
:domain:account-login:compileDebugKotlin,Number of cache misses when loading classpath entry snapshots,4,4,4,4,4,4,
:domain:account-login:compileDebugKotlin,Total compiler iteration,1,1,1,1,1,1,
:domain:account-login:compileDebugKotlin,Number of times classpath snapshot is shrunk and saved after compilation,1,1,1,1,1,1,
:domain:account-login:compileDebugKotlin,Number of times classpath snapshot is loaded,1,1,1,1,1,1,
:domain:account-login:compileDebugKotlin,Code generation lines per second,1485,1667,1414,1491,2377,2376,
:domain:account-login:compileDebugKotlin,ABI snapshot size,18.0,18.0,18,18,18,18,B
:domain:account-login:compileDebugKotlin,Size of classpath snapshot,5.8,5.8,6,6,6,6,MB
:domain:account-login:compileDebugKotlin,Number of classpath entries,105,105,105,105,105,105,
:domain:account-login:compileDebugKotlin,Save shrunk current classpath snapshot,2.86,2.83,3,3,5,6,ms
:domain:account-login:compileDebugKotlin,Clear output,3.0,1.0,3,1,3,1,ms
:domain:account-login:compileDebugKotlin,Store build info,4.0,4.0,2,4,9,4,ms
:domain:alarm-login:compileDebugKotlin,Sources compilation round,1468.18,1408.24,1400,1352,1887,1816,ms
:domain:alarm-login:compileDebugKotlin,Incremental compilation in daemon,1634.54,1551.86,1532,1511,2148,2024,ms
:domain:alarm-login:compileDebugKotlin,Task action before worker execution,16.86,20.16,14,19,24,32,ms
:domain:alarm-login:compileDebugKotlin,Start gradle worker,1.93,2.29,2,1,4,5,ms
:domain:alarm-login:compileDebugKotlin,Compiler initialization time,68.1,71.64,65,70,106,103,ms
:domain:alarm-login:compileDebugKotlin,Calculate output size,2.96,2.45,3,1,6,4,ms
:domain:alarm-login:compileDebugKotlin,Compiler IR lowering,138.94,128.82,137,135,194,168,ms
:domain:alarm-login:compileDebugKotlin,Compiler translation to IR,342.26,340.56,340,323,439,477,ms
:domain:alarm-login:compileDebugKotlin,Compiler backend,136.86,121.78,139,118,197,179,ms
:domain:alarm-login:compileDebugKotlin,Compiler code analysis,566.36,540.76,554,537,749,704,ms
:domain:alarm-login:compileDebugKotlin,Run compilation in Gradle worker,1715.68,1629.32,1564,1569,2291,2108,ms
:domain:alarm-login:compileDebugKotlin,Load current classpath snapshot,15.74,10.28,11,10,18,16,ms
:domain:alarm-login:compileDebugKotlin,Update caches,3.54,2.5,2,2,6,5,ms
:domain:alarm-login:compileDebugKotlin,Total Gradle task time,1904.18,1816.18,1762,1747,2502,2325,ms
:domain:alarm-login:compileDebugKotlin,Shrink and save current classpath snapshot after compilation,61.48,54.6,59,53,83,84,ms
:domain:alarm-login:compileDebugKotlin,Compiler code generation,276.32,251.12,274,242,367,352,ms
:domain:alarm-login:compileDebugKotlin,Remove duplicate classes,6.44,5.22,6,5,10,8,ms
:domain:alarm-login:compileDebugKotlin,Run compilation,1675.16,1601.5,1558,1548,2225,2097,ms
:domain:alarm-login:compileDebugKotlin,Shrink current classpath snapshot non-incrementally,42.8,41.6,43,39,62,61,ms
:domain:alarm-login:compileDebugKotlin,Save shrunk current classpath snapshot,2.45,4.57,2,5,4,8,ms
:domain:alarm-login:compileDebugKotlin,Spent time before task action,54.66,58.06,52,53,83,77,ms
:domain:alarm-login:compileDebugKotlin,Analysis lines per second,784,803,754,777,1094,1022,
:domain:alarm-login:compileDebugKotlin,Total size of the cache directory,545.1,545.1,545,545,545,545,KB
:domain:alarm-login:compileDebugKotlin,Number of cache hits when loading classpath entry snapshots,102,102,102,102,102,102,
:domain:alarm-login:compileDebugKotlin,Number of lines analyzed,418,418,418,418,418,418,
:domain:alarm-login:compileDebugKotlin,Size of shrunk classpath snapshot,46.4,46.4,46,46,46,46,KB
:domain:alarm-login:compileDebugKotlin,Number of cache misses when loading classpath entry snapshots,10,10,10,10,10,10,
:domain:alarm-login:compileDebugKotlin,Total compiler iteration,1,1,1,1,1,1,
:domain:alarm-login:compileDebugKotlin,Number of times classpath snapshot is shrunk and saved after compilation,1,1,1,1,1,1,
:domain:alarm-login:compileDebugKotlin,Number of times classpath snapshot is loaded,1,1,1,1,1,1,
:domain:alarm-login:compileDebugKotlin,Code generation lines per second,1628,1786,1523,1725,2371,2581,
:domain:alarm-login:compileDebugKotlin,ABI snapshot size,18.0,18.0,18,18,18,18,B
:domain:alarm-login:compileDebugKotlin,Size of classpath snapshot,6.0,6.0,6,6,6,6,MB
:domain:alarm-login:compileDebugKotlin,Number of classpath entries,112,112,112,112,112,112,
:domain:alarm-login:compileDebugKotlin,Clear output,2.0,,2,,3,,ms
:domain:alarm-login:compileDebugKotlin,Store build info,3.33,4.0,3,4,6,4,ms
:domain:alarm-login:compileDebugKotlin,Clear outputs on rebuild,2.0,3.0,2,3,3,3,ms
:domain:analytics-login:compileDebugKotlin,Sources compilation round,1315.6,1256.42,1338,1202,1666,1745,ms
:domain:analytics-login:compileDebugKotlin,Incremental compilation in daemon,1465.92,1411.4,1484,1347,1895,1861,ms
:domain:analytics-login:compileDebugKotlin,Task action before worker execution,14.0,14.58,13,13,21,28,ms
:domain:analytics-login:compileDebugKotlin,Start gradle worker,1.65,2.1,1,1,3,5,ms
:domain:analytics-login:compileDebugKotlin,Compiler initialization time,63.48,71.34,60,58,89,115,ms
:domain:analytics-login:compileDebugKotlin,Calculate output size,2.75,2.06,1,1,6,4,ms
:domain:analytics-login:compileDebugKotlin,Compiler IR lowering,140.88,115.34,134,112,191,171,ms
:domain:analytics-login:compileDebugKotlin,Compiler translation to IR,351.18,337.22,340,313,443,450,ms
:domain:analytics-login:compileDebugKotlin,Compiler backend,103.78,105.04,97,102,167,167,ms
:domain:analytics-login:compileDebugKotlin,Compiler code analysis,471.32,449.34,455,431,596,616,ms
:domain:analytics-login:compileDebugKotlin,Run compilation in Gradle worker,1523.48,1471.96,1542,1400,1987,1962,ms
:domain:analytics-login:compileDebugKotlin,Load current classpath snapshot,14.12,13.66,15,13,23,22,ms
:domain:analytics-login:compileDebugKotlin,Update caches,2.9,3.26,2,2,5,7,ms
:domain:analytics-login:compileDebugKotlin,Total Gradle task time,1683.14,1636.96,1707,1573,2110,2189,ms
:domain:analytics-login:compileDebugKotlin,Shrink and save current classpath snapshot after compilation,56.66,63.04,58,54,81,82,ms
:domain:analytics-login:compileDebugKotlin,Store build info,3.33,3.67,3,3,6,7,ms
:domain:analytics-login:compileDebugKotlin,Compiler code generation,245.2,220.94,235,213,359,337,ms
:domain:analytics-login:compileDebugKotlin,Remove duplicate classes,6.08,5.76,6,5,11,9,ms
:domain:analytics-login:compileDebugKotlin,Run compilation,1504.16,1452.14,1517,1382,1936,1894,ms
:domain:analytics-login:compileDebugKotlin,Shrink current classpath snapshot non-incrementally,40.28,46.64,41,37,61,66,ms
:domain:analytics-login:compileDebugKotlin,Spent time before task action,56.4,57.48,49,52,98,92,ms
:domain:analytics-login:compileDebugKotlin,Analysis lines per second,926,992,917,971,1171,1289,
:domain:analytics-login:compileDebugKotlin,Total size of the cache directory,562.6,562.6,563,563,563,563,KB
:domain:analytics-login:compileDebugKotlin,Number of cache hits when loading classpath entry snapshots,108,108,108,108,108,108,
:domain:analytics-login:compileDebugKotlin,Number of lines analyzed,418,418,418,418,418,418,
:domain:analytics-login:compileDebugKotlin,Size of shrunk classpath snapshot,46.4,46.4,46,46,46,46,KB
:domain:analytics-login:compileDebugKotlin,Number of cache misses when loading classpath entry snapshots,16,16,16,16,16,16,
:domain:analytics-login:compileDebugKotlin,Total compiler iteration,1,1,1,1,1,1,
:domain:analytics-login:compileDebugKotlin,Number of times classpath snapshot is shrunk and saved after compilation,1,1,1,1,1,1,
:domain:analytics-login:compileDebugKotlin,Number of times classpath snapshot is loaded,1,1,1,1,1,1,
:domain:analytics-login:compileDebugKotlin,Code generation lines per second,1941,2106,1779,1962,2741,2946,
:domain:analytics-login:compileDebugKotlin,ABI snapshot size,18.0,18.0,18,18,18,18,B
:domain:analytics-login:compileDebugKotlin,Size of classpath snapshot,6.4,6.4,6,6,6,6,MB
:domain:analytics-login:compileDebugKotlin,Number of classpath entries,124,124,124,124,124,124,
:domain:analytics-login:compileDebugKotlin,Save shrunk current classpath snapshot,2.83,2.38,3,3,5,5,ms
:domain:analytics-login:compileDebugKotlin,Clear outputs on rebuild,3.5,,4,,4,,ms
:domain:analytics-login:compileDebugKotlin,Clear output,2.0,2.0,2,2,2,2,ms
:domain:article-login:compileDebugKotlin,Sources compilation round,1220.7,1087.82,1207,1055,1550,1387,ms
:domain:article-login:compileDebugKotlin,Incremental compilation in daemon,1355.22,1209.22,1380,1170,1702,1576,ms
:domain:article-login:compileDebugKotlin,Task action before worker execution,14.1,15.08,14,11,23,24,ms
:domain:article-login:compileDebugKotlin,Start gradle worker,1.9,1.84,1,1,4,4,ms
:domain:article-login:compileDebugKotlin,Compiler initialization time,60.38,52.94,60,49,89,74,ms
:domain:article-login:compileDebugKotlin,Calculate output size,2.81,2.04,2,1,5,4,ms
:domain:article-login:compileDebugKotlin,Compiler IR lowering,116.98,103.64,119,99,164,155,ms
:domain:article-login:compileDebugKotlin,Compiler translation to IR,304.82,274.42,303,264,454,359,ms
:domain:article-login:compileDebugKotlin,Compiler backend,93.88,92.26,96,96,134,127,ms
:domain:article-login:compileDebugKotlin,Compiler code analysis,455.26,404.48,447,397,604,526,ms
:domain:article-login:compileDebugKotlin,Run compilation in Gradle worker,1406.6,1257.88,1437,1206,1755,1615,ms
:domain:article-login:compileDebugKotlin,Load current classpath snapshot,9.38,9.28,9,9,15,15,ms
:domain:article-login:compileDebugKotlin,Update caches,2.86,3.02,2,2,5,6,ms
:domain:article-login:compileDebugKotlin,Total Gradle task time,1564.92,1390.56,1598,1365,1963,1755,ms
:domain:article-login:compileDebugKotlin,Shrink and save current classpath snapshot after compilation,51.26,46.72,54,46,75,66,ms
:domain:article-login:compileDebugKotlin,Compiler code generation,211.24,196.4,210,198,294,271,ms
:domain:article-login:compileDebugKotlin,Remove duplicate classes,5.72,5.6,5,6,9,9,ms
:domain:article-login:compileDebugKotlin,Run compilation,1390.64,1241.78,1430,1202,1742,1602,ms
:domain:article-login:compileDebugKotlin,Shrink current classpath snapshot non-incrementally,39.62,35.04,41,35,58,50,ms
:domain:article-login:compileDebugKotlin,Spent time before task action,49.82,41.68,48,36,88,69,ms
:domain:article-login:compileDebugKotlin,Analysis lines per second,964,1098,934,1054,1364,1462,
:domain:article-login:compileDebugKotlin,Total size of the cache directory,545.8,545.8,546,546,546,546,KB
:domain:article-login:compileDebugKotlin,Number of cache hits when loading classpath entry snapshots,112,112,112,112,112,112,
:domain:article-login:compileDebugKotlin,Number of lines analyzed,418,418,418,418,418,418,
:domain:article-login:compileDebugKotlin,Size of shrunk classpath snapshot,46.4,46.4,46,46,46,46,KB
:domain:article-login:compileDebugKotlin,Number of cache misses when loading classpath entry snapshots,7,7,7,7,7,7,
:domain:article-login:compileDebugKotlin,Total compiler iteration,1,1,1,1,1,1,
:domain:article-login:compileDebugKotlin,Number of times classpath snapshot is shrunk and saved after compilation,1,1,1,1,1,1,
:domain:article-login:compileDebugKotlin,Number of times classpath snapshot is loaded,1,1,1,1,1,1,
:domain:article-login:compileDebugKotlin,Code generation lines per second,2156,2400,1995,2111,3139,3580,
:domain:article-login:compileDebugKotlin,ABI snapshot size,18.0,18.0,18,18,18,18,B
:domain:article-login:compileDebugKotlin,Size of classpath snapshot,6.3,6.3,6,6,6,6,MB
:domain:article-login:compileDebugKotlin,Number of classpath entries,119,119,119,119,119,119,
:domain:article-login:compileDebugKotlin,Clear output,2.0,1.0,2,1,2,1,ms
:domain:article-login:compileDebugKotlin,Store build info,3.6,3.33,3,3,6,5,ms
:domain:article-login:compileDebugKotlin,Save shrunk current classpath snapshot,2.2,3.25,1,3,5,6,ms
:domain:audio-login:compileDebugKotlin,Sources compilation round,1105.92,1090.56,1105,1014,1301,1399,ms
:domain:audio-login:compileDebugKotlin,Incremental compilation in daemon,1247.16,1225.46,1227,1158,1508,1578,ms
:domain:audio-login:compileDebugKotlin,Task action before worker execution,20.5,12.96,14,13,28,20,ms
:domain:audio-login:compileDebugKotlin,Start gradle worker,2.14,1.82,1,1,4,4,ms
:domain:audio-login:compileDebugKotlin,Compiler initialization time,55.56,66.96,53,56,80,89,ms
:domain:audio-login:compileDebugKotlin,Calculate output size,2.38,2.16,1,1,5,4,ms
:domain:audio-login:compileDebugKotlin,Compiler IR lowering,109.02,96.12,101,97,156,134,ms
:domain:audio-login:compileDebugKotlin,Compiler translation to IR,291.74,287.1,293,285,357,372,ms
:domain:audio-login:compileDebugKotlin,Compiler backend,89.14,85.02,92,84,127,128,ms
:domain:audio-login:compileDebugKotlin,Compiler code analysis,387.4,386.38,380,362,468,498,ms
:domain:audio-login:compileDebugKotlin,Run compilation in Gradle worker,1301.68,1266.76,1264,1223,1575,1657,ms
:domain:audio-login:compileDebugKotlin,Load current classpath snapshot,12.0,11.3,11,11,19,20,ms
:domain:audio-login:compileDebugKotlin,Update caches,3.24,3.04,3,2,5,5,ms
:domain:audio-login:compileDebugKotlin,Total Gradle task time,1458.4,1401.08,1415,1341,1713,1851,ms
:domain:audio-login:compileDebugKotlin,Shrink and save current classpath snapshot after compilation,59.58,49.82,54,49,107,75,ms
:domain:audio-login:compileDebugKotlin,Compiler code generation,198.66,181.64,192,182,282,254,ms
:domain:audio-login:compileDebugKotlin,Remove duplicate classes,6.42,5.92,5,5,13,10,ms
:domain:audio-login:compileDebugKotlin,Run compilation,1289.34,1253.66,1255,1190,1551,1624,ms
:domain:audio-login:compileDebugKotlin,Shrink current classpath snapshot non-incrementally,44.26,35.56,40,35,81,55,ms
:domain:audio-login:compileDebugKotlin,Spent time before task action,47.26,43.18,42,37,75,60,ms
:domain:audio-login:compileDebugKotlin,Analysis lines per second,1112,1127,1099,1155,1376,1399,
:domain:audio-login:compileDebugKotlin,Total size of the cache directory,545.1,545.1,545,545,545,545,KB
:domain:audio-login:compileDebugKotlin,Number of cache hits when loading classpath entry snapshots,117,117,117,117,117,117,
:domain:audio-login:compileDebugKotlin,Number of lines analyzed,418,418,418,418,418,418,
:domain:audio-login:compileDebugKotlin,Size of shrunk classpath snapshot,46.4,46.4,46,46,46,46,KB
:domain:audio-login:compileDebugKotlin,Number of cache misses when loading classpath entry snapshots,10,10,10,10,10,10,
:domain:audio-login:compileDebugKotlin,Total compiler iteration,1,1,1,1,1,1,
:domain:audio-login:compileDebugKotlin,Number of times classpath snapshot is shrunk and saved after compilation,1,1,1,1,1,1,
:domain:audio-login:compileDebugKotlin,Number of times classpath snapshot is loaded,1,1,1,1,1,1,
:domain:audio-login:compileDebugKotlin,Code generation lines per second,2283,2497,2179,2301,3322,3707,
:domain:audio-login:compileDebugKotlin,ABI snapshot size,18.0,18.0,18,18,18,18,B
:domain:audio-login:compileDebugKotlin,Size of classpath snapshot,6.5,6.5,7,7,7,7,MB
:domain:audio-login:compileDebugKotlin,Number of classpath entries,127,127,127,127,127,127,
:domain:audio-login:compileDebugKotlin,Store build info,3.0,6.0,3,6,5,9,ms
:domain:audio-login:compileDebugKotlin,Save shrunk current classpath snapshot,3.86,2.6,4,3,8,3,ms
:domain:audio-login:compileDebugKotlin,Clear output,1.0,,1,,1,,ms
:domain:audio-login:compileDebugKotlin,Clear outputs on rebuild,2.0,2.0,2,2,3,2,ms
:domain:calendar-login:compileDebugKotlin,Sources compilation round,1124.8,1093.5,1070,1045,1583,1458,ms
:domain:calendar-login:compileDebugKotlin,Incremental compilation in daemon,1265.84,1226.28,1214,1179,1729,1659,ms
:domain:calendar-login:compileDebugKotlin,Task action before worker execution,15.64,13.12,14,14,26,19,ms
:domain:calendar-login:compileDebugKotlin,Start gradle worker,1.71,1.54,1,1,4,3,ms
:domain:calendar-login:compileDebugKotlin,Compiler initialization time,61.86,60.54,57,54,96,99,ms
:domain:calendar-login:compileDebugKotlin,Calculate output size,2.18,2.04,1,1,5,4,ms
:domain:calendar-login:compileDebugKotlin,Compiler IR lowering,119.02,104.1,116,102,171,157,ms
:domain:calendar-login:compileDebugKotlin,Compiler translation to IR,288.88,305.0,277,272,397,439,ms
:domain:calendar-login:compileDebugKotlin,Compiler backend,87.2,76.24,84,78,136,103,ms
:domain:calendar-login:compileDebugKotlin,Compiler code analysis,400.66,384.66,366,383,579,493,ms
:domain:calendar-login:compileDebugKotlin,Run compilation in Gradle worker,1329.54,1272.34,1265,1213,1843,1738,ms
:domain:calendar-login:compileDebugKotlin,Load current classpath snapshot,8.06,8.12,8,8,12,16,ms
:domain:calendar-login:compileDebugKotlin,Update caches,3.24,2.7,3,2,5,5,ms
:domain:calendar-login:compileDebugKotlin,Total Gradle task time,1481.72,1404.42,1444,1369,2018,1884,ms
:domain:calendar-login:compileDebugKotlin,Shrink and save current classpath snapshot after compilation,48.1,45.66,48,45,75,68,ms
:domain:calendar-login:compileDebugKotlin,Compiler code generation,206.7,180.72,195,172,298,253,ms
:domain:calendar-login:compileDebugKotlin,Remove duplicate classes,5.9,5.44,6,5,10,9,ms
:domain:calendar-login:compileDebugKotlin,Run compilation,1304.6,1259.5,1259,1210,1771,1693,ms
:domain:calendar-login:compileDebugKotlin,Shrink current classpath snapshot non-incrementally,37.84,35.38,38,36,56,56,ms
:domain:calendar-login:compileDebugKotlin,Spent time before task action,45.56,32.28,45,32,73,49,ms
:domain:calendar-login:compileDebugKotlin,Analysis lines per second,1113,1138,1141,1091,1512,1530,
:domain:calendar-login:compileDebugKotlin,Total size of the cache directory,546.2,546.2,546,546,546,546,KB
:domain:calendar-login:compileDebugKotlin,Number of cache hits when loading classpath entry snapshots,109,109,109,109,109,109,
:domain:calendar-login:compileDebugKotlin,Number of lines analyzed,418,418,418,418,418,418,
:domain:calendar-login:compileDebugKotlin,Size of shrunk classpath snapshot,46.4,46.4,46,46,46,46,KB
:domain:calendar-login:compileDebugKotlin,Number of cache misses when loading classpath entry snapshots,3,3,3,3,3,3,
:domain:calendar-login:compileDebugKotlin,Total compiler iteration,1,1,1,1,1,1,
:domain:calendar-login:compileDebugKotlin,Number of times classpath snapshot is shrunk and saved after compilation,1,1,1,1,1,1,
:domain:calendar-login:compileDebugKotlin,Number of times classpath snapshot is loaded,1,1,1,1,1,1,
:domain:calendar-login:compileDebugKotlin,Code generation lines per second,2282,2488,2139,2429,3584,3590,
:domain:calendar-login:compileDebugKotlin,ABI snapshot size,18.0,18.0,18,18,18,18,B
:domain:calendar-login:compileDebugKotlin,Size of classpath snapshot,6.0,6.0,6,6,6,6,MB
:domain:calendar-login:compileDebugKotlin,Number of classpath entries,112,112,112,112,112,112,
:domain:calendar-login:compileDebugKotlin,Clear outputs on rebuild,2.0,,2,,2,,ms
:domain:calendar-login:compileDebugKotlin,Save shrunk current classpath snapshot,2.0,2.71,2,3,3,7,ms
:domain:calendar-login:compileDebugKotlin,Clear output,1.0,1.0,1,1,1,1,ms
:domain:calendar-login:compileDebugKotlin,Store build info,4.5,,5,,6,,ms
:domain:cart-login:compileDebugKotlin,Sources compilation round,1156.78,1130.88,1129,1146,1404,1376,ms
:domain:cart-login:compileDebugKotlin,Incremental compilation in daemon,1287.32,1254.88,1248,1250,1587,1540,ms
:domain:cart-login:compileDebugKotlin,Task action before worker execution,14.82,14.5,15,14,22,24,ms
:domain:cart-login:compileDebugKotlin,Start gradle worker,1.98,2.19,1,2,4,4,ms
:domain:cart-login:compileDebugKotlin,Compiler initialization time,65.84,60.64,59,53,96,103,ms
:domain:cart-login:compileDebugKotlin,Calculate output size,2.25,2.65,1,2,4,6,ms
:domain:cart-login:compileDebugKotlin,Compiler IR lowering,100.82,107.4,98,102,143,150,ms
:domain:cart-login:compileDebugKotlin,Compiler translation to IR,288.12,291.42,276,284,401,402,ms
:domain:cart-login:compileDebugKotlin,Compiler backend,94.68,84.9,91,84,136,115,ms
:domain:cart-login:compileDebugKotlin,Compiler code analysis,430.0,412.16,413,402,544,539,ms
:domain:cart-login:compileDebugKotlin,Run compilation in Gradle worker,1349.66,1302.8,1314,1282,1727,1630,ms
:domain:cart-login:compileDebugKotlin,Load current classpath snapshot,7.54,6.52,8,6,12,11,ms
:domain:cart-login:compileDebugKotlin,Update caches,3.24,3.06,2,2,6,6,ms
:domain:cart-login:compileDebugKotlin,Total Gradle task time,1494.14,1441.42,1467,1440,1948,1752,ms
:domain:cart-login:compileDebugKotlin,Shrink and save current classpath snapshot after compilation,47.54,42.76,48,43,72,68,ms
:domain:cart-login:compileDebugKotlin,Compiler code generation,196.02,192.78,188,188,268,252,ms
:domain:cart-login:compileDebugKotlin,Remove duplicate classes,5.58,4.56,5,5,9,8,ms
:domain:cart-login:compileDebugKotlin,Run compilation,1323.4,1289.04,1283,1279,1635,1581,ms
:domain:cart-login:compileDebugKotlin,Shrink current classpath snapshot non-incrementally,37.64,33.82,39,33,57,53,ms
:domain:cart-login:compileDebugKotlin,Spent time before task action,41.2,36.46,39,35,67,56,ms
:domain:cart-login:compileDebugKotlin,Analysis lines per second,1008,1069,1011,1040,1311,1442,
:domain:cart-login:compileDebugKotlin,Total size of the cache directory,544.7,544.7,545,545,545,545,KB
:domain:cart-login:compileDebugKotlin,Number of cache hits when loading classpath entry snapshots,103,103,103,103,103,103,
:domain:cart-login:compileDebugKotlin,Number of lines analyzed,418,418,418,418,418,418,
:domain:cart-login:compileDebugKotlin,Size of shrunk classpath snapshot,46.4,46.4,46,46,46,46,KB
:domain:cart-login:compileDebugKotlin,Number of cache misses when loading classpath entry snapshots,2,2,2,2,2,2,
:domain:cart-login:compileDebugKotlin,Total compiler iteration,1,1,1,1,1,1,
:domain:cart-login:compileDebugKotlin,Number of times classpath snapshot is shrunk and saved after compilation,1,1,1,1,1,1,
:domain:cart-login:compileDebugKotlin,Number of times classpath snapshot is loaded,1,1,1,1,1,1,
:domain:cart-login:compileDebugKotlin,Code generation lines per second,2306,2312,2220,2222,3260,3092,
:domain:cart-login:compileDebugKotlin,ABI snapshot size,18.0,18.0,18,18,18,18,B
:domain:cart-login:compileDebugKotlin,Size of classpath snapshot,5.8,5.8,6,6,6,6,MB
:domain:cart-login:compileDebugKotlin,Number of classpath entries,105,105,105,105,105,105,
:domain:cart-login:compileDebugKotlin,Store build info,1.0,2.0,1,2,1,2,ms
:domain:cart-login:compileDebugKotlin,Clear output,2.0,,2,,2,,ms
:domain:cart-login:compileDebugKotlin,Save shrunk current classpath snapshot,1.75,2.67,1,3,4,4,ms
:domain:cart-login:compileDebugKotlin,Clear outputs on rebuild,2.5,2.0,3,2,3,2,ms
:domain:checkout-login:compileDebugKotlin,Sources compilation round,1057.32,1057.28,1038,1082,1340,1304,ms
:domain:checkout-login:compileDebugKotlin,Incremental compilation in daemon,1208.52,1218.14,1181,1213,1504,1471,ms
:domain:checkout-login:compileDebugKotlin,Task action before worker execution,13.6,12.82,11,11,24,21,ms
:domain:checkout-login:compileDebugKotlin,Compiler initialization time,53.32,55.2,51,52,77,85,ms
:domain:checkout-login:compileDebugKotlin,Calculate output size,1.89,2.28,1,1,4,5,ms
:domain:checkout-login:compileDebugKotlin,Compiler IR lowering,97.78,108.62,90,106,136,154,ms
:domain:checkout-login:compileDebugKotlin,Compiler translation to IR,274.26,273.26,267,274,361,362,ms
:domain:checkout-login:compileDebugKotlin,Compiler backend,93.04,80.52,89,80,141,130,ms
:domain:checkout-login:compileDebugKotlin,Compiler code analysis,391.56,384.2,383,381,488,485,ms
:domain:checkout-login:compileDebugKotlin,Run compilation in Gradle worker,1255.54,1268.64,1234,1259,1543,1629,ms
:domain:checkout-login:compileDebugKotlin,Load current classpath snapshot,9.34,7.82,9,8,16,12,ms
:domain:checkout-login:compileDebugKotlin,Update caches,3.54,3.18,3,2,7,7,ms
:domain:checkout-login:compileDebugKotlin,Total Gradle task time,1395.92,1403.74,1372,1396,1715,1758,ms
:domain:checkout-login:compileDebugKotlin,Shrink and save current classpath snapshot after compilation,59.44,51.78,60,54,87,70,ms
:domain:checkout-login:compileDebugKotlin,Compiler code generation,191.38,189.56,183,188,266,272,ms
:domain:checkout-login:compileDebugKotlin,Remove duplicate classes,7.2,5.62,6,6,12,9,ms
:domain:checkout-login:compileDebugKotlin,Run compilation,1240.12,1253.2,1219,1253,1537,1572,ms
:domain:checkout-login:compileDebugKotlin,Shrink current classpath snapshot non-incrementally,47.22,41.84,46,42,69,59,ms
:domain:checkout-login:compileDebugKotlin,Spent time before task action,41.28,37.12,36,35,67,59,ms
:domain:checkout-login:compileDebugKotlin,Analysis lines per second,1129,1127,1092,1095,1455,1465,
:domain:checkout-login:compileDebugKotlin,Total size of the cache directory,546.2,546.2,546,546,546,546,KB
:domain:checkout-login:compileDebugKotlin,Number of cache hits when loading classpath entry snapshots,136,136,137,137,137,137,
:domain:checkout-login:compileDebugKotlin,Number of lines analyzed,418,418,418,418,418,418,
:domain:checkout-login:compileDebugKotlin,Size of shrunk classpath snapshot,46.4,46.4,46,46,46,46,KB
:domain:checkout-login:compileDebugKotlin,Number of cache misses when loading classpath entry snapshots,3,3,3,3,5,3,
:domain:checkout-login:compileDebugKotlin,Total compiler iteration,1,1,1,1,1,1,
:domain:checkout-login:compileDebugKotlin,Number of times classpath snapshot is shrunk and saved after compilation,1,1,1,1,1,1,
:domain:checkout-login:compileDebugKotlin,Number of times classpath snapshot is loaded,1,1,1,1,1,1,
:domain:checkout-login:compileDebugKotlin,Code generation lines per second,2350,2418,2282,2218,3363,3373,
:domain:checkout-login:compileDebugKotlin,ABI snapshot size,18.0,18.0,18,18,18,18,B
:domain:checkout-login:compileDebugKotlin,Size of classpath snapshot,6.9,6.9,7,7,7,7,MB
:domain:checkout-login:compileDebugKotlin,Number of classpath entries,140,140,140,140,140,140,
:domain:checkout-login:compileDebugKotlin,Start gradle worker,4.35,1.81,1,1,3,3,ms
:domain:checkout-login:compileDebugKotlin,Save shrunk current classpath snapshot,3.44,1.75,3,2,9,3,ms
:domain:checkout-login:compileDebugKotlin,Store build info,3.0,4.0,1,4,7,5,ms
:domain:comment-login:compileDebugKotlin,Sources compilation round,1080.68,1042.06,1067,1052,1364,1322,ms
:domain:comment-login:compileDebugKotlin,Incremental compilation in daemon,1214.06,1169.94,1183,1182,1477,1431,ms
:domain:comment-login:compileDebugKotlin,Task action before worker execution,17.9,15.24,12,12,23,29,ms
:domain:comment-login:compileDebugKotlin,Start gradle worker,1.93,1.98,1,1,4,4,ms
:domain:comment-login:compileDebugKotlin,Compiler initialization time,71.06,57.58,68,55,113,83,ms
:domain:comment-login:compileDebugKotlin,Calculate output size,2.18,2.11,1,1,4,5,ms
:domain:comment-login:compileDebugKotlin,Compiler IR lowering,96.08,92.14,91,90,136,130,ms
:domain:comment-login:compileDebugKotlin,Compiler translation to IR,277.12,279.16,281,278,371,343,ms
:domain:comment-login:compileDebugKotlin,Compiler backend,84.74,81.28,79,83,137,124,ms
:domain:comment-login:compileDebugKotlin,Compiler code analysis,397.9,382.26,383,385,496,521,ms
:domain:comment-login:compileDebugKotlin,Run compilation in Gradle worker,1266.98,1218.18,1237,1222,1509,1494,ms
:domain:comment-login:compileDebugKotlin,Load current classpath snapshot,6.88,7.04,7,6,11,12,ms
:domain:comment-login:compileDebugKotlin,Update caches,2.94,2.94,2,2,6,6,ms
:domain:comment-login:compileDebugKotlin,Total Gradle task time,1408.18,1352.06,1360,1348,1778,1669,ms
:domain:comment-login:compileDebugKotlin,Shrink and save current classpath snapshot after compilation,47.04,46.22,40,44,76,82,ms
:domain:comment-login:compileDebugKotlin,Compiler code generation,181.34,173.88,176,182,262,239,ms
:domain:comment-login:compileDebugKotlin,Remove duplicate classes,5.2,5.3,5,5,9,10,ms
:domain:comment-login:compileDebugKotlin,Run compilation,1248.68,1203.32,1225,1219,1501,1466,ms
:domain:comment-login:compileDebugKotlin,Shrink current classpath snapshot non-incrementally,37.52,36.9,34,34,62,64,ms
:domain:comment-login:compileDebugKotlin,Spent time before task action,37.08,35.24,34,30,58,63,ms
:domain:comment-login:compileDebugKotlin,Analysis lines per second,1080,1167,1090,1086,1330,1572,
:domain:comment-login:compileDebugKotlin,Total size of the cache directory,545.8,545.8,546,546,546,546,KB
:domain:comment-login:compileDebugKotlin,Number of cache hits when loading classpath entry snapshots,113,113,113,113,115,113,
:domain:comment-login:compileDebugKotlin,Number of lines analyzed,418,418,418,418,418,418,
:domain:comment-login:compileDebugKotlin,Size of shrunk classpath snapshot,46.4,46.4,46,46,46,46,KB
:domain:comment-login:compileDebugKotlin,Number of cache misses when loading classpath entry snapshots,2,2,3,3,3,3,
:domain:comment-login:compileDebugKotlin,Total compiler iteration,1,1,1,1,1,1,
:domain:comment-login:compileDebugKotlin,Number of times classpath snapshot is shrunk and saved after compilation,1,1,1,1,1,1,
:domain:comment-login:compileDebugKotlin,Number of times classpath snapshot is loaded,1,1,1,1,1,1,
:domain:comment-login:compileDebugKotlin,Code generation lines per second,2441,2656,2369,2297,3231,3981,
:domain:comment-login:compileDebugKotlin,ABI snapshot size,18.0,18.0,18,18,18,18,B
:domain:comment-login:compileDebugKotlin,Size of classpath snapshot,6.2,6.2,6,6,6,6,MB
:domain:comment-login:compileDebugKotlin,Number of classpath entries,116,116,116,116,116,116,
:domain:comment-login:compileDebugKotlin,Save shrunk current classpath snapshot,2.29,2.6,3,3,4,4,ms
:domain:comment-login:compileDebugKotlin,Store build info,3.0,1.5,3,2,5,2,ms
:domain:comment-login:compileDebugKotlin,Clear outputs on rebuild,1.0,,1,,1,,ms
:domain:comment-login:compileDebugKotlin,Clear output,2.5,2.0,3,2,3,2,ms
:domain:comment-login:compileDebugKotlin,Generate compiler reference index,2.0,,2,,2,,ms
:domain:contact-identity:compileDebugKotlin,Sources compilation round,1131.42,1064.14,1093,1050,1441,1284,ms
:domain:contact-identity:compileDebugKotlin,Incremental compilation in daemon,1247.78,1190.62,1204,1180,1559,1435,ms
:domain:contact-identity:compileDebugKotlin,Task action before worker execution,16.82,15.1,16,14,27,25,ms
:domain:contact-identity:compileDebugKotlin,Start gradle worker,2.14,2.2,1,2,5,4,ms
:domain:contact-identity:compileDebugKotlin,Compiler initialization time,56.28,47.46,53,45,88,65,ms
:domain:contact-identity:compileDebugKotlin,Calculate output size,1.96,2.1,1,1,4,4,ms
:domain:contact-identity:compileDebugKotlin,Compiler IR lowering,104.66,91.24,98,87,160,140,ms
:domain:contact-identity:compileDebugKotlin,Compiler translation to IR,281.08,285.42,278,274,380,378,ms
:domain:contact-identity:compileDebugKotlin,Compiler backend,85.5,79.38,82,77,126,127,ms
:domain:contact-identity:compileDebugKotlin,Compiler code analysis,425.58,392.38,417,361,555,514,ms
:domain:contact-identity:compileDebugKotlin,Run compilation in Gradle worker,1294.74,1226.4,1243,1219,1631,1475,ms
:domain:contact-identity:compileDebugKotlin,Load current classpath snapshot,6.38,5.88,6,6,11,10,ms
:domain:contact-identity:compileDebugKotlin,Update caches,3.56,3.36,3,2,7,7,ms
:domain:contact-identity:compileDebugKotlin,Total Gradle task time,1432.2,1362.4,1378,1337,1791,1672,ms
:domain:contact-identity:compileDebugKotlin,Shrink and save current classpath snapshot after compilation,42.48,41.2,41,42,63,59,ms
:domain:contact-identity:compileDebugKotlin,Compiler code generation,190.62,171.18,181,173,292,235,ms
:domain:contact-identity:compileDebugKotlin,Remove duplicate classes,5.7,5.24,5,5,10,8,ms
:domain:contact-identity:compileDebugKotlin,Run compilation,1286.34,1220.46,1239,1216,1629,1468,ms
:domain:contact-identity:compileDebugKotlin,Shrink current classpath snapshot non-incrementally,33.7,32.76,31,32,51,48,ms
:domain:contact-identity:compileDebugKotlin,Spent time before task action,43.36,42.72,41,37,64,62,ms
:domain:contact-identity:compileDebugKotlin,Analysis lines per second,1017,1132,1001,1156,1292,1401,
:domain:contact-identity:compileDebugKotlin,Total size of the cache directory,563.0,563.0,563,563,563,563,KB
:domain:contact-identity:compileDebugKotlin,Number of cache hits when loading classpath entry snapshots,118,118,118,118,118,118,
:domain:contact-identity:compileDebugKotlin,Number of lines analyzed,418,418,418,418,418,418,
:domain:contact-identity:compileDebugKotlin,Size of shrunk classpath snapshot,46.4,46.4,46,46,46,46,KB
:domain:contact-identity:compileDebugKotlin,Number of cache misses when loading classpath entry snapshots,1,1,1,1,1,1,
:domain:contact-identity:compileDebugKotlin,Total compiler iteration,1,1,1,1,1,1,
:domain:contact-identity:compileDebugKotlin,Number of times classpath snapshot is shrunk and saved after compilation,1,1,1,1,1,1,
:domain:contact-identity:compileDebugKotlin,Number of times classpath snapshot is loaded,1,1,1,1,1,1,
:domain:contact-identity:compileDebugKotlin,Code generation lines per second,2450,2652,2300,2411,3609,3906,
:domain:contact-identity:compileDebugKotlin,ABI snapshot size,18.0,18.0,18,18,18,18,B
:domain:contact-identity:compileDebugKotlin,Size of classpath snapshot,6.3,6.3,6,6,6,6,MB
:domain:contact-identity:compileDebugKotlin,Number of classpath entries,119,119,119,119,119,119,
:domain:contact-identity:compileDebugKotlin,Save shrunk current classpath snapshot,2.29,3.17,2,3,5,6,ms
:domain:contact-identity:compileDebugKotlin,Clear outputs on rebuild,4.0,,4,,4,,ms
:domain:contact-identity:compileDebugKotlin,Store build info,1.5,2.5,2,3,2,3,ms
:domain:document-login:compileDebugKotlin,Sources compilation round,1108.12,1027.92,1089,1015,1417,1270,ms
:domain:document-login:compileDebugKotlin,Incremental compilation in daemon,1224.74,1146.46,1214,1125,1548,1427,ms
:domain:document-login:compileDebugKotlin,Task action before worker execution,15.96,14.9,16,15,25,22,ms
:domain:document-login:compileDebugKotlin,Start gradle worker,2.51,2.42,2,2,5,5,ms
:domain:document-login:compileDebugKotlin,Compiler initialization time,55.12,43.5,48,42,91,66,ms
:domain:document-login:compileDebugKotlin,Calculate output size,2.02,2.42,1,1,5,5,ms
:domain:document-login:compileDebugKotlin,Compiler IR lowering,105.74,92.34,102,92,151,124,ms
:domain:document-login:compileDebugKotlin,Compiler translation to IR,276.68,253.22,251,246,384,337,ms
:domain:document-login:compileDebugKotlin,Compiler backend,79.32,83.12,71,76,110,133,ms
:domain:document-login:compileDebugKotlin,Compiler code analysis,418.58,395.28,412,379,519,538,ms
:domain:document-login:compileDebugKotlin,Run compilation in Gradle worker,1270.66,1198.24,1252,1173,1578,1516,ms
:domain:document-login:compileDebugKotlin,Load current classpath snapshot,5.72,5.6,5,6,9,9,ms
:domain:document-login:compileDebugKotlin,Update caches,3.5,3.54,2,3,7,7,ms
:domain:document-login:compileDebugKotlin,Total Gradle task time,1419.34,1336.82,1413,1304,1768,1668,ms
:domain:document-login:compileDebugKotlin,Shrink and save current classpath snapshot after compilation,43.12,43.38,43,43,65,64,ms
:domain:document-login:compileDebugKotlin,Compiler code generation,185.68,176.0,168,171,257,242,ms
:domain:document-login:compileDebugKotlin,Remove duplicate classes,5.02,5.02,5,5,8,8,ms
:domain:document-login:compileDebugKotlin,Run compilation,1260.62,1192.8,1245,1170,1569,1514,ms
:domain:document-login:compileDebugKotlin,Shrink current classpath snapshot non-incrementally,34.98,35.4,34,36,56,54,ms
:domain:document-login:compileDebugKotlin,Spent time before task action,45.88,38.64,44,38,68,55,ms
:domain:document-login:compileDebugKotlin,Analysis lines per second,1048,1115,1014,1101,1298,1415,
:domain:document-login:compileDebugKotlin,Total size of the cache directory,546.2,546.2,546,546,546,546,KB
:domain:document-login:compileDebugKotlin,Number of cache hits when loading classpath entry snapshots,121,121,121,121,121,121,
:domain:document-login:compileDebugKotlin,Number of lines analyzed,418,418,418,418,418,418,
:domain:document-login:compileDebugKotlin,Size of shrunk classpath snapshot,46.4,46.4,46,46,46,46,KB
:domain:document-login:compileDebugKotlin,Number of cache misses when loading classpath entry snapshots,1,1,1,1,1,1,
:domain:document-login:compileDebugKotlin,Total compiler iteration,1,1,1,1,1,1,
:domain:document-login:compileDebugKotlin,Number of times classpath snapshot is shrunk and saved after compilation,1,1,1,1,1,1,
:domain:document-login:compileDebugKotlin,Number of times classpath snapshot is loaded,1,1,1,1,1,1,
:domain:document-login:compileDebugKotlin,Code generation lines per second,2388,2596,2490,2436,3042,3738,
:domain:document-login:compileDebugKotlin,ABI snapshot size,18.0,18.0,18,18,18,18,B
:domain:document-login:compileDebugKotlin,Size of classpath snapshot,6.4,6.4,6,6,6,6,MB
:domain:document-login:compileDebugKotlin,Number of classpath entries,122,122,122,122,122,122,
:domain:document-login:compileDebugKotlin,Store build info,2.0,2.83,2,3,3,4,ms
:domain:document-login:compileDebugKotlin,Save shrunk current classpath snapshot,2.33,2.56,3,3,3,4,ms
:domain:document-login:compileDebugKotlin,Clear outputs on rebuild,3.0,,3,,3,,ms
:domain:document-login:compileDebugKotlin,Clear output,1.0,3.0,1,3,1,3,ms
:domain:event-login:compileDebugKotlin,Sources compilation round,1055.78,1137.4,1030,1122,1245,1436,ms
:domain:event-login:compileDebugKotlin,Incremental compilation in daemon,1177.3,1259.78,1159,1232,1410,1640,ms
:domain:event-login:compileDebugKotlin,Task action before worker execution,16.52,13.56,14,12,20,23,ms
:domain:event-login:compileDebugKotlin,Start gradle worker,4.09,2.4,1,2,6,6,ms
:domain:event-login:compileDebugKotlin,Compiler initialization time,49.16,56.76,48,51,71,86,ms
:domain:event-login:compileDebugKotlin,Calculate output size,1.77,1.89,1,1,4,4,ms
:domain:event-login:compileDebugKotlin,Compiler IR lowering,100.0,97.34,97,88,130,157,ms
:domain:event-login:compileDebugKotlin,Compiler translation to IR,267.16,310.92,259,281,347,444,ms
:domain:event-login:compileDebugKotlin,Compiler backend,81.74,78.54,81,81,118,115,ms
:domain:event-login:compileDebugKotlin,Compiler code analysis,389.98,417.62,383,420,492,508,ms
:domain:event-login:compileDebugKotlin,Run compilation in Gradle worker,1219.7,1317.56,1201,1269,1485,1759,ms
:domain:event-login:compileDebugKotlin,Load current classpath snapshot,6.58,5.42,6,5,13,9,ms
:domain:event-login:compileDebugKotlin,Update caches,3.14,3.18,2,2,6,7,ms
:domain:event-login:compileDebugKotlin,Total Gradle task time,1350.12,1446.4,1328,1438,1628,1936,ms
:domain:event-login:compileDebugKotlin,Shrink and save current classpath snapshot after compilation,42.78,46.88,38,42,70,88,ms
:domain:event-login:compileDebugKotlin,Compiler code generation,182.26,176.42,179,166,227,262,ms
:domain:event-login:compileDebugKotlin,Remove duplicate classes,5.58,4.8,5,4,10,9,ms
:domain:event-login:compileDebugKotlin,Run compilation,1205.82,1306.14,1191,1261,1428,1695,ms
:domain:event-login:compileDebugKotlin,Shrink current classpath snapshot non-incrementally,34.06,39.08,31,35,58,73,ms
:domain:event-login:compileDebugKotlin,Spent time before task action,38.64,34.84,36,36,58,57,ms
:domain:event-login:compileDebugKotlin,Analysis lines per second,1114,1060,1091,995,1439,1387,
:domain:event-login:compileDebugKotlin,Total size of the cache directory,545.1,545.1,545,545,545,545,KB
:domain:event-login:compileDebugKotlin,Number of cache hits when loading classpath entry snapshots,127,127,128,128,128,128,
:domain:event-login:compileDebugKotlin,Number of lines analyzed,418,418,418,418,418,418,
:domain:event-login:compileDebugKotlin,Size of shrunk classpath snapshot,46.4,46.4,46,46,46,46,KB
:domain:event-login:compileDebugKotlin,Number of cache misses when loading classpath entry snapshots,1,1,1,1,1,1,
:domain:event-login:compileDebugKotlin,Total compiler iteration,1,1,1,1,1,1,
:domain:event-login:compileDebugKotlin,Number of times classpath snapshot is shrunk and saved after compilation,1,1,1,1,1,1,
:domain:event-login:compileDebugKotlin,Number of times classpath snapshot is loaded,1,1,1,1,1,1,
:domain:event-login:compileDebugKotlin,Code generation lines per second,2404,2579,2331,2520,3147,3660,
:domain:event-login:compileDebugKotlin,ABI snapshot size,18.0,18.0,18,18,18,18,B
:domain:event-login:compileDebugKotlin,Size of classpath snapshot,6.6,6.6,7,7,7,7,MB
:domain:event-login:compileDebugKotlin,Number of classpath entries,129,129,129,129,129,129,
:domain:event-login:compileDebugKotlin,Save shrunk current classpath snapshot,1.89,2.17,2,3,3,3,ms
:domain:event-login:compileDebugKotlin,Clear outputs on rebuild,1.0,2.0,1,2,1,2,ms
:domain:feed-login:compileDebugKotlin,Sources compilation round,995.18,1065.54,976,1033,1259,1469,ms
:domain:feed-login:compileDebugKotlin,Incremental compilation in daemon,1114.04,1183.96,1098,1148,1401,1613,ms
:domain:feed-login:compileDebugKotlin,Task action before worker execution,13.9,14.84,12,15,24,22,ms
:domain:feed-login:compileDebugKotlin,Start gradle worker,2.13,2.5,1,2,5,4,ms
:domain:feed-login:compileDebugKotlin,Compiler initialization time,50.8,48.66,48,42,76,71,ms
:domain:feed-login:compileDebugKotlin,Calculate output size,2.09,2.0,1,1,4,4,ms
:domain:feed-login:compileDebugKotlin,Compiler IR lowering,86.16,88.82,74,83,122,127,ms
:domain:feed-login:compileDebugKotlin,Compiler translation to IR,268.22,294.28,264,274,366,412,ms
:domain:feed-login:compileDebugKotlin,Compiler backend,72.3,76.02,70,71,112,121,ms
:domain:feed-login:compileDebugKotlin,Compiler code analysis,362.9,382.18,362,353,450,535,ms
:domain:feed-login:compileDebugKotlin,Run compilation in Gradle worker,1163.72,1235.06,1132,1193,1488,1654,ms
:domain:feed-login:compileDebugKotlin,Load current classpath snapshot,5.92,6.04,5,5,10,10,ms
:domain:feed-login:compileDebugKotlin,Update caches,3.26,2.9,2,2,7,6,ms
:domain:feed-login:compileDebugKotlin,Total Gradle task time,1282.6,1366.72,1246,1323,1626,1760,ms
:domain:feed-login:compileDebugKotlin,Shrink and save current classpath snapshot after compilation,39.34,34.12,34,31,64,50,ms
:domain:feed-login:compileDebugKotlin,Compiler code generation,158.9,165.44,146,164,231,236,ms
:domain:feed-login:compileDebugKotlin,Remove duplicate classes,5.32,5.5,5,5,10,9,ms
:domain:feed-login:compileDebugKotlin,Run compilation,1154.4,1228.44,1127,1190,1465,1652,ms
:domain:feed-login:compileDebugKotlin,Shrink current classpath snapshot non-incrementally,31.3,26.24,28,23,52,43,ms
:domain:feed-login:compileDebugKotlin,Spent time before task action,34.72,36.86,33,36,51,54,ms
:domain:feed-login:compileDebugKotlin,Analysis lines per second,1181,1198,1152,1184,1428,1662,
:domain:feed-login:compileDebugKotlin,Total size of the cache directory,544.7,544.7,545,545,545,545,KB
:domain:feed-login:compileDebugKotlin,Number of cache hits when loading classpath entry snapshots,102,102,102,102,102,102,
:domain:feed-login:compileDebugKotlin,Number of lines analyzed,418,418,418,418,418,418,
:domain:feed-login:compileDebugKotlin,Size of shrunk classpath snapshot,46.4,46.4,46,46,46,46,KB
:domain:feed-login:compileDebugKotlin,Number of cache misses when loading classpath entry snapshots,1,1,1,1,1,1,
:domain:feed-login:compileDebugKotlin,Total compiler iteration,1,1,1,1,1,1,
:domain:feed-login:compileDebugKotlin,Number of times classpath snapshot is shrunk and saved after compilation,1,1,1,1,1,1,
:domain:feed-login:compileDebugKotlin,Number of times classpath snapshot is loaded,1,1,1,1,1,1,
:domain:feed-login:compileDebugKotlin,Code generation lines per second,2877,2764,2860,2545,4021,3786,
:domain:feed-login:compileDebugKotlin,ABI snapshot size,18.0,18.0,18,18,18,18,B
:domain:feed-login:compileDebugKotlin,Size of classpath snapshot,5.8,5.8,6,6,6,6,MB
:domain:feed-login:compileDebugKotlin,Number of classpath entries,103,103,103,103,103,103,
:domain:feed-login:compileDebugKotlin,Save shrunk current classpath snapshot,2.5,2.5,3,3,3,3,ms
:domain:feed-login:compileDebugKotlin,Clear outputs on rebuild,1.0,,1,,1,,ms
:domain:file-login:compileDebugKotlin,Sources compilation round,1012.94,1020.1,991,968,1314,1320,ms
:domain:file-login:compileDebugKotlin,Incremental compilation in daemon,1157.5,1135.02,1151,1071,1470,1473,ms
:domain:file-login:compileDebugKotlin,Task action before worker execution,12.24,12.0,11,10,22,21,ms
:domain:file-login:compileDebugKotlin,Start gradle worker,2.27,1.74,1,1,5,3,ms
:domain:file-login:compileDebugKotlin,Compiler initialization time,60.72,58.98,57,55,93,92,ms
:domain:file-login:compileDebugKotlin,Calculate output size,1.89,1.72,1,1,4,4,ms
:domain:file-login:compileDebugKotlin,Compiler IR lowering,95.44,95.24,87,79,146,136,ms
:domain:file-login:compileDebugKotlin,Compiler translation to IR,271.66,276.56,264,259,384,395,ms
:domain:file-login:compileDebugKotlin,Compiler backend,97.58,84.82,85,83,119,121,ms
:domain:file-login:compileDebugKotlin,Compiler code analysis,348.34,355.44,338,343,483,453,ms
:domain:file-login:compileDebugKotlin,Run compilation in Gradle worker,1204.58,1192.3,1187,1133,1550,1616,ms
:domain:file-login:compileDebugKotlin,Load current classpath snapshot,8.2,6.04,8,5,15,11,ms
:domain:file-login:compileDebugKotlin,Update caches,2.98,2.46,2,2,6,5,ms
:domain:file-login:compileDebugKotlin,Total Gradle task time,1340.24,1315.08,1304,1258,1695,1791,ms
:domain:file-login:compileDebugKotlin,Shrink and save current classpath snapshot after compilation,63.38,39.86,53,36,98,63,ms
:domain:file-login:compileDebugKotlin,Compiler code generation,193.64,180.54,176,167,262,250,ms
:domain:file-login:compileDebugKotlin,Remove duplicate classes,6.22,4.62,6,4,10,8,ms
:domain:file-login:compileDebugKotlin,Run compilation,1189.54,1181.46,1179,1115,1504,1590,ms
:domain:file-login:compileDebugKotlin,Shrink current classpath snapshot non-incrementally,52.2,31.9,40,27,81,51,ms
:domain:file-login:compileDebugKotlin,Spent time before task action,31.94,38.38,30,30,47,52,ms
:domain:file-login:compileDebugKotlin,Analysis lines per second,1256,1221,1235,1218,1607,1593,
:domain:file-login:compileDebugKotlin,Total size of the cache directory,544.7,544.7,545,545,545,545,KB
:domain:file-login:compileDebugKotlin,Number of cache hits when loading classpath entry snapshots,142,142,142,142,143,143,
:domain:file-login:compileDebugKotlin,Number of lines analyzed,418,418,418,418,418,418,
:domain:file-login:compileDebugKotlin,Size of shrunk classpath snapshot,46.4,46.4,46,46,46,46,KB
:domain:file-login:compileDebugKotlin,Number of cache misses when loading classpath entry snapshots,1,1,2,2,2,2,
:domain:file-login:compileDebugKotlin,Total compiler iteration,1,1,1,1,1,1,
:domain:file-login:compileDebugKotlin,Number of times classpath snapshot is shrunk and saved after compilation,1,1,1,1,1,1,
:domain:file-login:compileDebugKotlin,Number of times classpath snapshot is loaded,1,1,1,1,1,1,
:domain:file-login:compileDebugKotlin,Code generation lines per second,2518,2565,2379,2500,3746,3677,
:domain:file-login:compileDebugKotlin,ABI snapshot size,18.0,18.0,18,18,18,18,B
:domain:file-login:compileDebugKotlin,Size of classpath snapshot,7.1,7.1,7,7,7,7,MB
:domain:file-login:compileDebugKotlin,Number of classpath entries,144,144,144,144,144,144,
:domain:file-login:compileDebugKotlin,Save shrunk current classpath snapshot,3.8,2.0,4,2,6,3,ms
:domain:file-login:compileDebugKotlin,Store build info,1.0,2.33,1,3,1,3,ms
:domain:file-login:compileDebugKotlin,Clear output,1.0,4.0,1,4,1,4,ms
:domain:forecast-login:compileDebugKotlin,Sources compilation round,1067.32,1064.86,1036,1085,1506,1330,ms
:domain:forecast-login:compileDebugKotlin,Incremental compilation in daemon,1192.76,1199.08,1150,1213,1609,1422,ms
:domain:forecast-login:compileDebugKotlin,Task action before worker execution,18.0,13.46,15,11,26,21,ms
:domain:forecast-login:compileDebugKotlin,Start gradle worker,1.92,2.19,1,1,4,5,ms
:domain:forecast-login:compileDebugKotlin,Compiler initialization time,48.46,49.64,43,49,80,76,ms
:domain:forecast-login:compileDebugKotlin,Calculate output size,2.12,2.35,1,1,5,5,ms
:domain:forecast-login:compileDebugKotlin,Compiler IR lowering,95.74,95.8,95,91,135,139,ms
:domain:forecast-login:compileDebugKotlin,Compiler translation to IR,282.2,281.06,255,274,400,371,ms
:domain:forecast-login:compileDebugKotlin,Compiler backend,74.5,73.74,66,69,108,123,ms
:domain:forecast-login:compileDebugKotlin,Compiler code analysis,403.8,395.7,391,395,530,497,ms
:domain:forecast-login:compileDebugKotlin,Run compilation in Gradle worker,1239.96,1240.22,1199,1247,1703,1502,ms
:domain:forecast-login:compileDebugKotlin,Load current classpath snapshot,6.16,5.4,6,5,10,9,ms
:domain:forecast-login:compileDebugKotlin,Update caches,5.78,3.8,4,3,10,7,ms
:domain:forecast-login:compileDebugKotlin,Total Gradle task time,1383.04,1364.82,1329,1375,1907,1665,ms
:domain:forecast-login:compileDebugKotlin,Shrink and save current classpath snapshot after compilation,43.56,41.18,47,39,66,68,ms
:domain:forecast-login:compileDebugKotlin,Compiler code generation,170.78,170.08,171,165,253,244,ms
:domain:forecast-login:compileDebugKotlin,Remove duplicate classes,5.5,4.98,5,5,9,9,ms
:domain:forecast-login:compileDebugKotlin,Run compilation,1230.62,1227.92,1184,1244,1665,1459,ms
:domain:forecast-login:compileDebugKotlin,Shrink current classpath snapshot non-incrementally,35.32,33.72,37,31,51,59,ms
:domain:forecast-login:compileDebugKotlin,Spent time before task action,45.96,35.12,40,34,73,55,ms
:domain:forecast-login:compileDebugKotlin,Analysis lines per second,1128,1109,1068,1057,1582,1412,
:domain:forecast-login:compileDebugKotlin,Total size of the cache directory,546.2,546.2,546,546,546,546,KB
:domain:forecast-login:compileDebugKotlin,Number of cache hits when loading classpath entry snapshots,122,122,122,122,122,122,
:domain:forecast-login:compileDebugKotlin,Number of lines analyzed,418,418,418,418,418,418,
:domain:forecast-login:compileDebugKotlin,Size of shrunk classpath snapshot,46.4,46.4,46,46,46,46,KB
:domain:forecast-login:compileDebugKotlin,Number of cache misses when loading classpath entry snapshots,1,1,1,1,1,1,
:domain:forecast-login:compileDebugKotlin,Total compiler iteration,1,1,1,1,1,1,
:domain:forecast-login:compileDebugKotlin,Number of times classpath snapshot is shrunk and saved after compilation,1,1,1,1,1,1,
:domain:forecast-login:compileDebugKotlin,Number of times classpath snapshot is loaded,1,1,1,1,1,1,
:domain:forecast-login:compileDebugKotlin,Code generation lines per second,2645,2739,2435,2533,3858,4018,
:domain:forecast-login:compileDebugKotlin,ABI snapshot size,18.0,18.0,18,18,18,18,B
:domain:forecast-login:compileDebugKotlin,Size of classpath snapshot,6.4,6.4,6,6,6,6,MB
:domain:forecast-login:compileDebugKotlin,Number of classpath entries,123,123,123,123,123,123,
:domain:forecast-login:compileDebugKotlin,Clear output,2.0,3.0,2,3,3,3,ms
:domain:forecast-login:compileDebugKotlin,Clear outputs on rebuild,2.0,5.0,2,5,2,5,ms
:domain:forecast-login:compileDebugKotlin,Save shrunk current classpath snapshot,3.0,2.67,3,3,3,3,ms
:domain:gallery-login:compileDebugKotlin,Sources compilation round,1081.74,1037.1,1027,989,1357,1325,ms
:domain:gallery-login:compileDebugKotlin,Incremental compilation in daemon,1199.82,1157.86,1152,1099,1492,1432,ms
:domain:gallery-login:compileDebugKotlin,Task action before worker execution,14.0,14.14,13,11,22,20,ms
:domain:gallery-login:compileDebugKotlin,Start gradle worker,1.98,1.6,1,1,4,4,ms
:domain:gallery-login:compileDebugKotlin,Compiler initialization time,58.7,56.52,43,41,79,83,ms
:domain:gallery-login:compileDebugKotlin,Calculate output size,2.19,1.87,1,1,4,4,ms
:domain:gallery-login:compileDebugKotlin,Compiler IR lowering,106.56,81.08,89,78,158,121,ms
:domain:gallery-login:compileDebugKotlin,Compiler translation to IR,274.8,288.4,262,254,358,394,ms
:domain:gallery-login:compileDebugKotlin,Compiler backend,80.74,81.06,79,81,124,124,ms
:domain:gallery-login:compileDebugKotlin,Compiler code analysis,394.8,372.04,390,362,496,477,ms
:domain:gallery-login:compileDebugKotlin,Run compilation in Gradle worker,1238.88,1197.04,1207,1147,1539,1546,ms
:domain:gallery-login:compileDebugKotlin,Load current classpath snapshot,6.46,6.9,6,6,11,11,ms
:domain:gallery-login:compileDebugKotlin,Update caches,2.76,3.1,2,2,5,6,ms
:domain:gallery-login:compileDebugKotlin,Total Gradle task time,1365.42,1311.3,1331,1285,1655,1714,ms
:domain:gallery-login:compileDebugKotlin,Shrink and save current classpath snapshot after compilation,45.22,47.92,43,48,76,69,ms
:domain:gallery-login:compileDebugKotlin,Compiler code generation,187.82,162.54,171,160,251,228,ms
:domain:gallery-login:compileDebugKotlin,Remove duplicate classes,5.66,5.86,5,6,10,9,ms
:domain:gallery-login:compileDebugKotlin,Run compilation,1231.06,1190.08,1188,1134,1517,1477,ms
:domain:gallery-login:compileDebugKotlin,Shrink current classpath snapshot non-incrementally,36.16,38.36,33,38,61,61,ms
:domain:gallery-login:compileDebugKotlin,Spent time before task action,36.2,34.12,34,31,55,55,ms
:domain:gallery-login:compileDebugKotlin,Analysis lines per second,1101,1174,1072,1154,1364,1536,
:domain:gallery-login:compileDebugKotlin,Total size of the cache directory,545.8,545.8,546,546,546,546,KB
:domain:gallery-login:compileDebugKotlin,Number of cache hits when loading classpath entry snapshots,139,139,140,140,140,140,
:domain:gallery-login:compileDebugKotlin,Number of lines analyzed,418,418,418,418,418,418,
:domain:gallery-login:compileDebugKotlin,Size of shrunk classpath snapshot,46.4,46.4,46,46,46,46,KB
:domain:gallery-login:compileDebugKotlin,Number of cache misses when loading classpath entry snapshots,1,1,1,1,2,2,
:domain:gallery-login:compileDebugKotlin,Total compiler iteration,1,1,1,1,1,1,
:domain:gallery-login:compileDebugKotlin,Number of times classpath snapshot is shrunk and saved after compilation,1,1,1,1,1,1,
:domain:gallery-login:compileDebugKotlin,Number of times classpath snapshot is loaded,1,1,1,1,1,1,
:domain:gallery-login:compileDebugKotlin,Code generation lines per second,2554,2777,2442,2600,3699,3975,
:domain:gallery-login:compileDebugKotlin,ABI snapshot size,18.0,18.0,18,18,18,18,B
:domain:gallery-login:compileDebugKotlin,Size of classpath snapshot,7.0,7.0,7,7,7,7,MB
:domain:gallery-login:compileDebugKotlin,Number of classpath entries,141,141,141,141,141,141,
:domain:gallery-login:compileDebugKotlin,Store build info,2.67,3.0,3,2,3,6,ms
:domain:gallery-login:compileDebugKotlin,Save shrunk current classpath snapshot,3.6,3.2,3,3,6,7,ms
:domain:group-login:compileDebugKotlin,Sources compilation round,1025.34,1027.34,990,984,1314,1317,ms
:domain:group-login:compileDebugKotlin,Incremental compilation in daemon,1141.58,1143.7,1106,1120,1446,1453,ms
:domain:group-login:compileDebugKotlin,Task action before worker execution,15.28,16.34,15,15,24,21,ms
:domain:group-login:compileDebugKotlin,Start gradle worker,2.11,2.03,2,1,4,4,ms
:domain:group-login:compileDebugKotlin,Compiler initialization time,50.82,50.44,51,43,78,74,ms
:domain:group-login:compileDebugKotlin,Calculate output size,1.91,1.91,1,1,4,4,ms
:domain:group-login:compileDebugKotlin,Compiler IR lowering,100.3,83.78,99,84,158,119,ms
:domain:group-login:compileDebugKotlin,Compiler translation to IR,268.14,264.56,258,242,360,339,ms
:domain:group-login:compileDebugKotlin,Compiler backend,84.0,75.96,88,69,117,111,ms
:domain:group-login:compileDebugKotlin,Compiler code analysis,359.4,391.78,346,371,458,519,ms
:domain:group-login:compileDebugKotlin,Run compilation in Gradle worker,1181.1,1177.76,1141,1162,1484,1504,ms
:domain:group-login:compileDebugKotlin,Load current classpath snapshot,6.48,5.38,6,6,12,9,ms
:domain:group-login:compileDebugKotlin,Update caches,3.78,3.26,2,2,7,6,ms
:domain:group-login:compileDebugKotlin,Total Gradle task time,1314.0,1299.86,1272,1301,1688,1618,ms
:domain:group-login:compileDebugKotlin,Shrink and save current classpath snapshot after compilation,42.96,39.82,36,37,73,60,ms
:domain:group-login:compileDebugKotlin,Compiler code generation,184.72,160.32,190,156,247,221,ms
:domain:group-login:compileDebugKotlin,Remove duplicate classes,6.04,4.68,6,5,12,8,ms
:domain:group-login:compileDebugKotlin,Run compilation,1170.06,1171.2,1130,1148,1476,1500,ms
:domain:group-login:compileDebugKotlin,Shrink current classpath snapshot non-incrementally,34.36,32.04,25,29,62,48,ms
:domain:group-login:compileDebugKotlin,Spent time before task action,37.44,36.8,36,34,59,50,ms
:domain:group-login:compileDebugKotlin,Analysis lines per second,1198,1156,1208,1124,1489,1553,
:domain:group-login:compileDebugKotlin,Total size of the cache directory,545.1,545.1,545,545,545,545,KB
:domain:group-login:compileDebugKotlin,Number of cache hits when loading classpath entry snapshots,116,116,116,116,116,116,
:domain:group-login:compileDebugKotlin,Number of lines analyzed,418,418,418,418,418,418,
:domain:group-login:compileDebugKotlin,Size of shrunk classpath snapshot,46.4,46.4,46,46,46,46,KB
:domain:group-login:compileDebugKotlin,Number of cache misses when loading classpath entry snapshots,1,1,1,1,1,1,
:domain:group-login:compileDebugKotlin,Total compiler iteration,1,1,1,1,1,1,
:domain:group-login:compileDebugKotlin,Number of times classpath snapshot is shrunk and saved after compilation,1,1,1,1,1,1,
:domain:group-login:compileDebugKotlin,Number of times classpath snapshot is loaded,1,1,1,1,1,1,
:domain:group-login:compileDebugKotlin,Code generation lines per second,2405,2856,2196,2672,3411,3942,
:domain:group-login:compileDebugKotlin,ABI snapshot size,18.0,18.0,18,18,18,18,B
:domain:group-login:compileDebugKotlin,Size of classpath snapshot,6.2,6.2,6,6,6,6,MB
:domain:group-login:compileDebugKotlin,Number of classpath entries,117,117,117,117,117,117,
:domain:group-login:compileDebugKotlin,Save shrunk current classpath snapshot,2.75,5.0,3,3,3,14,ms
:domain:group-login:compileDebugKotlin,Clear output,3.0,,3,,3,,ms
:domain:group-login:compileDebugKotlin,Store build info,2.5,3.5,3,4,4,5,ms
:domain:identity-login:compileDebugKotlin,Sources compilation round,1009.1,958.66,974,947,1281,1242,ms
:domain:identity-login:compileDebugKotlin,Incremental compilation in daemon,1127.96,1070.62,1136,1028,1412,1351,ms
:domain:identity-login:compileDebugKotlin,Task action before worker execution,13.14,12.58,13,12,21,21,ms
:domain:identity-login:compileDebugKotlin,Compiler initialization time,47.92,43.64,49,41,73,68,ms
:domain:identity-login:compileDebugKotlin,Calculate output size,1.85,1.67,1,1,4,4,ms
:domain:identity-login:compileDebugKotlin,Compiler IR lowering,85.08,80.1,77,71,140,117,ms
:domain:identity-login:compileDebugKotlin,Compiler translation to IR,253.22,254.42,243,239,319,364,ms
:domain:identity-login:compileDebugKotlin,Compiler backend,85.74,77.46,77,72,131,122,ms
:domain:identity-login:compileDebugKotlin,Compiler code analysis,381.48,358.08,382,340,509,471,ms
:domain:identity-login:compileDebugKotlin,Run compilation in Gradle worker,1164.74,1123.0,1159,1064,1445,1420,ms
:domain:identity-login:compileDebugKotlin,Load current classpath snapshot,5.6,5.0,5,5,10,9,ms
:domain:identity-login:compileDebugKotlin,Update caches,3.06,2.76,2,2,6,5,ms
:domain:identity-login:compileDebugKotlin,Total Gradle task time,1296.6,1242.78,1295,1196,1611,1586,ms
:domain:identity-login:compileDebugKotlin,Shrink and save current classpath snapshot after compilation,41.46,37.78,38,34,66,65,ms
:domain:identity-login:compileDebugKotlin,Compiler code generation,171.34,158.0,156,145,255,246,ms
:domain:identity-login:compileDebugKotlin,Remove duplicate classes,5.04,4.34,5,4,9,8,ms
:domain:identity-login:compileDebugKotlin,Run compilation,1156.76,1111.68,1157,1061,1441,1417,ms
:domain:identity-login:compileDebugKotlin,Shrink current classpath snapshot non-incrementally,33.72,30.86,30,26,54,49,ms
:domain:identity-login:compileDebugKotlin,Spent time before task action,42.94,36.42,37,34,58,50,ms
:domain:identity-login:compileDebugKotlin,Analysis lines per second,1145,1213,1094,1230,1489,1553,
:domain:identity-login:compileDebugKotlin,Total size of the cache directory,546.2,546.2,546,546,546,546,KB
:domain:identity-login:compileDebugKotlin,Number of cache hits when loading classpath entry snapshots,102,102,102,102,102,102,
:domain:identity-login:compileDebugKotlin,Number of lines analyzed,418,418,418,418,418,418,
:domain:identity-login:compileDebugKotlin,Size of shrunk classpath snapshot,46.4,46.4,46,46,46,46,KB
:domain:identity-login:compileDebugKotlin,Number of cache misses when loading classpath entry snapshots,1,1,1,1,1,1,
:domain:identity-login:compileDebugKotlin,Total compiler iteration,1,1,1,1,1,1,
:domain:identity-login:compileDebugKotlin,Number of times classpath snapshot is shrunk and saved after compilation,1,1,1,1,1,1,
:domain:identity-login:compileDebugKotlin,Number of times classpath snapshot is loaded,1,1,1,1,1,1,
:domain:identity-login:compileDebugKotlin,Code generation lines per second,2764,3011,2681,2874,4245,4622,
:domain:identity-login:compileDebugKotlin,ABI snapshot size,18.0,18.0,18,18,18,18,B
:domain:identity-login:compileDebugKotlin,Size of classpath snapshot,5.8,5.8,6,6,6,6,MB
:domain:identity-login:compileDebugKotlin,Number of classpath entries,103,103,103,103,103,103,
:domain:identity-login:compileDebugKotlin,Start gradle worker,1.67,1.82,1,1,3,4,ms
:domain:identity-login:compileDebugKotlin,Store build info,2.5,4.5,3,5,4,6,ms
:domain:identity-login:compileDebugKotlin,Save shrunk current classpath snapshot,2.0,,2,,3,,ms
:domain:identity-login:compileDebugKotlin,Clear outputs on rebuild,2.0,,2,,2,,ms
:domain:identity-login:compileDebugKotlin,Clear output,1.0,5.0,1,5,1,5,ms
:domain:list-login:compileDebugKotlin,Sources compilation round,1094.7,1018.88,1036,978,1572,1339,ms
:domain:list-login:compileDebugKotlin,Incremental compilation in daemon,1215.46,1140.36,1162,1131,1693,1475,ms
:domain:list-login:compileDebugKotlin,Task action before worker execution,14.74,12.56,14,11,22,19,ms
:domain:list-login:compileDebugKotlin,Compiler initialization time,57.16,61.2,49,56,89,99,ms
:domain:list-login:compileDebugKotlin,Calculate output size,2.02,2.31,1,1,4,5,ms
:domain:list-login:compileDebugKotlin,Compiler IR lowering,133.46,99.78,106,95,154,157,ms
:domain:list-login:compileDebugKotlin,Compiler translation to IR,304.86,288.9,269,266,550,398,ms
:domain:list-login:compileDebugKotlin,Compiler backend,76.18,71.62,75,67,111,102,ms
:domain:list-login:compileDebugKotlin,Compiler code analysis,372.66,354.04,351,340,465,445,ms
:domain:list-login:compileDebugKotlin,Run compilation in Gradle worker,1265.9,1191.84,1187,1186,1737,1618,ms
:domain:list-login:compileDebugKotlin,Load current classpath snapshot,6.0,5.54,6,6,9,9,ms
:domain:list-login:compileDebugKotlin,Update caches,3.08,3.22,2,2,6,5,ms
:domain:list-login:compileDebugKotlin,Total Gradle task time,1407.8,1320.2,1324,1332,1876,1798,ms
:domain:list-login:compileDebugKotlin,Shrink and save current classpath snapshot after compilation,45.56,40.1,47,39,68,61,ms
:domain:list-login:compileDebugKotlin,Store build info,2.33,4.0,2,3,3,8,ms
:domain:list-login:compileDebugKotlin,Compiler code generation,210.12,171.92,176,159,259,266,ms
:domain:list-login:compileDebugKotlin,Remove duplicate classes,5.3,4.92,5,5,9,8,ms
:domain:list-login:compileDebugKotlin,Run compilation,1252.16,1178.78,1182,1161,1729,1608,ms
:domain:list-login:compileDebugKotlin,Shrink current classpath snapshot non-incrementally,37.08,32.28,36,30,49,48,ms
:domain:list-login:compileDebugKotlin,Save shrunk current classpath snapshot,2.56,2.63,2,2,5,7,ms
:domain:list-login:compileDebugKotlin,Spent time before task action,38.58,34.58,38,33,59,59,ms
:domain:list-login:compileDebugKotlin,Analysis lines per second,1184,1223,1189,1229,1494,1562,
:domain:list-login:compileDebugKotlin,Total size of the cache directory,544.7,544.7,545,545,545,545,KB
:domain:list-login:compileDebugKotlin,Number of cache hits when loading classpath entry snapshots,116,116,116,116,116,116,
:domain:list-login:compileDebugKotlin,Number of lines analyzed,418,418,418,418,418,418,
:domain:list-login:compileDebugKotlin,Size of shrunk classpath snapshot,46.4,46.4,46,46,46,46,KB
:domain:list-login:compileDebugKotlin,Number of cache misses when loading classpath entry snapshots,1,1,1,1,1,1,
:domain:list-login:compileDebugKotlin,Total compiler iteration,1,1,1,1,1,1,
:domain:list-login:compileDebugKotlin,Number of times classpath snapshot is shrunk and saved after compilation,1,1,1,1,1,1,
:domain:list-login:compileDebugKotlin,Number of times classpath snapshot is loaded,1,1,1,1,1,1,
:domain:list-login:compileDebugKotlin,Code generation lines per second,2390,2652,2375,2635,3410,3672,
:domain:list-login:compileDebugKotlin,ABI snapshot size,18.0,18.0,18,18,18,18,B
:domain:list-login:compileDebugKotlin,Size of classpath snapshot,6.2,6.2,6,6,6,6,MB
:domain:list-login:compileDebugKotlin,Number of classpath entries,117,117,117,117,117,117,
:domain:list-login:compileDebugKotlin,Start gradle worker,2.05,1.91,1,1,5,4,ms
:domain:location-login:compileDebugKotlin,Sources compilation round,1143.16,1030.68,1082,959,1618,1341,ms
:domain:location-login:compileDebugKotlin,Incremental compilation in daemon,1270.42,1161.9,1189,1114,1728,1502,ms
:domain:location-login:compileDebugKotlin,Task action before worker execution,14.38,14.58,15,13,22,26,ms
:domain:location-login:compileDebugKotlin,Start gradle worker,2.11,1.76,1,1,4,3,ms
:domain:location-login:compileDebugKotlin,Compiler initialization time,48.9,47.86,42,41,93,89,ms
:domain:location-login:compileDebugKotlin,Calculate output size,2.53,2.14,1,1,7,5,ms
:domain:location-login:compileDebugKotlin,Compiler IR lowering,111.82,91.0,96,94,138,118,ms
:domain:location-login:compileDebugKotlin,Compiler translation to IR,309.6,311.58,285,276,401,417,ms
:domain:location-login:compileDebugKotlin,Compiler backend,77.6,77.26,78,73,109,104,ms
:domain:location-login:compileDebugKotlin,Compiler code analysis,417.66,357.18,360,353,520,505,ms
:domain:location-login:compileDebugKotlin,Run compilation in Gradle worker,1319.76,1201.86,1221,1155,1818,1537,ms
:domain:location-login:compileDebugKotlin,Load current classpath snapshot,6.46,6.18,6,6,11,11,ms
:domain:location-login:compileDebugKotlin,Update caches,6.96,2.8,3,2,8,6,ms
:domain:location-login:compileDebugKotlin,Total Gradle task time,1465.92,1330.96,1403,1306,1937,1699,ms
:domain:location-login:compileDebugKotlin,Shrink and save current classpath snapshot after compilation,44.56,42.1,41,43,75,56,ms
:domain:location-login:compileDebugKotlin,Compiler code generation,189.86,168.76,177,173,237,215,ms
:domain:location-login:compileDebugKotlin,Remove duplicate classes,5.76,5.18,6,5,10,9,ms
:domain:location-login:compileDebugKotlin,Run compilation,1309.04,1193.22,1218,1147,1785,1530,ms
:domain:location-login:compileDebugKotlin,Shrink current classpath snapshot non-incrementally,35.6,33.46,33,34,63,46,ms
:domain:location-login:compileDebugKotlin,Save shrunk current classpath snapshot,3.56,2.38,3,2,10,5,ms
:domain:location-login:compileDebugKotlin,Spent time before task action,45.62,38.38,41,39,62,58,ms
:domain:location-login:compileDebugKotlin,Analysis lines per second,1092,1261,1158,1183,1391,1688,
:domain:location-login:compileDebugKotlin,Total size of the cache directory,546.2,546.2,546,546,546,546,KB
:domain:location-login:compileDebugKotlin,Number of cache hits when loading classpath entry snapshots,123,123,123,123,123,123,
:domain:location-login:compileDebugKotlin,Number of lines analyzed,418,418,418,418,418,418,
:domain:location-login:compileDebugKotlin,Size of shrunk classpath snapshot,46.4,46.4,46,46,46,46,KB
:domain:location-login:compileDebugKotlin,Number of cache misses when loading classpath entry snapshots,1,1,1,1,1,1,
:domain:location-login:compileDebugKotlin,Total compiler iteration,1,1,1,1,1,1,
:domain:location-login:compileDebugKotlin,Number of times classpath snapshot is shrunk and saved after compilation,1,1,1,1,1,1,
:domain:location-login:compileDebugKotlin,Number of times classpath snapshot is loaded,1,1,1,1,1,1,
:domain:location-login:compileDebugKotlin,Code generation lines per second,2577,2641,2355,2410,3916,3866,
:domain:location-login:compileDebugKotlin,ABI snapshot size,18.0,18.0,18,18,18,18,B
:domain:location-login:compileDebugKotlin,Size of classpath snapshot,6.4,6.4,6,6,6,6,MB
:domain:location-login:compileDebugKotlin,Number of classpath entries,124,124,124,124,124,124,
:domain:location-login:compileDebugKotlin,Store build info,5.0,3.0,5,3,7,3,ms
:domain:location-login:compileDebugKotlin,Clear outputs on rebuild,3.0,1.0,3,1,3,1,ms
:domain:location-login:compileDebugKotlin,Clear output,2.0,,2,,3,,ms
:domain:login-identity:compileDebugKotlin,Sources compilation round,1248.26,1108.52,1206,1100,1727,1430,ms
:domain:login-identity:compileDebugKotlin,Incremental compilation in daemon,1378.8,1221.48,1319,1198,1871,1529,ms
:domain:login-identity:compileDebugKotlin,Task action before worker execution,14.36,12.86,15,13,24,19,ms
:domain:login-identity:compileDebugKotlin,Start gradle worker,2.14,2.06,1,1,4,4,ms
:domain:login-identity:compileDebugKotlin,Compiler initialization time,46.6,47.32,42,44,73,73,ms
:domain:login-identity:compileDebugKotlin,Calculate output size,2.07,1.72,1,1,5,4,ms
:domain:login-identity:compileDebugKotlin,Compiler IR lowering,134.5,116.64,102,90,207,154,ms
:domain:login-identity:compileDebugKotlin,Compiler translation to IR,356.62,288.8,299,263,737,378,ms
:domain:login-identity:compileDebugKotlin,Compiler backend,98.34,88.12,81,69,119,119,ms
:domain:login-identity:compileDebugKotlin,Compiler code analysis,436.24,402.38,402,389,538,542,ms
:domain:login-identity:compileDebugKotlin,Run compilation in Gradle worker,1425.3,1258.42,1355,1234,1895,1663,ms
:domain:login-identity:compileDebugKotlin,Load current classpath snapshot,8.36,5.84,8,6,15,10,ms
:domain:login-identity:compileDebugKotlin,Update caches,4.0,3.5,4,4,7,6,ms
:domain:login-identity:compileDebugKotlin,Total Gradle task time,1563.7,1382.5,1506,1340,2020,1762,ms
:domain:login-identity:compileDebugKotlin,Shrink and save current classpath snapshot after compilation,46.92,36.32,50,32,65,58,ms
:domain:login-identity:compileDebugKotlin,Compiler code generation,233.32,205.28,182,176,351,280,ms
:domain:login-identity:compileDebugKotlin,Remove duplicate classes,7.2,5.24,7,5,13,9,ms
:domain:login-identity:compileDebugKotlin,Run compilation,1418.4,1252.98,1350,1232,1892,1658,ms
:domain:login-identity:compileDebugKotlin,Shrink current classpath snapshot non-incrementally,36.32,28.42,39,23,50,49,ms
:domain:login-identity:compileDebugKotlin,Spent time before task action,37.94,37.34,39,39,57,61,ms
:domain:login-identity:compileDebugKotlin,Analysis lines per second,1070,1099,1038,1073,1504,1446,
:domain:login-identity:compileDebugKotlin,Total size of the cache directory,546.2,546.2,546,546,546,546,KB
:domain:login-identity:compileDebugKotlin,Number of cache hits when loading classpath entry snapshots,134,134,134,134,134,134,
:domain:login-identity:compileDebugKotlin,Number of lines analyzed,418,418,418,418,418,418,
:domain:login-identity:compileDebugKotlin,Size of shrunk classpath snapshot,46.4,46.4,46,46,46,46,KB
:domain:login-identity:compileDebugKotlin,Number of cache misses when loading classpath entry snapshots,1,1,1,1,1,1,
:domain:login-identity:compileDebugKotlin,Total compiler iteration,1,1,1,1,1,1,
:domain:login-identity:compileDebugKotlin,Number of times classpath snapshot is shrunk and saved after compilation,1,1,1,1,1,1,
:domain:login-identity:compileDebugKotlin,Number of times classpath snapshot is loaded,1,1,1,1,1,1,
:domain:login-identity:compileDebugKotlin,Code generation lines per second,2237,2559,2298,2370,3224,3999,
:domain:login-identity:compileDebugKotlin,ABI snapshot size,18.0,18.0,18,18,18,18,B
:domain:login-identity:compileDebugKotlin,Size of classpath snapshot,6.8,6.8,7,7,7,7,MB
:domain:login-identity:compileDebugKotlin,Number of classpath entries,135,135,135,135,135,135,
:domain:login-identity:compileDebugKotlin,Store build info,2.33,3.67,3,3,3,6,ms
:domain:login-identity:compileDebugKotlin,Clear output,1.0,,1,,1,,ms
:domain:login-identity:compileDebugKotlin,Save shrunk current classpath snapshot,4.5,1.33,5,1,6,2,ms
:domain:login-login:compileDebugKotlin,Sources compilation round,1018.84,1058.2,979,988,1354,1409,ms
:domain:login-login:compileDebugKotlin,Incremental compilation in daemon,1138.12,1172.92,1071,1098,1550,1537,ms
:domain:login-login:compileDebugKotlin,Task action before worker execution,12.74,15.84,11,10,21,20,ms
:domain:login-login:compileDebugKotlin,Compiler initialization time,55.82,51.88,53,48,92,73,ms
:domain:login-login:compileDebugKotlin,Calculate output size,1.77,1.45,1,1,4,3,ms
:domain:login-login:compileDebugKotlin,Compiler IR lowering,75.38,79.46,67,71,118,127,ms
:domain:login-login:compileDebugKotlin,Compiler translation to IR,284.78,282.84,265,257,381,395,ms
:domain:login-login:compileDebugKotlin,Compiler backend,61.26,86.2,60,57,88,100,ms
:domain:login-login:compileDebugKotlin,Compiler code analysis,368.48,383.84,363,366,442,513,ms
:domain:login-login:compileDebugKotlin,Run compilation in Gradle worker,1191.04,1227.64,1138,1138,1602,1729,ms
:domain:login-login:compileDebugKotlin,Load current classpath snapshot,6.5,5.8,5,6,10,9,ms
:domain:login-login:compileDebugKotlin,Update caches,2.76,2.9,2,2,5,6,ms
:domain:login-login:compileDebugKotlin,Total Gradle task time,1308.08,1350.46,1262,1274,1739,1857,ms
:domain:login-login:compileDebugKotlin,Shrink and save current classpath snapshot after compilation,47.08,39.46,28,34,66,65,ms
:domain:login-login:compileDebugKotlin,Compiler code generation,137.02,166.16,128,128,204,218,ms
:domain:login-login:compileDebugKotlin,Remove duplicate classes,5.98,4.82,4,4,7,9,ms
:domain:login-login:compileDebugKotlin,Run compilation,1177.26,1209.18,1113,1129,1577,1726,ms
:domain:login-login:compileDebugKotlin,Shrink current classpath snapshot non-incrementally,38.76,31.66,22,26,45,54,ms
:domain:login-login:compileDebugKotlin,Spent time before task action,33.86,34.22,34,33,52,54,ms
:domain:login-login:compileDebugKotlin,Analysis lines per second,1176,1171,1150,1139,1469,1531,
:domain:login-login:compileDebugKotlin,Total size of the cache directory,545.1,545.1,545,545,545,545,KB
:domain:login-login:compileDebugKotlin,Number of cache hits when loading classpath entry snapshots,111,111,111,111,111,111,
:domain:login-login:compileDebugKotlin,Number of lines analyzed,418,418,418,418,418,418,
:domain:login-login:compileDebugKotlin,Size of shrunk classpath snapshot,46.4,46.4,46,46,46,46,KB
:domain:login-login:compileDebugKotlin,Number of cache misses when loading classpath entry snapshots,1,1,1,1,1,1,
:domain:login-login:compileDebugKotlin,Total compiler iteration,1,1,1,1,1,1,
:domain:login-login:compileDebugKotlin,Number of times classpath snapshot is shrunk and saved after compilation,1,1,1,1,1,1,
:domain:login-login:compileDebugKotlin,Number of times classpath snapshot is loaded,1,1,1,1,1,1,
:domain:login-login:compileDebugKotlin,Code generation lines per second,3298,3101,3260,3259,4435,4220,
:domain:login-login:compileDebugKotlin,ABI snapshot size,18.0,18.0,18,18,18,18,B
:domain:login-login:compileDebugKotlin,Size of classpath snapshot,6.0,6.0,6,6,6,6,MB
:domain:login-login:compileDebugKotlin,Number of classpath entries,112,112,112,112,112,112,
:domain:login-login:compileDebugKotlin,Start gradle worker,1.97,2.03,1,1,4,5,ms
:domain:login-login:compileDebugKotlin,Clear output,2.0,3.0,2,3,2,3,ms
:domain:login-login:compileDebugKotlin,Save shrunk current classpath snapshot,3.0,2.0,3,2,4,3,ms
:domain:login-login:compileDebugKotlin,Store build info,3.0,3.5,3,4,4,4,ms
:domain:login-login:compileDebugKotlin,Clear outputs on rebuild,2.0,,2,,2,,ms
:domain:log-login:compileDebugKotlin,Sources compilation round,1199.66,1036.68,1139,985,1751,1455,ms
:domain:log-login:compileDebugKotlin,Incremental compilation in daemon,1345.08,1155.42,1274,1107,1903,1607,ms
:domain:log-login:compileDebugKotlin,Task action before worker execution,13.9,14.02,12,13,22,21,ms
:domain:log-login:compileDebugKotlin,Start gradle worker,1.8,2.17,1,2,4,5,ms
:domain:log-login:compileDebugKotlin,Compiler initialization time,54.62,48.76,52,44,78,73,ms
:domain:log-login:compileDebugKotlin,Calculate output size,1.81,2.11,1,1,4,5,ms
:domain:log-login:compileDebugKotlin,Compiler IR lowering,118.52,91.02,97,81,148,144,ms
:domain:log-login:compileDebugKotlin,Compiler translation to IR,360.72,275.18,304,257,467,377,ms
:domain:log-login:compileDebugKotlin,Compiler backend,115.2,84.38,80,67,133,110,ms
:domain:log-login:compileDebugKotlin,Compiler code analysis,379.76,375.6,379,377,490,477,ms
:domain:log-login:compileDebugKotlin,Run compilation in Gradle worker,1408.9,1200.26,1335,1185,1962,1640,ms
:domain:log-login:compileDebugKotlin,Load current classpath snapshot,10.36,6.08,7,6,16,11,ms
:domain:log-login:compileDebugKotlin,Update caches,3.42,3.6,2,3,6,6,ms
:domain:log-login:compileDebugKotlin,Total Gradle task time,1546.28,1332.4,1473,1291,2063,1805,ms
:domain:log-login:compileDebugKotlin,Shrink and save current classpath snapshot after compilation,56.66,41.1,48,37,89,65,ms
:domain:log-login:compileDebugKotlin,Compiler code generation,234.16,175.96,179,157,279,251,ms
:domain:log-login:compileDebugKotlin,Remove duplicate classes,9.38,5.34,6,5,15,9,ms
:domain:log-login:compileDebugKotlin,Run compilation,1397.5,1191.66,1329,1172,1953,1634,ms
:domain:log-login:compileDebugKotlin,Shrink current classpath snapshot non-incrementally,43.74,32.58,38,32,70,54,ms
:domain:log-login:compileDebugKotlin,Spent time before task action,37.9,43.3,38,37,58,57,ms
:domain:log-login:compileDebugKotlin,Analysis lines per second,1158,1196,1102,1110,1571,1521,
:domain:log-login:compileDebugKotlin,Total size of the cache directory,544.3,544.3,544,544,544,544,KB
:domain:log-login:compileDebugKotlin,Number of cache hits when loading classpath entry snapshots,127,127,127,127,127,127,
:domain:log-login:compileDebugKotlin,Number of lines analyzed,418,418,418,418,418,418,
:domain:log-login:compileDebugKotlin,Size of shrunk classpath snapshot,46.4,46.4,46,46,46,46,KB
:domain:log-login:compileDebugKotlin,Number of cache misses when loading classpath entry snapshots,1,1,1,1,1,1,
:domain:log-login:compileDebugKotlin,Total compiler iteration,1,1,1,1,1,1,
:domain:log-login:compileDebugKotlin,Number of times classpath snapshot is shrunk and saved after compilation,1,1,1,1,1,1,
:domain:log-login:compileDebugKotlin,Number of times classpath snapshot is loaded,1,1,1,1,1,1,
:domain:log-login:compileDebugKotlin,Code generation lines per second,2279,2805,2331,2666,3403,4096,
:domain:log-login:compileDebugKotlin,ABI snapshot size,18.0,18.0,18,18,18,18,B
:domain:log-login:compileDebugKotlin,Size of classpath snapshot,6.6,6.6,7,7,7,7,MB
:domain:log-login:compileDebugKotlin,Number of classpath entries,128,128,128,128,128,128,
:domain:log-login:compileDebugKotlin,Save shrunk current classpath snapshot,2.57,2.8,2,2,6,6,ms
:domain:log-login:compileDebugKotlin,Store build info,3.5,,4,,5,,ms
:domain:log-login:compileDebugKotlin,Generate compiler reference index,3.0,,3,,3,,ms
:domain:map-login:compileDebugKotlin,Sources compilation round,993.4,954.04,941,917,1388,1235,ms
:domain:map-login:compileDebugKotlin,Incremental compilation in daemon,1115.02,1066.22,1068,1034,1502,1411,ms
:domain:map-login:compileDebugKotlin,Task action before worker execution,14.54,16.38,14,15,23,21,ms
:domain:map-login:compileDebugKotlin,Start gradle worker,2.0,2.34,1,1,4,6,ms
:domain:map-login:compileDebugKotlin,Compiler initialization time,53.18,46.48,49,43,85,75,ms
:domain:map-login:compileDebugKotlin,Calculate output size,1.55,1.96,1,1,4,4,ms
:domain:map-login:compileDebugKotlin,Compiler IR lowering,77.98,81.06,69,76,107,120,ms
:domain:map-login:compileDebugKotlin,Compiler translation to IR,271.04,267.82,241,237,374,372,ms
:domain:map-login:compileDebugKotlin,Compiler backend,65.98,63.64,61,57,105,107,ms
:domain:map-login:compileDebugKotlin,Compiler code analysis,373.7,352.02,358,328,455,443,ms
:domain:map-login:compileDebugKotlin,Run compilation in Gradle worker,1166.36,1115.1,1125,1097,1576,1442,ms
:domain:map-login:compileDebugKotlin,Load current classpath snapshot,6.12,5.28,5,4,12,10,ms
:domain:map-login:compileDebugKotlin,Update caches,3.62,2.16,2,2,5,4,ms
:domain:map-login:compileDebugKotlin,Total Gradle task time,1290.44,1247.54,1247,1256,1723,1602,ms
:domain:map-login:compileDebugKotlin,Shrink and save current classpath snapshot after compilation,51.98,37.56,37,32,74,62,ms
:domain:map-login:compileDebugKotlin,Compiler code generation,144.58,145.04,129,135,208,223,ms
:domain:map-login:compileDebugKotlin,Remove duplicate classes,5.3,4.38,5,4,9,7,ms
:domain:map-login:compileDebugKotlin,Run compilation,1153.66,1109.08,1111,1086,1538,1440,ms
:domain:map-login:compileDebugKotlin,Shrink current classpath snapshot non-incrementally,43.68,30.22,31,24,61,51,ms
:domain:map-login:compileDebugKotlin,Spent time before task action,38.54,39.14,38,40,57,56,ms
:domain:map-login:compileDebugKotlin,Analysis lines per second,1175,1270,1168,1275,1520,1559,
:domain:map-login:compileDebugKotlin,Total size of the cache directory,544.3,544.3,544,544,544,544,KB
:domain:map-login:compileDebugKotlin,Number of cache hits when loading classpath entry snapshots,145,145,145,145,145,145,
:domain:map-login:compileDebugKotlin,Number of lines analyzed,418,418,418,418,418,418,
:domain:map-login:compileDebugKotlin,Size of shrunk classpath snapshot,46.4,46.4,46,46,46,46,KB
:domain:map-login:compileDebugKotlin,Number of cache misses when loading classpath entry snapshots,1,1,1,1,1,1,
:domain:map-login:compileDebugKotlin,Total compiler iteration,1,1,1,1,1,1,
:domain:map-login:compileDebugKotlin,Number of times classpath snapshot is shrunk and saved after compilation,1,1,1,1,1,1,
:domain:map-login:compileDebugKotlin,Number of times classpath snapshot is loaded,1,1,1,1,1,1,
:domain:map-login:compileDebugKotlin,Code generation lines per second,3106,3153,3227,3081,4211,4384,
:domain:map-login:compileDebugKotlin,ABI snapshot size,18.0,18.0,18,18,18,18,B
:domain:map-login:compileDebugKotlin,Size of classpath snapshot,7.1,7.1,7,7,7,7,MB
:domain:map-login:compileDebugKotlin,Number of classpath entries,146,146,146,146,146,146,
:domain:map-login:compileDebugKotlin,Clear output,1.0,,1,,1,,ms
:domain:map-login:compileDebugKotlin,Save shrunk current classpath snapshot,2.25,3.67,2,3,4,6,ms
:domain:media-login:compileDebugKotlin,Sources compilation round,998.8,954.56,1003,927,1321,1269,ms
:domain:media-login:compileDebugKotlin,Incremental compilation in daemon,1107.54,1073.66,1087,1038,1485,1407,ms
:domain:media-login:compileDebugKotlin,Task action before worker execution,13.62,13.44,12,13,24,22,ms
:domain:media-login:compileDebugKotlin,Start gradle worker,1.69,1.51,1,1,4,3,ms
:domain:media-login:compileDebugKotlin,Compiler initialization time,56.86,49.38,54,47,81,80,ms
:domain:media-login:compileDebugKotlin,Calculate output size,1.47,1.67,1,1,3,3,ms
:domain:media-login:compileDebugKotlin,Compiler IR lowering,81.92,85.44,78,74,115,131,ms
:domain:media-login:compileDebugKotlin,Compiler translation to IR,283.1,256.32,247,242,434,352,ms
:domain:media-login:compileDebugKotlin,Compiler backend,64.82,67.64,60,67,96,101,ms
:domain:media-login:compileDebugKotlin,Compiler code analysis,363.04,346.9,343,327,444,428,ms
:domain:media-login:compileDebugKotlin,Run compilation in Gradle worker,1150.98,1130.66,1130,1082,1518,1440,ms
:domain:media-login:compileDebugKotlin,Load current classpath snapshot,5.82,17.66,5,4,10,10,ms
:domain:media-login:compileDebugKotlin,Update caches,2.44,2.72,2,2,6,5,ms
:domain:media-login:compileDebugKotlin,Total Gradle task time,1275.56,1264.64,1257,1191,1656,1695,ms
:domain:media-login:compileDebugKotlin,Shrink and save current classpath snapshot after compilation,39.82,46.74,33,30,59,58,ms
:domain:media-login:compileDebugKotlin,Compiler code generation,147.24,153.56,135,141,212,228,ms
:domain:media-login:compileDebugKotlin,Remove duplicate classes,4.88,17.02,4,4,9,9,ms
:domain:media-login:compileDebugKotlin,Run compilation,1136.38,1118.46,1112,1078,1510,1436,ms
:domain:media-login:compileDebugKotlin,Shrink current classpath snapshot non-incrementally,31.9,27.08,25,23,52,46,ms
:domain:media-login:compileDebugKotlin,Spent time before task action,39.98,36.9,38,34,60,55,ms
:domain:media-login:compileDebugKotlin,Analysis lines per second,1219,1287,1218,1278,1564,1646,
:domain:media-login:compileDebugKotlin,Total size of the cache directory,545.1,545.1,545,545,545,545,KB
:domain:media-login:compileDebugKotlin,Number of cache hits when loading classpath entry snapshots,131,131,131,131,131,131,
:domain:media-login:compileDebugKotlin,Number of lines analyzed,418,418,418,418,418,418,
:domain:media-login:compileDebugKotlin,Size of shrunk classpath snapshot,46.4,46.4,46,46,46,46,KB
:domain:media-login:compileDebugKotlin,Number of cache misses when loading classpath entry snapshots,1,1,1,1,1,1,
:domain:media-login:compileDebugKotlin,Total compiler iteration,1,1,1,1,1,1,
:domain:media-login:compileDebugKotlin,Number of times classpath snapshot is shrunk and saved after compilation,1,1,1,1,1,1,
:domain:media-login:compileDebugKotlin,Number of times classpath snapshot is loaded,1,1,1,1,1,1,
:domain:media-login:compileDebugKotlin,Code generation lines per second,3044,2971,3079,2962,4108,4277,
:domain:media-login:compileDebugKotlin,ABI snapshot size,18.0,18.0,18,18,18,18,B
:domain:media-login:compileDebugKotlin,Size of classpath snapshot,6.7,6.7,7,7,7,7,MB
:domain:media-login:compileDebugKotlin,Number of classpath entries,132,132,132,132,132,132,
:domain:media-login:compileDebugKotlin,Save shrunk current classpath snapshot,3.0,2.33,3,3,6,3,ms
:domain:media-login:compileDebugKotlin,Store build info,2.5,5.0,3,4,3,8,ms
:domain:media-login:compileDebugKotlin,Clear outputs on rebuild,3.0,1.5,3,2,3,2,ms
:domain:message-login:compileDebugKotlin,Sources compilation round,1013.84,1011.36,976,940,1319,1324,ms
:domain:message-login:compileDebugKotlin,Incremental compilation in daemon,1111.12,1131.82,1073,1047,1435,1658,ms
:domain:message-login:compileDebugKotlin,Task action before worker execution,13.48,14.94,12,14,21,24,ms
:domain:message-login:compileDebugKotlin,Start gradle worker,1.67,1.74,1,1,3,4,ms
:domain:message-login:compileDebugKotlin,Compiler initialization time,45.32,49.3,43,43,72,78,ms
:domain:message-login:compileDebugKotlin,Calculate output size,1.68,1.98,1,1,4,4,ms
:domain:message-login:compileDebugKotlin,Compiler IR lowering,96.88,86.02,79,79,128,134,ms
:domain:message-login:compileDebugKotlin,Compiler translation to IR,268.48,296.22,257,245,359,420,ms
:domain:message-login:compileDebugKotlin,Compiler backend,78.6,63.58,65,60,103,100,ms
:domain:message-login:compileDebugKotlin,Compiler code analysis,354.64,364.74,341,364,459,500,ms
:domain:message-login:compileDebugKotlin,Run compilation in Gradle worker,1151.72,1176.84,1115,1085,1480,1714,ms
:domain:message-login:compileDebugKotlin,Load current classpath snapshot,5.54,6.42,6,6,10,12,ms
:domain:message-login:compileDebugKotlin,Update caches,3.06,2.84,2,2,6,7,ms
:domain:message-login:compileDebugKotlin,Total Gradle task time,1273.68,1309.3,1218,1228,1613,1912,ms
:domain:message-login:compileDebugKotlin,Shrink and save current classpath snapshot after compilation,36.8,40.6,33,35,61,66,ms
:domain:message-login:compileDebugKotlin,Store build info,4.75,5.0,5,5,7,5,ms
:domain:message-login:compileDebugKotlin,Compiler code generation,175.98,150.12,149,143,233,222,ms
:domain:message-login:compileDebugKotlin,Remove duplicate classes,5.02,5.54,5,5,9,9,ms
:domain:message-login:compileDebugKotlin,Run compilation,1145.44,1170.58,1112,1081,1475,1707,ms
:domain:message-login:compileDebugKotlin,Shrink current classpath snapshot non-incrementally,29.16,32.22,24,27,50,56,ms
:domain:message-login:compileDebugKotlin,Spent time before task action,36.08,41.56,33,36,59,60,ms
:domain:message-login:compileDebugKotlin,Analysis lines per second,1236,1218,1223,1146,1662,1664,
:domain:message-login:compileDebugKotlin,Total size of the cache directory,545.8,545.8,546,546,546,546,KB
:domain:message-login:compileDebugKotlin,Number of cache hits when loading classpath entry snapshots,123,123,123,123,123,123,
:domain:message-login:compileDebugKotlin,Number of lines analyzed,418,418,418,418,418,418,
:domain:message-login:compileDebugKotlin,Size of shrunk classpath snapshot,46.4,46.4,46,46,46,46,KB
:domain:message-login:compileDebugKotlin,Number of cache misses when loading classpath entry snapshots,1,1,1,1,1,1,
:domain:message-login:compileDebugKotlin,Total compiler iteration,1,1,1,1,1,1,
:domain:message-login:compileDebugKotlin,Number of times classpath snapshot is shrunk and saved after compilation,1,1,1,1,1,1,
:domain:message-login:compileDebugKotlin,Number of times classpath snapshot is loaded,1,1,1,1,1,1,
:domain:message-login:compileDebugKotlin,Code generation lines per second,2835,3038,2804,2922,4236,4371,
:domain:message-login:compileDebugKotlin,ABI snapshot size,18.0,18.0,18,18,18,18,B
:domain:message-login:compileDebugKotlin,Size of classpath snapshot,6.4,6.4,6,6,6,6,MB
:domain:message-login:compileDebugKotlin,Number of classpath entries,124,124,124,124,124,124,
:domain:message-login:compileDebugKotlin,Clear output,1.0,2.0,1,2,1,3,ms
:domain:message-login:compileDebugKotlin,Save shrunk current classpath snapshot,2.5,3.75,3,4,3,6,ms
:domain:metric-login:compileDebugKotlin,Sources compilation round,1050.38,1097.82,1012,1111,1366,1406,ms
:domain:metric-login:compileDebugKotlin,Incremental compilation in daemon,1162.46,1230.54,1109,1264,1505,1540,ms
:domain:metric-login:compileDebugKotlin,Task action before worker execution,14.02,16.58,13,16,23,22,ms
:domain:metric-login:compileDebugKotlin,Start gradle worker,2.32,2.69,1,2,4,6,ms
:domain:metric-login:compileDebugKotlin,Compiler initialization time,77.44,64.76,55,61,85,93,ms
:domain:metric-login:compileDebugKotlin,Calculate output size,1.43,4.3,1,1,4,5,ms
:domain:metric-login:compileDebugKotlin,Compiler IR lowering,90.3,95.64,87,88,151,140,ms
:domain:metric-login:compileDebugKotlin,Compiler translation to IR,258.74,285.9,256,260,338,367,ms
:domain:metric-login:compileDebugKotlin,Compiler backend,70.52,71.06,69,69,120,98,ms
:domain:metric-login:compileDebugKotlin,Compiler code analysis,377.16,407.34,377,405,477,499,ms
:domain:metric-login:compileDebugKotlin,Run compilation in Gradle worker,1224.36,1296.74,1175,1343,1588,1699,ms
:domain:metric-login:compileDebugKotlin,Load current classpath snapshot,5.94,6.24,6,6,10,10,ms
:domain:metric-login:compileDebugKotlin,Update caches,3.12,3.0,2,2,7,7,ms
:domain:metric-login:compileDebugKotlin,Total Gradle task time,1347.46,1432.8,1303,1456,1720,1901,ms
:domain:metric-login:compileDebugKotlin,Shrink and save current classpath snapshot after compilation,41.04,40.9,35,40,61,59,ms
:domain:metric-login:compileDebugKotlin,Compiler code generation,161.32,167.1,154,160,224,231,ms
:domain:metric-login:compileDebugKotlin,Remove duplicate classes,5.26,4.94,5,5,9,8,ms
:domain:metric-login:compileDebugKotlin,Run compilation,1212.06,1283.28,1154,1320,1560,1694,ms
:domain:metric-login:compileDebugKotlin,Shrink current classpath snapshot non-incrementally,32.74,32.26,30,29,49,50,ms
:domain:metric-login:compileDebugKotlin,Spent time before task action,36.16,35.72,36,35,56,55,ms
:domain:metric-login:compileDebugKotlin,Analysis lines per second,1140,1074,1109,1031,1422,1376,
:domain:metric-login:compileDebugKotlin,Total size of the cache directory,545.5,545.5,546,546,546,546,KB
:domain:metric-login:compileDebugKotlin,Number of cache hits when loading classpath entry snapshots,113,113,113,113,113,113,
:domain:metric-login:compileDebugKotlin,Number of lines analyzed,418,418,418,418,418,418,
:domain:metric-login:compileDebugKotlin,Size of shrunk classpath snapshot,46.4,46.4,46,46,46,46,KB
:domain:metric-login:compileDebugKotlin,Number of cache misses when loading classpath entry snapshots,1,1,1,1,1,1,
:domain:metric-login:compileDebugKotlin,Total compiler iteration,1,1,1,1,1,1,
:domain:metric-login:compileDebugKotlin,Number of times classpath snapshot is shrunk and saved after compilation,1,1,1,1,1,1,
:domain:metric-login:compileDebugKotlin,Number of times classpath snapshot is loaded,1,1,1,1,1,1,
:domain:metric-login:compileDebugKotlin,Code generation lines per second,2871,2751,2715,2605,4341,3938,
:domain:metric-login:compileDebugKotlin,ABI snapshot size,18.0,18.0,18,18,18,18,B
:domain:metric-login:compileDebugKotlin,Size of classpath snapshot,6.1,6.1,6,6,6,6,MB
:domain:metric-login:compileDebugKotlin,Number of classpath entries,114,114,114,114,114,114,
:domain:metric-login:compileDebugKotlin,Save shrunk current classpath snapshot,4.29,2.67,3,3,12,3,ms
:domain:metric-login:compileDebugKotlin,Store build info,2.29,2.67,2,2,4,7,ms
:domain:metric-login:compileDebugKotlin,Clear outputs on rebuild,2.0,5.5,2,6,3,10,ms
:domain:metric-login:compileDebugKotlin,Clear output,1.5,1.0,2,1,2,1,ms
:domain:network-login:compileDebugKotlin,Sources compilation round,1082.96,1174.8,1042,1149,1348,1512,ms
:domain:network-login:compileDebugKotlin,Incremental compilation in daemon,1220.84,1324.64,1162,1327,1502,1698,ms
:domain:network-login:compileDebugKotlin,Task action before worker execution,18.46,19.26,18,19,28,26,ms
:domain:network-login:compileDebugKotlin,Start gradle worker,4.82,5.02,5,4,9,9,ms
:domain:network-login:compileDebugKotlin,Compiler initialization time,50.36,51.92,47,48,80,86,ms
:domain:network-login:compileDebugKotlin,Calculate output size,2.13,2.33,1,1,4,4,ms
:domain:network-login:compileDebugKotlin,Compiler IR lowering,104.98,97.56,96,93,133,135,ms
:domain:network-login:compileDebugKotlin,Compiler translation to IR,283.34,293.06,250,290,335,388,ms
:domain:network-login:compileDebugKotlin,Compiler backend,76.4,90.84,77,83,105,136,ms
:domain:network-login:compileDebugKotlin,Compiler code analysis,409.02,455.08,402,441,490,600,ms
:domain:network-login:compileDebugKotlin,Run compilation in Gradle worker,1319.16,1409.14,1272,1419,1624,1855,ms
:domain:network-login:compileDebugKotlin,Load current classpath snapshot,8.6,7.48,7,7,13,13,ms
:domain:network-login:compileDebugKotlin,Update caches,3.86,3.26,4,3,7,6,ms
:domain:network-login:compileDebugKotlin,Total Gradle task time,1468.3,1562.38,1405,1562,1837,2005,ms
:domain:network-login:compileDebugKotlin,Shrink and save current classpath snapshot after compilation,49.48,53.68,47,50,77,92,ms
:domain:network-login:compileDebugKotlin,Compiler code generation,181.78,188.88,174,182,245,287,ms
:domain:network-login:compileDebugKotlin,Remove duplicate classes,7.58,6.32,6,6,12,11,ms
:domain:network-login:compileDebugKotlin,Run compilation,1291.86,1386.24,1231,1399,1575,1816,ms
:domain:network-login:compileDebugKotlin,Shrink current classpath snapshot non-incrementally,38.06,43.68,37,42,55,78,ms
:domain:network-login:compileDebugKotlin,Spent time before task action,44.02,51.26,43,43,73,62,ms
:domain:network-login:compileDebugKotlin,Analysis lines per second,1050,993,1040,948,1308,1340,
:domain:network-login:compileDebugKotlin,Total size of the cache directory,545.8,545.8,546,546,546,546,KB
:domain:network-login:compileDebugKotlin,Number of cache hits when loading classpath entry snapshots,132,132,132,132,132,132,
:domain:network-login:compileDebugKotlin,Number of lines analyzed,418,418,418,418,418,418,
:domain:network-login:compileDebugKotlin,Size of shrunk classpath snapshot,46.4,46.4,46,46,46,46,KB
:domain:network-login:compileDebugKotlin,Number of cache misses when loading classpath entry snapshots,1,1,1,1,1,1,
:domain:network-login:compileDebugKotlin,Total compiler iteration,1,1,1,1,1,1,
:domain:network-login:compileDebugKotlin,Number of times classpath snapshot is shrunk and saved after compilation,1,1,1,1,1,1,
:domain:network-login:compileDebugKotlin,Number of times classpath snapshot is loaded,1,1,1,1,1,1,
:domain:network-login:compileDebugKotlin,Code generation lines per second,2421,2448,2397,2293,3184,3268,
:domain:network-login:compileDebugKotlin,ABI snapshot size,18.0,18.0,18,18,18,18,B
:domain:network-login:compileDebugKotlin,Size of classpath snapshot,6.7,6.7,7,7,7,7,MB
:domain:network-login:compileDebugKotlin,Number of classpath entries,133,133,133,133,133,133,
:domain:network-login:compileDebugKotlin,Save shrunk current classpath snapshot,1.88,2.71,2,3,3,4,ms
:domain:network-login:compileDebugKotlin,Clear output,1.4,2.0,1,2,2,3,ms
:domain:network-login:compileDebugKotlin,Store build info,3.0,1.33,3,1,6,2,ms
:domain:network-login:compileDebugKotlin,Clear outputs on rebuild,4.0,,4,,4,,ms
:domain:news-login:compileDebugKotlin,Sources compilation round,1018.78,1042.62,964,1028,1263,1400,ms
:domain:news-login:compileDebugKotlin,Incremental compilation in daemon,1129.96,1145.66,1084,1135,1398,1489,ms
:domain:news-login:compileDebugKotlin,Task action before worker execution,13.52,13.64,12,12,26,24,ms
:domain:news-login:compileDebugKotlin,Compiler initialization time,50.78,51.96,43,50,79,72,ms
:domain:news-login:compileDebugKotlin,Calculate output size,1.85,1.4,1,1,4,3,ms
:domain:news-login:compileDebugKotlin,Compiler IR lowering,88.94,100.56,86,81,134,146,ms
:domain:news-login:compileDebugKotlin,Compiler translation to IR,267.26,269.48,259,258,343,381,ms
:domain:news-login:compileDebugKotlin,Compiler backend,73.88,80.24,75,65,109,142,ms
:domain:news-login:compileDebugKotlin,Compiler code analysis,378.7,379.72,370,369,485,514,ms
:domain:news-login:compileDebugKotlin,Run compilation in Gradle worker,1187.76,1199.96,1160,1188,1438,1536,ms
:domain:news-login:compileDebugKotlin,Load current classpath snapshot,5.8,5.28,5,4,10,10,ms
:domain:news-login:compileDebugKotlin,Update caches,2.66,2.56,2,2,5,5,ms
:domain:news-login:compileDebugKotlin,Total Gradle task time,1320.4,1315.78,1288,1301,1591,1668,ms
:domain:news-login:compileDebugKotlin,Shrink and save current classpath snapshot after compilation,39.8,36.14,39,32,62,58,ms
:domain:news-login:compileDebugKotlin,Compiler code generation,163.3,181.38,162,166,212,252,ms
:domain:news-login:compileDebugKotlin,Remove duplicate classes,4.84,4.86,5,3,8,10,ms
:domain:news-login:compileDebugKotlin,Run compilation,1172.62,1188.06,1150,1178,1432,1524,ms
:domain:news-login:compileDebugKotlin,Shrink current classpath snapshot non-incrementally,31.7,28.88,30,25,52,51,ms
:domain:news-login:compileDebugKotlin,Spent time before task action,33.5,36.24,31,35,54,55,ms
:domain:news-login:compileDebugKotlin,Analysis lines per second,1156,1170,1127,1131,1493,1585,
:domain:news-login:compileDebugKotlin,Total size of the cache directory,544.7,544.7,545,545,545,545,KB
:domain:news-login:compileDebugKotlin,Number of cache hits when loading classpath entry snapshots,122,122,122,122,122,122,
:domain:news-login:compileDebugKotlin,Number of lines analyzed,418,418,418,418,418,418,
:domain:news-login:compileDebugKotlin,Size of shrunk classpath snapshot,46.4,46.4,46,46,46,46,KB
:domain:news-login:compileDebugKotlin,Number of cache misses when loading classpath entry snapshots,1,1,1,1,1,1,
:domain:news-login:compileDebugKotlin,Total compiler iteration,1,1,1,1,1,1,
:domain:news-login:compileDebugKotlin,Number of times classpath snapshot is shrunk and saved after compilation,1,1,1,1,1,1,
:domain:news-login:compileDebugKotlin,Number of times classpath snapshot is loaded,1,1,1,1,1,1,
:domain:news-login:compileDebugKotlin,Code generation lines per second,2760,2717,2571,2514,4193,4034,
:domain:news-login:compileDebugKotlin,ABI snapshot size,18.0,18.0,18,18,18,18,B
:domain:news-login:compileDebugKotlin,Size of classpath snapshot,6.4,6.4,6,6,6,6,MB
:domain:news-login:compileDebugKotlin,Number of classpath entries,123,123,123,123,123,123,
:domain:news-login:compileDebugKotlin,Start gradle worker,2.05,1.8,1,1,6,4,ms
:domain:news-login:compileDebugKotlin,Save shrunk current classpath snapshot,2.0,3.0,2,3,3,3,ms
:domain:news-login:compileDebugKotlin,Store build info,2.67,2.2,2,1,5,4,ms
:domain:note-login:compileDebugKotlin,Sources compilation round,994.94,978.42,947,986,1227,1311,ms
:domain:note-login:compileDebugKotlin,Incremental compilation in daemon,1110.88,1087.82,1073,1096,1374,1481,ms
:domain:note-login:compileDebugKotlin,Task action before worker execution,13.2,13.52,10,12,21,21,ms
:domain:note-login:compileDebugKotlin,Start gradle worker,1.57,1.86,1,1,3,5,ms
:domain:note-login:compileDebugKotlin,Compiler initialization time,50.54,43.84,40,41,84,63,ms
:domain:note-login:compileDebugKotlin,Calculate output size,1.79,1.7,1,1,4,4,ms
:domain:note-login:compileDebugKotlin,Compiler IR lowering,85.16,77.48,83,70,127,112,ms
:domain:note-login:compileDebugKotlin,Compiler translation to IR,275.76,273.0,267,255,349,393,ms
:domain:note-login:compileDebugKotlin,Compiler backend,64.98,65.34,63,57,90,98,ms
:domain:note-login:compileDebugKotlin,Compiler code analysis,365.98,359.96,363,330,460,505,ms
:domain:note-login:compileDebugKotlin,Run compilation in Gradle worker,1147.56,1127.64,1118,1125,1394,1523,ms
:domain:note-login:compileDebugKotlin,Load current classpath snapshot,6.18,6.12,6,6,10,10,ms
:domain:note-login:compileDebugKotlin,Update caches,5.34,2.32,2,2,5,5,ms
:domain:note-login:compileDebugKotlin,Total Gradle task time,1281.46,1244.28,1242,1234,1569,1649,ms
:domain:note-login:compileDebugKotlin,Shrink and save current classpath snapshot after compilation,42.82,39.02,39,38,64,59,ms
:domain:note-login:compileDebugKotlin,Compiler code generation,150.62,143.26,144,138,208,206,ms
:domain:note-login:compileDebugKotlin,Remove duplicate classes,5.38,5.26,5,5,8,9,ms
:domain:note-login:compileDebugKotlin,Run compilation,1141.66,1117.52,1111,1121,1391,1520,ms
:domain:note-login:compileDebugKotlin,Shrink current classpath snapshot non-incrementally,34.42,30.94,32,29,53,47,ms
:domain:note-login:compileDebugKotlin,Spent time before task action,42.22,42.1,34,36,63,59,ms
:domain:note-login:compileDebugKotlin,Analysis lines per second,1179,1250,1151,1264,1488,1775,
:domain:note-login:compileDebugKotlin,Total size of the cache directory,544.7,544.7,545,545,545,545,KB
:domain:note-login:compileDebugKotlin,Number of cache hits when loading classpath entry snapshots,149,149,149,149,149,149,
:domain:note-login:compileDebugKotlin,Number of lines analyzed,418,418,418,418,418,418,
:domain:note-login:compileDebugKotlin,Size of shrunk classpath snapshot,46.4,46.4,46,46,46,46,KB
:domain:note-login:compileDebugKotlin,Number of cache misses when loading classpath entry snapshots,1,1,1,1,1,1,
:domain:note-login:compileDebugKotlin,Total compiler iteration,1,1,1,1,1,1,
:domain:note-login:compileDebugKotlin,Number of times classpath snapshot is shrunk and saved after compilation,1,1,1,1,1,1,
:domain:note-login:compileDebugKotlin,Number of times classpath snapshot is loaded,1,1,1,1,1,1,
:domain:note-login:compileDebugKotlin,Code generation lines per second,2996,3237,2898,3012,4285,4934,
:domain:note-login:compileDebugKotlin,ABI snapshot size,18.0,18.0,18,18,18,18,B
:domain:note-login:compileDebugKotlin,Size of classpath snapshot,7.3,7.3,7,7,7,7,MB
:domain:note-login:compileDebugKotlin,Number of classpath entries,150,150,150,150,150,150,
:domain:note-login:compileDebugKotlin,Store build info,3.5,,4,,4,,ms
:domain:note-login:compileDebugKotlin,Save shrunk current classpath snapshot,2.5,2.0,3,2,3,3,ms
:domain:note-login:compileDebugKotlin,Clear outputs on rebuild,3.0,2.0,3,2,3,2,ms
:domain:notification-login:compileDebugKotlin,Sources compilation round,1007.7,936.64,974,937,1258,1266,ms
:domain:notification-login:compileDebugKotlin,Incremental compilation in daemon,1129.9,1053.5,1086,1024,1470,1404,ms
:domain:notification-login:compileDebugKotlin,Task action before worker execution,14.42,13.8,14,13,23,20,ms
:domain:notification-login:compileDebugKotlin,Start gradle worker,1.59,2.12,1,1,3,5,ms
:domain:notification-login:compileDebugKotlin,Compiler initialization time,54.46,53.52,50,51,94,85,ms
:domain:notification-login:compileDebugKotlin,Calculate output size,4.69,1.39,1,1,4,2,ms
:domain:notification-login:compileDebugKotlin,Compiler IR lowering,88.96,70.54,73,63,130,112,ms
:domain:notification-login:compileDebugKotlin,Compiler translation to IR,274.58,253.88,269,247,368,360,ms
:domain:notification-login:compileDebugKotlin,Compiler backend,83.72,61.84,76,56,125,91,ms
:domain:notification-login:compileDebugKotlin,Compiler code analysis,352.08,353.44,332,343,462,475,ms
:domain:notification-login:compileDebugKotlin,Run compilation in Gradle worker,1172.84,1092.96,1127,1067,1512,1463,ms
:domain:notification-login:compileDebugKotlin,Load current classpath snapshot,6.12,5.1,6,4,10,9,ms
:domain:notification-login:compileDebugKotlin,Update caches,2.9,2.26,2,2,6,5,ms
:domain:notification-login:compileDebugKotlin,Total Gradle task time,1304.98,1213.22,1242,1165,1690,1594,ms
:domain:notification-login:compileDebugKotlin,Shrink and save current classpath snapshot after compilation,44.04,35.32,42,30,71,59,ms
:domain:notification-login:compileDebugKotlin,Compiler code generation,173.2,132.84,164,122,255,196,ms
:domain:notification-login:compileDebugKotlin,Remove duplicate classes,5.28,4.68,5,3,9,9,ms
:domain:notification-login:compileDebugKotlin,Run compilation,1159.12,1083.26,1122,1052,1506,1435,ms
:domain:notification-login:compileDebugKotlin,Shrink current classpath snapshot non-incrementally,35.68,28.2,34,22,57,47,ms
:domain:notification-login:compileDebugKotlin,Spent time before task action,38.9,35.56,38,38,62,53,ms
:domain:notification-login:compileDebugKotlin,Analysis lines per second,1240,1249,1257,1218,1594,1670,
:domain:notification-login:compileDebugKotlin,Total size of the cache directory,563.7,563.7,564,564,564,564,KB
:domain:notification-login:compileDebugKotlin,Number of cache hits when loading classpath entry snapshots,126,126,126,126,126,126,
:domain:notification-login:compileDebugKotlin,Number of lines analyzed,418,418,418,418,418,418,
:domain:notification-login:compileDebugKotlin,Size of shrunk classpath snapshot,46.4,46.4,46,46,46,46,KB
:domain:notification-login:compileDebugKotlin,Number of cache misses when loading classpath entry snapshots,1,1,1,1,1,1,
:domain:notification-login:compileDebugKotlin,Total compiler iteration,1,1,1,1,1,1,
:domain:notification-login:compileDebugKotlin,Number of times classpath snapshot is shrunk and saved after compilation,1,1,1,1,1,1,
:domain:notification-login:compileDebugKotlin,Number of times classpath snapshot is loaded,1,1,1,1,1,1,
:domain:notification-login:compileDebugKotlin,Code generation lines per second,2718,3442,2538,3427,3984,4842,
:domain:notification-login:compileDebugKotlin,ABI snapshot size,18.0,18.0,18,18,18,18,B
:domain:notification-login:compileDebugKotlin,Size of classpath snapshot,6.5,6.5,7,7,7,7,MB
:domain:notification-login:compileDebugKotlin,Number of classpath entries,127,127,127,127,127,127,
:domain:notification-login:compileDebugKotlin,Save shrunk current classpath snapshot,2.75,2.0,3,2,3,3,ms
:domain:notification-login:compileDebugKotlin,Clear output,2.5,3.33,3,2,4,7,ms
:domain:notification-login:compileDebugKotlin,Store build info,3.5,3.0,4,3,6,3,ms
:domain:notification-login:compileDebugKotlin,Clear outputs on rebuild,3.0,8.0,3,8,3,8,ms
:domain:photo-login:compileDebugKotlin,Sources compilation round,1018.9,940.28,986,906,1341,1146,ms
:domain:photo-login:compileDebugKotlin,Incremental compilation in daemon,1149.3,1064.66,1121,1015,1491,1298,ms
:domain:photo-login:compileDebugKotlin,Task action before worker execution,15.46,14.48,15,14,24,22,ms
:domain:photo-login:compileDebugKotlin,Start gradle worker,1.65,1.76,1,1,3,4,ms
:domain:photo-login:compileDebugKotlin,Compiler initialization time,55.6,47.96,52,44,84,81,ms
:domain:photo-login:compileDebugKotlin,Calculate output size,2.35,2.02,1,1,5,4,ms
:domain:photo-login:compileDebugKotlin,Compiler IR lowering,92.52,78.64,82,72,147,108,ms
:domain:photo-login:compileDebugKotlin,Compiler translation to IR,269.86,244.48,250,235,386,334,ms
:domain:photo-login:compileDebugKotlin,Compiler backend,67.82,83.46,60,69,111,100,ms
:domain:photo-login:compileDebugKotlin,Compiler code analysis,377.42,342.72,373,327,472,454,ms
:domain:photo-login:compileDebugKotlin,Run compilation in Gradle worker,1200.4,1106.4,1165,1055,1521,1353,ms
:domain:photo-login:compileDebugKotlin,Load current classpath snapshot,6.3,5.64,6,5,11,9,ms
:domain:photo-login:compileDebugKotlin,Update caches,2.4,1.92,2,1,5,4,ms
:domain:photo-login:compileDebugKotlin,Total Gradle task time,1351.78,1237.06,1307,1210,1708,1500,ms
:domain:photo-login:compileDebugKotlin,Shrink and save current classpath snapshot after compilation,42.72,44.8,40,38,73,68,ms
:domain:photo-login:compileDebugKotlin,Store build info,5.0,2.0,2,2,12,2,ms
:domain:photo-login:compileDebugKotlin,Compiler code generation,160.88,162.48,149,149,247,203,ms
:domain:photo-login:compileDebugKotlin,Remove duplicate classes,5.36,4.9,6,4,9,9,ms
:domain:photo-login:compileDebugKotlin,Run compilation,1188.7,1100.12,1150,1044,1518,1345,ms
:domain:photo-login:compileDebugKotlin,Shrink current classpath snapshot non-incrementally,33.88,36.84,31,27,59,55,ms
:domain:photo-login:compileDebugKotlin,Save shrunk current classpath snapshot,4.67,2.6,3,3,14,3,ms
:domain:photo-login:compileDebugKotlin,Spent time before task action,49.22,42.42,42,38,68,66,ms
:domain:photo-login:compileDebugKotlin,Analysis lines per second,1144,1287,1120,1280,1441,1602,
:domain:photo-login:compileDebugKotlin,Total size of the cache directory,545.1,545.1,545,545,545,545,KB
:domain:photo-login:compileDebugKotlin,Number of cache hits when loading classpath entry snapshots,144,144,144,144,144,144,
:domain:photo-login:compileDebugKotlin,Number of lines analyzed,418,418,418,418,418,418,
:domain:photo-login:compileDebugKotlin,Size of shrunk classpath snapshot,46.4,46.4,46,46,46,46,KB
:domain:photo-login:compileDebugKotlin,Number of cache misses when loading classpath entry snapshots,1,1,1,1,1,1,
:domain:photo-login:compileDebugKotlin,Total compiler iteration,1,1,1,1,1,1,
:domain:photo-login:compileDebugKotlin,Number of times classpath snapshot is shrunk and saved after compilation,1,1,1,1,1,1,
:domain:photo-login:compileDebugKotlin,Number of times classpath snapshot is loaded,1,1,1,1,1,1,
:domain:photo-login:compileDebugKotlin,Code generation lines per second,2899,2999,2797,2802,4141,4256,
:domain:photo-login:compileDebugKotlin,ABI snapshot size,18.0,18.0,18,18,18,18,B
:domain:photo-login:compileDebugKotlin,Size of classpath snapshot,7.1,7.1,7,7,7,7,MB
:domain:photo-login:compileDebugKotlin,Number of classpath entries,145,145,145,145,145,145,
:domain:photo-login:compileDebugKotlin,Clear output,3.0,3.0,3,3,3,3,ms
:domain:photo-login:compileDebugKotlin,Clear outputs on rebuild,2.0,,2,,2,,ms
:domain:playlist-login:compileDebugKotlin,Sources compilation round,1059.4,947.16,1006,918,1446,1141,ms
:domain:playlist-login:compileDebugKotlin,Incremental compilation in daemon,1174.86,1066.48,1109,1034,1570,1284,ms
:domain:playlist-login:compileDebugKotlin,Task action before worker execution,16.92,16.72,16,15,26,28,ms
:domain:playlist-login:compileDebugKotlin,Start gradle worker,2.38,3.4,2,1,5,6,ms
:domain:playlist-login:compileDebugKotlin,Compiler initialization time,51.12,43.4,51,41,70,60,ms
:domain:playlist-login:compileDebugKotlin,Calculate output size,2.35,2.39,1,1,4,5,ms
:domain:playlist-login:compileDebugKotlin,Compiler IR lowering,93.52,83.42,80,78,138,121,ms
:domain:playlist-login:compileDebugKotlin,Compiler translation to IR,295.34,279.98,268,262,391,362,ms
:domain:playlist-login:compileDebugKotlin,Compiler backend,89.28,67.32,64,66,136,104,ms
:domain:playlist-login:compileDebugKotlin,Compiler code analysis,374.46,332.56,360,323,526,448,ms
:domain:playlist-login:compileDebugKotlin,Run compilation in Gradle worker,1216.08,1107.68,1165,1084,1597,1316,ms
:domain:playlist-login:compileDebugKotlin,Load current classpath snapshot,6.6,5.34,4,5,10,10,ms
:domain:playlist-login:compileDebugKotlin,Update caches,1.96,2.2,2,2,4,4,ms
:domain:playlist-login:compileDebugKotlin,Total Gradle task time,1359.36,1245.32,1312,1228,1737,1447,ms
:domain:playlist-login:compileDebugKotlin,Shrink and save current classpath snapshot after compilation,42.42,40.78,36,41,73,56,ms
:domain:playlist-login:compileDebugKotlin,Store build info,2.8,3.0,2,3,5,5,ms
:domain:playlist-login:compileDebugKotlin,Compiler code generation,183.3,151.32,164,143,271,219,ms
:domain:playlist-login:compileDebugKotlin,Remove duplicate classes,5.88,4.68,4,3,9,9,ms
:domain:playlist-login:compileDebugKotlin,Run compilation,1205.88,1099.04,1151,1078,1592,1311,ms
:domain:playlist-login:compileDebugKotlin,Shrink current classpath snapshot non-incrementally,33.24,33.24,30,32,61,51,ms
:domain:playlist-login:compileDebugKotlin,Spent time before task action,43.8,38.68,44,36,60,53,ms
:domain:playlist-login:compileDebugKotlin,Analysis lines per second,1181,1315,1160,1292,1528,1653,
:domain:playlist-login:compileDebugKotlin,Total size of the cache directory,546.2,546.2,546,546,546,546,KB
:domain:playlist-login:compileDebugKotlin,Number of cache hits when loading classpath entry snapshots,118,118,118,118,118,118,
:domain:playlist-login:compileDebugKotlin,Number of lines analyzed,418,418,418,418,418,418,
:domain:playlist-login:compileDebugKotlin,Size of shrunk classpath snapshot,46.4,46.4,46,46,46,46,KB
:domain:playlist-login:compileDebugKotlin,Number of cache misses when loading classpath entry snapshots,1,1,1,1,1,1,
:domain:playlist-login:compileDebugKotlin,Total compiler iteration,1,1,1,1,1,1,
:domain:playlist-login:compileDebugKotlin,Number of times classpath snapshot is shrunk and saved after compilation,1,1,1,1,1,1,
:domain:playlist-login:compileDebugKotlin,Number of times classpath snapshot is loaded,1,1,1,1,1,1,
:domain:playlist-login:compileDebugKotlin,Code generation lines per second,2768,3020,2538,2915,4184,4407,
:domain:playlist-login:compileDebugKotlin,ABI snapshot size,18.0,18.0,18,18,18,18,B
:domain:playlist-login:compileDebugKotlin,Size of classpath snapshot,6.3,6.3,6,6,6,6,MB
:domain:playlist-login:compileDebugKotlin,Number of classpath entries,119,119,119,119,119,119,
:domain:playlist-login:compileDebugKotlin,Save shrunk current classpath snapshot,5.0,2.25,4,3,14,3,ms
:domain:podcast-login:compileDebugKotlin,Sources compilation round,1071.6,946.56,1005,928,1408,1243,ms
:domain:podcast-login:compileDebugKotlin,Incremental compilation in daemon,1189.16,1050.12,1173,1043,1512,1348,ms
:domain:podcast-login:compileDebugKotlin,Task action before worker execution,14.12,14.48,15,13,22,21,ms
:domain:podcast-login:compileDebugKotlin,Start gradle worker,1.68,2.05,1,1,3,4,ms
:domain:podcast-login:compileDebugKotlin,Compiler initialization time,48.14,44.36,41,42,88,74,ms
:domain:podcast-login:compileDebugKotlin,Calculate output size,1.89,1.87,1,1,4,4,ms
:domain:podcast-login:compileDebugKotlin,Compiler IR lowering,92.06,80.34,87,75,124,111,ms
:domain:podcast-login:compileDebugKotlin,Compiler translation to IR,321.34,264.28,274,260,682,358,ms
:domain:podcast-login:compileDebugKotlin,Compiler backend,72.5,65.5,69,59,104,105,ms
:domain:podcast-login:compileDebugKotlin,Compiler code analysis,377.22,337.42,366,328,501,448,ms
:domain:podcast-login:compileDebugKotlin,Run compilation in Gradle worker,1222.78,1094.2,1209,1086,1543,1450,ms
:domain:podcast-login:compileDebugKotlin,Load current classpath snapshot,6.32,5.48,5,5,15,9,ms
:domain:podcast-login:compileDebugKotlin,Update caches,2.54,2.06,2,1,5,4,ms
:domain:podcast-login:compileDebugKotlin,Total Gradle task time,1349.62,1217.94,1356,1210,1685,1596,ms
:domain:podcast-login:compileDebugKotlin,Shrink and save current classpath snapshot after compilation,41.76,33.76,34,31,71,53,ms
:domain:podcast-login:compileDebugKotlin,Compiler code generation,165.0,146.42,165,139,233,199,ms
:domain:podcast-login:compileDebugKotlin,Remove duplicate classes,5.2,5.0,4,5,11,9,ms
:domain:podcast-login:compileDebugKotlin,Run compilation,1217.76,1089.7,1205,1083,1540,1448,ms
:domain:podcast-login:compileDebugKotlin,Shrink current classpath snapshot non-incrementally,33.4,26.56,27,24,53,43,ms
:domain:podcast-login:compileDebugKotlin,Spent time before task action,36.86,38.0,35,37,54,54,ms
:domain:podcast-login:compileDebugKotlin,Analysis lines per second,1171,1301,1140,1272,1554,1640,
:domain:podcast-login:compileDebugKotlin,Total size of the cache directory,545.8,545.8,546,546,546,546,KB
:domain:podcast-login:compileDebugKotlin,Number of cache hits when loading classpath entry snapshots,120,120,120,120,120,120,
:domain:podcast-login:compileDebugKotlin,Number of lines analyzed,418,418,418,418,418,418,
:domain:podcast-login:compileDebugKotlin,Size of shrunk classpath snapshot,46.4,46.4,46,46,46,46,KB
:domain:podcast-login:compileDebugKotlin,Number of cache misses when loading classpath entry snapshots,1,1,1,1,1,1,
:domain:podcast-login:compileDebugKotlin,Total compiler iteration,1,1,1,1,1,1,
:domain:podcast-login:compileDebugKotlin,Number of times classpath snapshot is shrunk and saved after compilation,1,1,1,1,1,1,
:domain:podcast-login:compileDebugKotlin,Number of times classpath snapshot is loaded,1,1,1,1,1,1,
:domain:podcast-login:compileDebugKotlin,Code generation lines per second,2746,3090,2532,3006,4044,3952,
:domain:podcast-login:compileDebugKotlin,ABI snapshot size,18.0,18.0,18,18,18,18,B
:domain:podcast-login:compileDebugKotlin,Size of classpath snapshot,6.3,6.3,6,6,6,6,MB
:domain:podcast-login:compileDebugKotlin,Number of classpath entries,121,121,121,121,121,121,
:domain:podcast-login:compileDebugKotlin,Save shrunk current classpath snapshot,4.0,2.5,4,3,6,3,ms
:domain:podcast-login:compileDebugKotlin,Clear outputs on rebuild,2.0,,2,,3,,ms
:domain:podcast-login:compileDebugKotlin,Store build info,2.0,1.67,2,1,3,3,ms
:domain:podcast-login:compileDebugKotlin,Clear output,2.0,,2,,2,,ms
:domain:post-login:compileDebugKotlin,Sources compilation round,1016.04,962.68,958,926,1354,1245,ms
:domain:post-login:compileDebugKotlin,Incremental compilation in daemon,1127.02,1074.6,1066,1034,1437,1369,ms
:domain:post-login:compileDebugKotlin,Task action before worker execution,13.4,14.06,13,15,21,23,ms
:domain:post-login:compileDebugKotlin,Start gradle worker,2.14,2.14,1,1,6,4,ms
:domain:post-login:compileDebugKotlin,Compiler initialization time,55.9,58.08,52,48,90,80,ms
:domain:post-login:compileDebugKotlin,Calculate output size,1.72,2.06,1,1,4,4,ms
:domain:post-login:compileDebugKotlin,Compiler IR lowering,97.64,96.98,80,84,123,118,ms
:domain:post-login:compileDebugKotlin,Compiler translation to IR,251.76,242.16,244,238,339,309,ms
:domain:post-login:compileDebugKotlin,Compiler backend,90.02,70.84,71,68,104,103,ms
:domain:post-login:compileDebugKotlin,Compiler code analysis,378.0,340.66,329,331,473,437,ms
:domain:post-login:compileDebugKotlin,Run compilation in Gradle worker,1169.08,1124.22,1099,1089,1476,1415,ms
:domain:post-login:compileDebugKotlin,Load current classpath snapshot,5.7,5.22,5,5,10,9,ms
:domain:post-login:compileDebugKotlin,Update caches,2.04,1.96,2,1,5,5,ms
:domain:post-login:compileDebugKotlin,Total Gradle task time,1295.42,1239.38,1240,1219,1628,1580,ms
:domain:post-login:compileDebugKotlin,Shrink and save current classpath snapshot after compilation,39.44,34.26,37,32,60,52,ms
:domain:post-login:compileDebugKotlin,Compiler code generation,188.2,168.32,155,154,227,220,ms
:domain:post-login:compileDebugKotlin,Remove duplicate classes,4.98,4.32,5,4,9,7,ms
:domain:post-login:compileDebugKotlin,Run compilation,1159.98,1115.68,1095,1086,1471,1410,ms
:domain:post-login:compileDebugKotlin,Shrink current classpath snapshot non-incrementally,31.26,27.22,30,26,49,42,ms
:domain:post-login:compileDebugKotlin,Spent time before task action,36.26,34.74,36,35,53,53,ms
:domain:post-login:compileDebugKotlin,Analysis lines per second,1209,1299,1271,1263,1510,1593,
:domain:post-login:compileDebugKotlin,Total size of the cache directory,544.7,544.7,545,545,545,545,KB
:domain:post-login:compileDebugKotlin,Number of cache hits when loading classpath entry snapshots,105,105,105,105,105,105,
:domain:post-login:compileDebugKotlin,Number of lines analyzed,418,418,418,418,418,418,
:domain:post-login:compileDebugKotlin,Size of shrunk classpath snapshot,46.4,46.4,46,46,46,46,KB
:domain:post-login:compileDebugKotlin,Number of cache misses when loading classpath entry snapshots,1,1,1,1,1,1,
:domain:post-login:compileDebugKotlin,Total compiler iteration,1,1,1,1,1,1,
:domain:post-login:compileDebugKotlin,Number of times classpath snapshot is shrunk and saved after compilation,1,1,1,1,1,1,
:domain:post-login:compileDebugKotlin,Number of times classpath snapshot is loaded,1,1,1,1,1,1,
:domain:post-login:compileDebugKotlin,Code generation lines per second,2700,2894,2699,2701,3901,4125,
:domain:post-login:compileDebugKotlin,ABI snapshot size,18.0,18.0,18,18,18,18,B
:domain:post-login:compileDebugKotlin,Size of classpath snapshot,5.9,5.9,6,6,6,6,MB
:domain:post-login:compileDebugKotlin,Number of classpath entries,106,106,106,106,106,106,
:domain:post-login:compileDebugKotlin,Save shrunk current classpath snapshot,3.6,3.0,3,3,5,3,ms
:domain:post-login:compileDebugKotlin,Store build info,2.0,,2,,2,,ms
:domain:post-login:compileDebugKotlin,Clear output,1.0,2.0,1,2,1,3,ms
:domain:profile-login:compileDebugKotlin,Sources compilation round,1000.26,980.48,942,971,1211,1249,ms
:domain:profile-login:compileDebugKotlin,Incremental compilation in daemon,1124.46,1095.16,1075,1082,1448,1407,ms
:domain:profile-login:compileDebugKotlin,Task action before worker execution,12.18,14.26,11,14,18,21,ms
:domain:profile-login:compileDebugKotlin,Start gradle worker,1.6,2.26,1,2,3,5,ms
:domain:profile-login:compileDebugKotlin,Compiler initialization time,48.48,48.6,46,46,69,77,ms
:domain:profile-login:compileDebugKotlin,Calculate output size,1.59,2.07,1,1,4,4,ms
:domain:profile-login:compileDebugKotlin,Compiler IR lowering,90.18,92.7,84,86,132,146,ms
:domain:profile-login:compileDebugKotlin,Compiler translation to IR,277.46,269.52,265,258,330,361,ms
:domain:profile-login:compileDebugKotlin,Compiler backend,70.74,72.64,72,68,103,114,ms
:domain:profile-login:compileDebugKotlin,Compiler code analysis,368.7,353.88,349,351,443,453,ms
:domain:profile-login:compileDebugKotlin,Run compilation in Gradle worker,1165.5,1137.24,1117,1115,1528,1444,ms
:domain:profile-login:compileDebugKotlin,Load current classpath snapshot,5.92,6.52,6,6,10,10,ms
:domain:profile-login:compileDebugKotlin,Update caches,2.5,2.94,2,2,5,8,ms
:domain:profile-login:compileDebugKotlin,Total Gradle task time,1299.76,1267.34,1232,1235,1655,1614,ms
:domain:profile-login:compileDebugKotlin,Shrink and save current classpath snapshot after compilation,37.66,37.76,36,32,59,58,ms
:domain:profile-login:compileDebugKotlin,Compiler code generation,161.48,165.74,153,154,220,253,ms
:domain:profile-login:compileDebugKotlin,Remove duplicate classes,5.26,5.64,6,6,9,9,ms
:domain:profile-login:compileDebugKotlin,Run compilation,1154.28,1130.08,1113,1110,1482,1439,ms
:domain:profile-login:compileDebugKotlin,Shrink current classpath snapshot non-incrementally,29.78,29.06,27,24,46,46,ms
:domain:profile-login:compileDebugKotlin,Spent time before task action,40.72,41.64,36,38,62,65,ms
:domain:profile-login:compileDebugKotlin,Analysis lines per second,1229,1249,1195,1193,1630,1652,
:domain:profile-login:compileDebugKotlin,Total size of the cache directory,545.8,545.8,546,546,546,546,KB
:domain:profile-login:compileDebugKotlin,Number of cache hits when loading classpath entry snapshots,122,122,122,122,122,122,
:domain:profile-login:compileDebugKotlin,Number of lines analyzed,418,418,418,418,418,418,
:domain:profile-login:compileDebugKotlin,Size of shrunk classpath snapshot,46.4,46.4,46,46,46,46,KB
:domain:profile-login:compileDebugKotlin,Number of cache misses when loading classpath entry snapshots,1,1,1,1,1,1,
:domain:profile-login:compileDebugKotlin,Total compiler iteration,1,1,1,1,1,1,
:domain:profile-login:compileDebugKotlin,Number of times classpath snapshot is shrunk and saved after compilation,1,1,1,1,1,1,
:domain:profile-login:compileDebugKotlin,Number of times classpath snapshot is loaded,1,1,1,1,1,1,
:domain:profile-login:compileDebugKotlin,Code generation lines per second,2759,2898,2738,2708,3815,4704,
:domain:profile-login:compileDebugKotlin,ABI snapshot size,18.0,18.0,18,18,18,18,B
:domain:profile-login:compileDebugKotlin,Size of classpath snapshot,6.4,6.4,6,6,6,6,MB
:domain:profile-login:compileDebugKotlin,Number of classpath entries,123,123,123,123,123,123,
:domain:profile-login:compileDebugKotlin,Store build info,2.5,5.0,3,5,3,6,ms
:domain:profile-login:compileDebugKotlin,Save shrunk current classpath snapshot,2.67,2.5,3,2,3,5,ms
:domain:profile-login:compileDebugKotlin,Clear output,2.0,1.5,2,2,2,2,ms
:domain:push-identity:compileDebugKotlin,Sources compilation round,1006.02,994.1,974,956,1183,1277,ms
:domain:push-identity:compileDebugKotlin,Incremental compilation in daemon,1118.72,1116.74,1082,1078,1330,1495,ms
:domain:push-identity:compileDebugKotlin,Task action before worker execution,16.22,13.64,15,12,24,23,ms
:domain:push-identity:compileDebugKotlin,Start gradle worker,3.14,1.6,1,1,4,3,ms
:domain:push-identity:compileDebugKotlin,Compiler initialization time,55.16,43.12,49,42,77,66,ms
:domain:push-identity:compileDebugKotlin,Calculate output size,2.32,1.65,2,1,4,4,ms
:domain:push-identity:compileDebugKotlin,Compiler IR lowering,94.4,80.48,89,75,131,110,ms
:domain:push-identity:compileDebugKotlin,Compiler translation to IR,261.42,265.88,256,244,324,357,ms
:domain:push-identity:compileDebugKotlin,Compiler backend,72.84,68.04,71,64,111,110,ms
:domain:push-identity:compileDebugKotlin,Compiler code analysis,375.28,371.44,342,364,468,514,ms
:domain:push-identity:compileDebugKotlin,Run compilation in Gradle worker,1155.5,1157.52,1115,1120,1363,1518,ms
:domain:push-identity:compileDebugKotlin,Load current classpath snapshot,5.7,6.38,5,6,10,11,ms
:domain:push-identity:compileDebugKotlin,Update caches,2.8,3.16,2,3,5,6,ms
:domain:push-identity:compileDebugKotlin,Total Gradle task time,1291.78,1280.74,1259,1234,1511,1622,ms
:domain:push-identity:compileDebugKotlin,Shrink and save current classpath snapshot after compilation,40.26,42.44,36,37,63,69,ms
:domain:push-identity:compileDebugKotlin,Compiler code generation,167.78,149.04,156,140,235,207,ms
:domain:push-identity:compileDebugKotlin,Remove duplicate classes,4.88,5.54,5,5,9,9,ms
:domain:push-identity:compileDebugKotlin,Run compilation,1146.64,1148.78,1109,1118,1360,1515,ms
:domain:push-identity:compileDebugKotlin,Shrink current classpath snapshot non-incrementally,32.64,33.72,29,29,54,54,ms
:domain:push-identity:compileDebugKotlin,Spent time before task action,42.26,37.9,39,36,66,56,ms
:domain:push-identity:compileDebugKotlin,Analysis lines per second,1189,1195,1221,1148,1475,1651,
:domain:push-identity:compileDebugKotlin,Total size of the cache directory,545.8,545.8,546,546,546,546,KB
:domain:push-identity:compileDebugKotlin,Number of cache hits when loading classpath entry snapshots,132,132,132,132,132,132,
:domain:push-identity:compileDebugKotlin,Number of lines analyzed,418,418,418,418,418,418,
:domain:push-identity:compileDebugKotlin,Size of shrunk classpath snapshot,46.4,46.4,46,46,46,46,KB
:domain:push-identity:compileDebugKotlin,Number of cache misses when loading classpath entry snapshots,1,1,1,1,1,1,
:domain:push-identity:compileDebugKotlin,Total compiler iteration,1,1,1,1,1,1,
:domain:push-identity:compileDebugKotlin,Number of times classpath snapshot is shrunk and saved after compilation,1,1,1,1,1,1,
:domain:push-identity:compileDebugKotlin,Number of times classpath snapshot is loaded,1,1,1,1,1,1,
:domain:push-identity:compileDebugKotlin,Code generation lines per second,2709,3017,2668,2977,4055,4042,
:domain:push-identity:compileDebugKotlin,ABI snapshot size,18.0,18.0,18,18,18,18,B
:domain:push-identity:compileDebugKotlin,Size of classpath snapshot,6.7,6.7,7,7,7,7,MB
:domain:push-identity:compileDebugKotlin,Number of classpath entries,133,133,133,133,133,133,
:domain:push-identity:compileDebugKotlin,Store build info,3.0,2.0,3,2,3,2,ms
:domain:push-identity:compileDebugKotlin,Clear outputs on rebuild,1.0,1.0,1,1,1,1,ms
:domain:push-identity:compileDebugKotlin,Save shrunk current classpath snapshot,3.0,2.0,3,2,3,2,ms
:domain:report-login:compileDebugKotlin,Sources compilation round,972.86,958.12,965,937,1188,1240,ms
:domain:report-login:compileDebugKotlin,Incremental compilation in daemon,1077.2,1050.54,1057,1049,1382,1375,ms
:domain:report-login:compileDebugKotlin,Task action before worker execution,16.54,14.36,17,14,26,25,ms
:domain:report-login:compileDebugKotlin,Compiler initialization time,49.14,45.74,46,40,83,73,ms
:domain:report-login:compileDebugKotlin,Calculate output size,1.52,1.31,1,1,4,3,ms
:domain:report-login:compileDebugKotlin,Compiler IR lowering,68.08,82.12,60,71,97,132,ms
:domain:report-login:compileDebugKotlin,Compiler translation to IR,248.52,254.6,256,251,312,337,ms
:domain:report-login:compileDebugKotlin,Compiler backend,59.6,67.36,52,64,88,99,ms
:domain:report-login:compileDebugKotlin,Compiler code analysis,376.94,357.94,370,347,484,455,ms
:domain:report-login:compileDebugKotlin,Run compilation in Gradle worker,1114.0,1093.36,1089,1085,1447,1459,ms
:domain:report-login:compileDebugKotlin,Load current classpath snapshot,4.66,4.54,4,4,8,7,ms
:domain:report-login:compileDebugKotlin,Update caches,2.58,2.12,2,2,6,4,ms
:domain:report-login:compileDebugKotlin,Total Gradle task time,1245.32,1205.02,1204,1191,1585,1606,ms
:domain:report-login:compileDebugKotlin,Shrink and save current classpath snapshot after compilation,36.0,33.02,28,29,56,59,ms
:domain:report-login:compileDebugKotlin,Compiler code generation,128.24,149.9,123,129,179,242,ms
:domain:report-login:compileDebugKotlin,Remove duplicate classes,3.98,4.0,3,3,7,6,ms
:domain:report-login:compileDebugKotlin,Run compilation,1107.64,1088.98,1087,1081,1440,1457,ms
:domain:report-login:compileDebugKotlin,Shrink current classpath snapshot non-incrementally,29.6,26.6,23,24,46,48,ms
:domain:report-login:compileDebugKotlin,Spent time before task action,45.44,37.58,48,37,64,55,ms
:domain:report-login:compileDebugKotlin,Analysis lines per second,1150,1211,1127,1203,1447,1557,
:domain:report-login:compileDebugKotlin,Total size of the cache directory,545.5,545.5,546,546,546,546,KB
:domain:report-login:compileDebugKotlin,Number of cache hits when loading classpath entry snapshots,116,116,116,116,116,116,
:domain:report-login:compileDebugKotlin,Number of lines analyzed,418,418,418,418,418,418,
:domain:report-login:compileDebugKotlin,Size of shrunk classpath snapshot,46.4,46.4,46,46,46,46,KB
:domain:report-login:compileDebugKotlin,Number of cache misses when loading classpath entry snapshots,1,1,1,1,1,1,
:domain:report-login:compileDebugKotlin,Total compiler iteration,1,1,1,1,1,1,
:domain:report-login:compileDebugKotlin,Number of times classpath snapshot is shrunk and saved after compilation,1,1,1,1,1,1,
:domain:report-login:compileDebugKotlin,Number of times classpath snapshot is loaded,1,1,1,1,1,1,
:domain:report-login:compileDebugKotlin,Code generation lines per second,3418,3076,3393,3224,4430,4251,
:domain:report-login:compileDebugKotlin,ABI snapshot size,18.0,18.0,18,18,18,18,B
:domain:report-login:compileDebugKotlin,Size of classpath snapshot,6.2,6.2,6,6,6,6,MB
:domain:report-login:compileDebugKotlin,Number of classpath entries,117,117,117,117,117,117,
:domain:report-login:compileDebugKotlin,Start gradle worker,1.93,1.68,1,1,4,3,ms
:domain:report-login:compileDebugKotlin,Clear output,1.0,,1,,1,,ms
:domain:report-login:compileDebugKotlin,Save shrunk current classpath snapshot,1.0,2.33,1,2,1,3,ms
:domain:report-login:compileDebugKotlin,Store build info,1.0,1.0,1,1,1,1,ms
:domain:search-login:compileDebugKotlin,Sources compilation round,874.9,859.88,839,861,1057,1045,ms
:domain:search-login:compileDebugKotlin,Incremental compilation in daemon,969.52,969.44,946,959,1164,1189,ms
:domain:search-login:compileDebugKotlin,Clear outputs on rebuild,1.67,,2,,2,,ms
:domain:search-login:compileDebugKotlin,Task action before worker execution,12.64,12.26,12,11,20,20,ms
:domain:search-login:compileDebugKotlin,Start gradle worker,1.62,1.53,1,1,3,3,ms
:domain:search-login:compileDebugKotlin,Compiler initialization time,49.78,50.82,46,49,76,74,ms
:domain:search-login:compileDebugKotlin,Calculate output size,1.63,1.7,1,1,4,4,ms
:domain:search-login:compileDebugKotlin,Compiler IR lowering,68.7,73.56,62,64,102,119,ms
:domain:search-login:compileDebugKotlin,Compiler translation to IR,231.48,235.86,223,235,285,322,ms
:domain:search-login:compileDebugKotlin,Compiler backend,55.24,57.8,51,51,81,98,ms
:domain:search-login:compileDebugKotlin,Compiler code analysis,339.5,318.18,317,304,462,402,ms
:domain:search-login:compileDebugKotlin,Run compilation in Gradle worker,1009.12,1007.24,989,993,1197,1276,ms
:domain:search-login:compileDebugKotlin,Load current classpath snapshot,4.86,5.24,4,4,10,9,ms
:domain:search-login:compileDebugKotlin,Update caches,2.22,1.92,2,2,4,4,ms
:domain:search-login:compileDebugKotlin,Total Gradle task time,1121.36,1114.68,1113,1121,1331,1430,ms
:domain:search-login:compileDebugKotlin,Shrink and save current classpath snapshot after compilation,31.7,33.72,28,29,56,56,ms
:domain:search-login:compileDebugKotlin,Compiler code generation,124.42,131.84,118,120,181,202,ms
:domain:search-login:compileDebugKotlin,Remove duplicate classes,4.06,4.5,3,3,8,9,ms
:domain:search-login:compileDebugKotlin,Run compilation,997.84,998.66,983,986,1192,1230,ms
:domain:search-login:compileDebugKotlin,Shrink current classpath snapshot non-incrementally,25.14,26.46,21,23,45,45,ms
:domain:search-login:compileDebugKotlin,Spent time before task action,36.94,32.66,34,33,61,49,ms
:domain:search-login:compileDebugKotlin,Analysis lines per second,1298,1380,1316,1373,1669,1713,
:domain:search-login:compileDebugKotlin,Total size of the cache directory,545.5,545.5,546,546,546,546,KB
:domain:search-login:compileDebugKotlin,Number of cache hits when loading classpath entry snapshots,130,130,130,130,130,130,
:domain:search-login:compileDebugKotlin,Number of lines analyzed,418,418,418,418,418,418,
:domain:search-login:compileDebugKotlin,Size of shrunk classpath snapshot,46.4,46.4,46,46,46,46,KB
:domain:search-login:compileDebugKotlin,Number of cache misses when loading classpath entry snapshots,1,1,1,1,1,1,
:domain:search-login:compileDebugKotlin,Total compiler iteration,1,1,1,1,1,1,
:domain:search-login:compileDebugKotlin,Number of times classpath snapshot is shrunk and saved after compilation,1,1,1,1,1,1,
:domain:search-login:compileDebugKotlin,Number of times classpath snapshot is loaded,1,1,1,1,1,1,
:domain:search-login:compileDebugKotlin,Code generation lines per second,3531,3477,3545,3481,4797,4657,
:domain:search-login:compileDebugKotlin,ABI snapshot size,18.0,18.0,18,18,18,18,B
:domain:search-login:compileDebugKotlin,Size of classpath snapshot,6.6,6.6,7,7,7,7,MB
:domain:search-login:compileDebugKotlin,Number of classpath entries,131,131,131,131,131,131,
:domain:search-login:compileDebugKotlin,Save shrunk current classpath snapshot,2.5,2.4,3,2,3,5,ms
:domain:search-login:compileDebugKotlin,Store build info,3.0,,3,,3,,ms
:domain:session-login:compileDebugKotlin,Sources compilation round,831.68,847.88,804,834,1045,1130,ms
:domain:session-login:compileDebugKotlin,Incremental compilation in daemon,919.52,950.36,906,952,1142,1243,ms
:domain:session-login:compileDebugKotlin,Task action before worker execution,12.06,11.76,10,11,19,18,ms
:domain:session-login:compileDebugKotlin,Start gradle worker,1.8,1.75,1,1,4,4,ms
:domain:session-login:compileDebugKotlin,Compiler initialization time,39.42,40.54,37,37,63,72,ms
:domain:session-login:compileDebugKotlin,Calculate output size,1.5,1.78,1,1,4,4,ms
:domain:session-login:compileDebugKotlin,Compiler IR lowering,68.26,77.68,61,65,96,160,ms
:domain:session-login:compileDebugKotlin,Compiler translation to IR,227.44,230.08,212,221,307,310,ms
:domain:session-login:compileDebugKotlin,Compiler backend,58.32,62.7,52,53,85,95,ms
:domain:session-login:compileDebugKotlin,Compiler code analysis,314.42,312.94,301,305,390,400,ms
:domain:session-login:compileDebugKotlin,Run compilation in Gradle worker,957.16,977.92,928,979,1202,1268,ms
:domain:session-login:compileDebugKotlin,Load current classpath snapshot,5.0,5.02,3,4,9,9,ms
:domain:session-login:compileDebugKotlin,Update caches,2.14,3.3,2,2,5,4,ms
:domain:session-login:compileDebugKotlin,Total Gradle task time,1065.5,1092.08,1039,1084,1363,1411,ms
:domain:session-login:compileDebugKotlin,Shrink and save current classpath snapshot after compilation,30.46,34.12,27,29,44,53,ms
:domain:session-login:compileDebugKotlin,Compiler code generation,127.02,140.88,118,121,178,262,ms
:domain:session-login:compileDebugKotlin,Remove duplicate classes,4.24,4.32,3,3,8,8,ms
:domain:session-login:compileDebugKotlin,Run compilation,951.6,971.86,926,974,1195,1266,ms
:domain:session-login:compileDebugKotlin,Shrink current classpath snapshot non-incrementally,23.76,27.08,22,21,36,47,ms
:domain:session-login:compileDebugKotlin,Spent time before task action,36.96,34.8,33,34,58,52,ms
:domain:session-login:compileDebugKotlin,Analysis lines per second,1382,1401,1389,1370,1737,1821,
:domain:session-login:compileDebugKotlin,Total size of the cache directory,545.8,545.8,546,546,546,546,KB
:domain:session-login:compileDebugKotlin,Number of cache hits when loading classpath entry snapshots,121,121,121,121,121,121,
:domain:session-login:compileDebugKotlin,Number of lines analyzed,418,418,418,418,418,418,
:domain:session-login:compileDebugKotlin,Size of shrunk classpath snapshot,46.4,46.4,46,46,46,46,KB
:domain:session-login:compileDebugKotlin,Number of cache misses when loading classpath entry snapshots,1,1,1,1,1,1,
:domain:session-login:compileDebugKotlin,Total compiler iteration,1,1,1,1,1,1,
:domain:session-login:compileDebugKotlin,Number of times classpath snapshot is shrunk and saved after compilation,1,1,1,1,1,1,
:domain:session-login:compileDebugKotlin,Number of times classpath snapshot is loaded,1,1,1,1,1,1,
:domain:session-login:compileDebugKotlin,Code generation lines per second,3485,3391,3527,3460,4582,4512,
:domain:session-login:compileDebugKotlin,ABI snapshot size,18.0,18.0,18,18,18,18,B
:domain:session-login:compileDebugKotlin,Size of classpath snapshot,6.4,6.4,6,6,6,6,MB
:domain:session-login:compileDebugKotlin,Number of classpath entries,122,122,122,122,122,122,
:domain:session-login:compileDebugKotlin,Store build info,2.5,3.0,3,3,3,3,ms
:domain:session-login:compileDebugKotlin,Clear output,2.0,2.0,2,2,2,2,ms
:domain:session-login:compileDebugKotlin,Save shrunk current classpath snapshot,2.0,1.5,2,1,3,3,ms
:domain:setting-login:compileDebugKotlin,Sources compilation round,909.66,946.44,845,920,1143,1260,ms
:domain:setting-login:compileDebugKotlin,Incremental compilation in daemon,1003.56,1040.7,949,997,1276,1395,ms
:domain:setting-login:compileDebugKotlin,Task action before worker execution,13.94,13.34,14,13,22,20,ms
:domain:setting-login:compileDebugKotlin,Start gradle worker,1.79,2.05,1,1,3,4,ms
:domain:setting-login:compileDebugKotlin,Compiler initialization time,51.7,49.42,45,47,87,81,ms
:domain:setting-login:compileDebugKotlin,Calculate output size,1.59,1.36,1,1,3,3,ms
:domain:setting-login:compileDebugKotlin,Compiler IR lowering,77.12,80.12,71,71,115,126,ms
:domain:setting-login:compileDebugKotlin,Compiler translation to IR,241.6,257.64,230,235,325,359,ms
:domain:setting-login:compileDebugKotlin,Compiler backend,58.56,54.3,53,48,92,77,ms
:domain:setting-login:compileDebugKotlin,Compiler code analysis,334.34,356.4,322,346,425,462,ms
:domain:setting-login:compileDebugKotlin,Run compilation in Gradle worker,1040.96,1081.76,977,1039,1331,1465,ms
:domain:setting-login:compileDebugKotlin,Load current classpath snapshot,5.34,5.1,4,4,10,9,ms
:domain:setting-login:compileDebugKotlin,Update caches,1.9,1.66,2,1,3,2,ms
:domain:setting-login:compileDebugKotlin,Total Gradle task time,1153.68,1196.78,1110,1151,1473,1595,ms
:domain:setting-login:compileDebugKotlin,Shrink and save current classpath snapshot after compilation,34.58,32.9,28,29,61,52,ms
:domain:setting-login:compileDebugKotlin,Compiler code generation,136.08,134.86,136,125,177,198,ms
:domain:setting-login:compileDebugKotlin,Remove duplicate classes,4.54,4.16,3,3,8,7,ms
:domain:setting-login:compileDebugKotlin,Run compilation,1027.54,1073.2,974,1037,1301,1437,ms
:domain:setting-login:compileDebugKotlin,Shrink current classpath snapshot non-incrementally,27.2,25.78,22,22,48,43,ms
:domain:setting-login:compileDebugKotlin,Spent time before task action,40.22,38.08,38,33,58,51,ms
:domain:setting-login:compileDebugKotlin,Analysis lines per second,1304,1231,1297,1205,1651,1553,
:domain:setting-login:compileDebugKotlin,Total size of the cache directory,545.8,545.8,546,546,546,546,KB
:domain:setting-login:compileDebugKotlin,Number of cache hits when loading classpath entry snapshots,140,140,140,140,140,140,
:domain:setting-login:compileDebugKotlin,Number of lines analyzed,418,418,418,418,418,418,
:domain:setting-login:compileDebugKotlin,Size of shrunk classpath snapshot,46.4,46.4,46,46,46,46,KB
:domain:setting-login:compileDebugKotlin,Number of cache misses when loading classpath entry snapshots,1,1,1,1,1,1,
:domain:setting-login:compileDebugKotlin,Total compiler iteration,1,1,1,1,1,1,
:domain:setting-login:compileDebugKotlin,Number of times classpath snapshot is shrunk and saved after compilation,1,1,1,1,1,1,
:domain:setting-login:compileDebugKotlin,Number of times classpath snapshot is loaded,1,1,1,1,1,1,
:domain:setting-login:compileDebugKotlin,Code generation lines per second,3222,3430,3079,3344,4287,4753,
:domain:setting-login:compileDebugKotlin,ABI snapshot size,18.0,18.0,18,18,18,18,B
:domain:setting-login:compileDebugKotlin,Size of classpath snapshot,7.0,7.0,7,7,7,7,MB
:domain:setting-login:compileDebugKotlin,Number of classpath entries,141,141,141,141,141,141,
:domain:setting-login:compileDebugKotlin,Save shrunk current classpath snapshot,3.0,4.0,3,2,3,8,ms
:domain:setting-login:compileDebugKotlin,Clear output,1.0,,1,,1,,ms
:domain:setting-login:compileDebugKotlin,Store build info,1.0,2.0,1,2,1,2,ms
:domain:setting-login:compileDebugKotlin,Clear outputs on rebuild,1.0,,1,,1,,ms
:domain:share-login:compileDebugKotlin,Sources compilation round,907.14,905.94,856,850,1186,1170,ms
:domain:share-login:compileDebugKotlin,Incremental compilation in daemon,1002.12,1001.1,948,930,1300,1299,ms
:domain:share-login:compileDebugKotlin,Task action before worker execution,16.86,13.04,16,11,21,22,ms
:domain:share-login:compileDebugKotlin,Compiler initialization time,51.46,44.76,37,40,74,80,ms
:domain:share-login:compileDebugKotlin,Calculate output size,1.72,1.62,1,1,4,4,ms
:domain:share-login:compileDebugKotlin,Compiler IR lowering,80.08,69.74,75,67,110,100,ms
:domain:share-login:compileDebugKotlin,Compiler translation to IR,254.64,261.58,244,241,343,333,ms
:domain:share-login:compileDebugKotlin,Compiler backend,55.76,57.6,48,49,87,81,ms
:domain:share-login:compileDebugKotlin,Compiler code analysis,328.56,331.34,306,320,440,445,ms
:domain:share-login:compileDebugKotlin,Run compilation in Gradle worker,1035.4,1036.24,976,976,1320,1326,ms
:domain:share-login:compileDebugKotlin,Load current classpath snapshot,5.76,5.74,6,5,10,10,ms
:domain:share-login:compileDebugKotlin,Update caches,2.04,1.86,2,2,4,4,ms
:domain:share-login:compileDebugKotlin,Total Gradle task time,1154.14,1160.58,1081,1087,1465,1559,ms
:domain:share-login:compileDebugKotlin,Shrink and save current classpath snapshot after compilation,32.04,30.5,28,28,51,47,ms
:domain:share-login:compileDebugKotlin,Compiler code generation,136.38,127.82,126,117,200,182,ms
:domain:share-login:compileDebugKotlin,Remove duplicate classes,4.34,4.24,4,4,8,7,ms
:domain:share-login:compileDebugKotlin,Run compilation,1030.5,1030.14,971,956,1318,1323,ms
:domain:share-login:compileDebugKotlin,Shrink current classpath snapshot non-incrementally,24.6,23.0,21,21,43,37,ms
:domain:share-login:compileDebugKotlin,Spent time before task action,38.82,40.18,38,36,57,54,ms
:domain:share-login:compileDebugKotlin,Analysis lines per second,1317,1342,1363,1303,1601,1799,
:domain:share-login:compileDebugKotlin,Total size of the cache directory,545.1,545.1,545,545,545,545,KB
:domain:share-login:compileDebugKotlin,Number of cache hits when loading classpath entry snapshots,104,104,104,104,104,104,
:domain:share-login:compileDebugKotlin,Number of lines analyzed,418,418,418,418,418,418,
:domain:share-login:compileDebugKotlin,Size of shrunk classpath snapshot,46.4,46.4,46,46,46,46,KB
:domain:share-login:compileDebugKotlin,Number of cache misses when loading classpath entry snapshots,1,1,1,1,1,1,
:domain:share-login:compileDebugKotlin,Total compiler iteration,1,1,1,1,1,1,
:domain:share-login:compileDebugKotlin,Number of times classpath snapshot is shrunk and saved after compilation,1,1,1,1,1,1,
:domain:share-login:compileDebugKotlin,Number of times classpath snapshot is loaded,1,1,1,1,1,1,
:domain:share-login:compileDebugKotlin,Code generation lines per second,3278,3525,3306,3553,4241,4574,
:domain:share-login:compileDebugKotlin,ABI snapshot size,18.0,18.0,18,18,18,18,B
:domain:share-login:compileDebugKotlin,Size of classpath snapshot,5.8,5.8,6,6,6,6,MB
:domain:share-login:compileDebugKotlin,Number of classpath entries,105,105,105,105,105,105,
:domain:share-login:compileDebugKotlin,Start gradle worker,1.63,1.81,1,1,3,4,ms
:domain:share-login:compileDebugKotlin,Store build info,1.0,2.0,1,2,1,2,ms
:domain:share-login:compileDebugKotlin,Clear outputs on rebuild,2.5,1.5,3,2,3,2,ms
:domain:share-login:compileDebugKotlin,Save shrunk current classpath snapshot,2.5,1.0,3,1,3,1,ms
:domain:status-login:compileDebugKotlin,Sources compilation round,923.68,867.12,860,861,1286,1071,ms
:domain:status-login:compileDebugKotlin,Incremental compilation in daemon,1013.32,978.24,939,964,1387,1189,ms
:domain:status-login:compileDebugKotlin,Task action before worker execution,11.66,12.34,11,12,18,22,ms
:domain:status-login:compileDebugKotlin,Compiler initialization time,44.6,40.66,41,39,65,59,ms
:domain:status-login:compileDebugKotlin,Calculate output size,1.52,1.51,1,1,4,4,ms
:domain:status-login:compileDebugKotlin,Compiler IR lowering,85.92,94.1,75,85,131,137,ms
:domain:status-login:compileDebugKotlin,Compiler translation to IR,243.92,225.82,232,221,314,288,ms
:domain:status-login:compileDebugKotlin,Compiler backend,66.9,63.14,57,57,112,99,ms
:domain:status-login:compileDebugKotlin,Compiler code analysis,337.28,313.0,315,302,449,426,ms
:domain:status-login:compileDebugKotlin,Run compilation in Gradle worker,1043.48,1014.96,966,1006,1411,1231,ms
:domain:status-login:compileDebugKotlin,Load current classpath snapshot,5.08,5.22,4,5,9,9,ms
:domain:status-login:compileDebugKotlin,Update caches,1.96,1.68,2,1,4,3,ms
:domain:status-login:compileDebugKotlin,Total Gradle task time,1167.84,1127.16,1102,1118,1522,1354,ms
:domain:status-login:compileDebugKotlin,Shrink and save current classpath snapshot after compilation,33.04,37.28,28,32,54,65,ms
:domain:status-login:compileDebugKotlin,Compiler code generation,153.24,157.6,139,139,242,239,ms
:domain:status-login:compileDebugKotlin,Remove duplicate classes,4.16,4.38,3,4,9,7,ms
:domain:status-login:compileDebugKotlin,Run compilation,1036.7,1008.86,963,1002,1408,1224,ms
:domain:status-login:compileDebugKotlin,Shrink current classpath snapshot non-incrementally,26.1,30.44,22,26,41,55,ms
:domain:status-login:compileDebugKotlin,Spent time before task action,32.4,30.74,29,30,47,48,ms
:domain:status-login:compileDebugKotlin,Analysis lines per second,1288,1405,1327,1383,1568,1818,
:domain:status-login:compileDebugKotlin,Total size of the cache directory,545.5,545.5,546,546,546,546,KB
:domain:status-login:compileDebugKotlin,Number of cache hits when loading classpath entry snapshots,109,109,109,109,109,109,
:domain:status-login:compileDebugKotlin,Number of lines analyzed,418,418,418,418,418,418,
:domain:status-login:compileDebugKotlin,Size of shrunk classpath snapshot,46.4,46.4,46,46,46,46,KB
:domain:status-login:compileDebugKotlin,Number of cache misses when loading classpath entry snapshots,1,1,1,1,1,1,
:domain:status-login:compileDebugKotlin,Total compiler iteration,1,1,1,1,1,1,
:domain:status-login:compileDebugKotlin,Number of times classpath snapshot is shrunk and saved after compilation,1,1,1,1,1,1,
:domain:status-login:compileDebugKotlin,Number of times classpath snapshot is loaded,1,1,1,1,1,1,
:domain:status-login:compileDebugKotlin,Code generation lines per second,2993,3053,3002,3002,3959,4177,
:domain:status-login:compileDebugKotlin,ABI snapshot size,18.0,18.0,18,18,18,18,B
:domain:status-login:compileDebugKotlin,Size of classpath snapshot,6.0,6.0,6,6,6,6,MB
:domain:status-login:compileDebugKotlin,Number of classpath entries,110,110,110,110,110,110,
:domain:status-login:compileDebugKotlin,Start gradle worker,2.15,2.03,1,1,4,6,ms
:domain:status-login:compileDebugKotlin,Save shrunk current classpath snapshot,2.0,2.0,2,2,3,3,ms
:domain:status-login:compileDebugKotlin,Store build info,1.0,3.0,1,3,1,3,ms
:domain:status-login:compileDebugKotlin,Clear outputs on rebuild,1.0,1.0,1,1,1,1,ms
:domain:sync-login:compileDebugKotlin,Sources compilation round,951.16,930.82,921,915,1165,1182,ms
:domain:sync-login:compileDebugKotlin,Incremental compilation in daemon,1066.2,1034.32,1038,1007,1351,1303,ms
:domain:sync-login:compileDebugKotlin,Task action before worker execution,15.94,16.04,13,12,22,24,ms
:domain:sync-login:compileDebugKotlin,Compiler initialization time,50.12,41.72,48,42,79,62,ms
:domain:sync-login:compileDebugKotlin,Calculate output size,1.83,1.67,1,1,4,3,ms
:domain:sync-login:compileDebugKotlin,Compiler IR lowering,85.54,81.76,75,76,128,121,ms
:domain:sync-login:compileDebugKotlin,Compiler translation to IR,267.04,253.54,248,251,332,329,ms
:domain:sync-login:compileDebugKotlin,Compiler backend,66.4,78.42,61,67,99,99,ms
:domain:sync-login:compileDebugKotlin,Compiler code analysis,342.98,340.12,338,336,448,455,ms
:domain:sync-login:compileDebugKotlin,Run compilation in Gradle worker,1104.94,1074.06,1064,1052,1388,1327,ms
:domain:sync-login:compileDebugKotlin,Load current classpath snapshot,5.46,6.14,4,6,9,10,ms
:domain:sync-login:compileDebugKotlin,Update caches,2.58,2.1,2,2,5,4,ms
:domain:sync-login:compileDebugKotlin,Total Gradle task time,1249.32,1206.3,1182,1187,1547,1541,ms
:domain:sync-login:compileDebugKotlin,Shrink and save current classpath snapshot after compilation,41.92,39.66,33,36,71,60,ms
:domain:sync-login:compileDebugKotlin,Compiler code generation,152.42,160.6,141,135,232,215,ms
:domain:sync-login:compileDebugKotlin,Remove duplicate classes,4.84,5.32,4,5,9,9,ms
:domain:sync-login:compileDebugKotlin,Run compilation,1094.86,1067.26,1060,1041,1385,1323,ms
:domain:sync-login:compileDebugKotlin,Shrink current classpath snapshot non-incrementally,34.34,31.28,27,27,57,50,ms
:domain:sync-login:compileDebugKotlin,Spent time before task action,37.58,39.02,31,37,67,62,ms
:domain:sync-login:compileDebugKotlin,Analysis lines per second,1265,1311,1235,1243,1572,1768,
:domain:sync-login:compileDebugKotlin,Total size of the cache directory,544.7,544.7,545,545,545,545,KB
:domain:sync-login:compileDebugKotlin,Number of cache hits when loading classpath entry snapshots,149,149,149,149,149,149,
:domain:sync-login:compileDebugKotlin,Number of lines analyzed,418,418,418,418,418,418,
:domain:sync-login:compileDebugKotlin,Size of shrunk classpath snapshot,46.4,46.4,46,46,46,46,KB
:domain:sync-login:compileDebugKotlin,Number of cache misses when loading classpath entry snapshots,1,1,1,1,1,1,
:domain:sync-login:compileDebugKotlin,Total compiler iteration,1,1,1,1,1,1,
:domain:sync-login:compileDebugKotlin,Number of times classpath snapshot is shrunk and saved after compilation,1,1,1,1,1,1,
:domain:sync-login:compileDebugKotlin,Number of times classpath snapshot is loaded,1,1,1,1,1,1,
:domain:sync-login:compileDebugKotlin,Code generation lines per second,2974,3076,2959,3086,3997,4418,
:domain:sync-login:compileDebugKotlin,ABI snapshot size,18.0,18.0,18,18,18,18,B
:domain:sync-login:compileDebugKotlin,Size of classpath snapshot,7.2,7.2,7,7,7,7,MB
:domain:sync-login:compileDebugKotlin,Number of classpath entries,150,150,150,150,150,150,
:domain:sync-login:compileDebugKotlin,Start gradle worker,2.02,1.79,2,1,4,3,ms
:domain:sync-login:compileDebugKotlin,Store build info,2.0,4.0,2,4,2,4,ms
:domain:sync-login:compileDebugKotlin,Save shrunk current classpath snapshot,3.0,3.33,3,3,3,6,ms
:domain:task-login:compileDebugKotlin,Sources compilation round,998.28,893.62,940,891,1330,1192,ms
:domain:task-login:compileDebugKotlin,Incremental compilation in daemon,1114.5,1012.34,1054,1003,1458,1336,ms
:domain:task-login:compileDebugKotlin,Task action before worker execution,14.0,13.82,14,12,21,23,ms
:domain:task-login:compileDebugKotlin,Compiler initialization time,50.78,46.64,42,41,75,75,ms
:domain:task-login:compileDebugKotlin,Calculate output size,1.83,2.29,1,1,4,6,ms
:domain:task-login:compileDebugKotlin,Compiler IR lowering,85.16,81.72,82,73,127,130,ms
:domain:task-login:compileDebugKotlin,Compiler translation to IR,275.24,246.56,258,247,339,304,ms
:domain:task-login:compileDebugKotlin,Compiler backend,72.18,62.04,69,57,112,99,ms
:domain:task-login:compileDebugKotlin,Compiler code analysis,358.56,325.4,340,334,472,418,ms
:domain:task-login:compileDebugKotlin,Run compilation in Gradle worker,1158.26,1060.2,1096,1071,1514,1386,ms
:domain:task-login:compileDebugKotlin,Load current classpath snapshot,5.94,6.4,6,6,11,12,ms
:domain:task-login:compileDebugKotlin,Update caches,2.54,2.5,2,2,4,5,ms
:domain:task-login:compileDebugKotlin,Total Gradle task time,1287.18,1186.66,1228,1181,1636,1570,ms
:domain:task-login:compileDebugKotlin,Shrink and save current classpath snapshot after compilation,40.06,41.84,36,43,62,67,ms
:domain:task-login:compileDebugKotlin,Compiler code generation,157.68,144.3,148,134,219,198,ms
:domain:task-login:compileDebugKotlin,Remove duplicate classes,5.48,5.56,6,5,10,10,ms
:domain:task-login:compileDebugKotlin,Run compilation,1146.0,1051.66,1079,1066,1507,1377,ms
:domain:task-login:compileDebugKotlin,Shrink current classpath snapshot non-incrementally,32.1,33.16,28,33,54,52,ms
:domain:task-login:compileDebugKotlin,Spent time before task action,36.68,35.74,35,33,53,60,ms
:domain:task-login:compileDebugKotlin,Analysis lines per second,1208,1356,1228,1251,1489,1744,
:domain:task-login:compileDebugKotlin,Total size of the cache directory,544.7,544.7,545,545,545,545,KB
:domain:task-login:compileDebugKotlin,Number of cache hits when loading classpath entry snapshots,127,127,127,127,127,127,
:domain:task-login:compileDebugKotlin,Number of lines analyzed,418,418,418,418,418,418,
:domain:task-login:compileDebugKotlin,Size of shrunk classpath snapshot,46.4,46.4,46,46,46,46,KB
:domain:task-login:compileDebugKotlin,Number of cache misses when loading classpath entry snapshots,1,1,1,1,1,1,
:domain:task-login:compileDebugKotlin,Total compiler iteration,1,1,1,1,1,1,
:domain:task-login:compileDebugKotlin,Number of times classpath snapshot is shrunk and saved after compilation,1,1,1,1,1,1,
:domain:task-login:compileDebugKotlin,Number of times classpath snapshot is loaded,1,1,1,1,1,1,
:domain:task-login:compileDebugKotlin,Code generation lines per second,2872,3162,2810,3115,4314,4510,
:domain:task-login:compileDebugKotlin,ABI snapshot size,18.0,18.0,18,18,18,18,B
:domain:task-login:compileDebugKotlin,Size of classpath snapshot,6.6,6.6,7,7,7,7,MB
:domain:task-login:compileDebugKotlin,Number of classpath entries,128,128,128,128,128,128,
:domain:task-login:compileDebugKotlin,Start gradle worker,1.6,2.09,1,1,3,4,ms
:domain:task-login:compileDebugKotlin,Save shrunk current classpath snapshot,2.5,2.0,3,2,3,4,ms
:domain:task-login:compileDebugKotlin,Store build info,2.8,,3,,4,,ms
:domain:task-login:compileDebugKotlin,Clear output,1.5,,2,,2,,ms
:domain:timer-login:compileDebugKotlin,Sources compilation round,985.06,971.28,959,944,1213,1264,ms
:domain:timer-login:compileDebugKotlin,Incremental compilation in daemon,1115.56,1088.0,1091,1033,1385,1386,ms
:domain:timer-login:compileDebugKotlin,Task action before worker execution,20.7,14.16,17,14,24,22,ms
:domain:timer-login:compileDebugKotlin,Start gradle worker,1.74,1.8,1,1,4,4,ms
:domain:timer-login:compileDebugKotlin,Compiler initialization time,43.26,43.12,44,41,62,67,ms
:domain:timer-login:compileDebugKotlin,Calculate output size,2.52,1.52,1,1,6,3,ms
:domain:timer-login:compileDebugKotlin,Compiler IR lowering,86.74,71.62,83,65,116,104,ms
:domain:timer-login:compileDebugKotlin,Compiler translation to IR,269.56,262.38,268,255,358,338,ms
:domain:timer-login:compileDebugKotlin,Compiler backend,66.7,73.22,69,74,90,108,ms
:domain:timer-login:compileDebugKotlin,Compiler code analysis,354.96,362.86,352,337,447,486,ms
:domain:timer-login:compileDebugKotlin,Run compilation in Gradle worker,1152.44,1121.18,1134,1062,1405,1419,ms
:domain:timer-login:compileDebugKotlin,Load current classpath snapshot,6.28,6.32,6,7,12,9,ms
:domain:timer-login:compileDebugKotlin,Update caches,2.24,2.86,2,3,5,6,ms
:domain:timer-login:compileDebugKotlin,Total Gradle task time,1300.88,1252.8,1290,1193,1528,1687,ms
:domain:timer-login:compileDebugKotlin,Shrink and save current classpath snapshot after compilation,53.78,44.3,40,39,74,64,ms
:domain:timer-login:compileDebugKotlin,Compiler code generation,153.84,145.32,149,144,189,200,ms
:domain:timer-login:compileDebugKotlin,Remove duplicate classes,5.36,5.48,5,6,9,9,ms
:domain:timer-login:compileDebugKotlin,Run compilation,1144.42,1116.84,1129,1059,1401,1413,ms
:domain:timer-login:compileDebugKotlin,Shrink current classpath snapshot non-incrementally,45.06,35.4,31,30,57,55,ms
:domain:timer-login:compileDebugKotlin,Spent time before task action,42.82,43.84,41,38,59,58,ms
:domain:timer-login:compileDebugKotlin,Analysis lines per second,1213,1237,1187,1239,1552,1638,
:domain:timer-login:compileDebugKotlin,Total size of the cache directory,545.1,545.1,545,545,545,545,KB
:domain:timer-login:compileDebugKotlin,Number of cache hits when loading classpath entry snapshots,145,145,145,145,145,145,
:domain:timer-login:compileDebugKotlin,Number of lines analyzed,418,418,418,418,418,418,
:domain:timer-login:compileDebugKotlin,Size of shrunk classpath snapshot,46.4,46.4,46,46,46,46,KB
:domain:timer-login:compileDebugKotlin,Number of cache misses when loading classpath entry snapshots,1,1,1,1,1,1,
:domain:timer-login:compileDebugKotlin,Total compiler iteration,1,1,1,1,1,1,
:domain:timer-login:compileDebugKotlin,Number of times classpath snapshot is shrunk and saved after compilation,1,1,1,1,1,1,
:domain:timer-login:compileDebugKotlin,Number of times classpath snapshot is loaded,1,1,1,1,1,1,
:domain:timer-login:compileDebugKotlin,Code generation lines per second,2896,3037,2800,2891,4085,3990,
:domain:timer-login:compileDebugKotlin,ABI snapshot size,18.0,18.0,18,18,18,18,B
:domain:timer-login:compileDebugKotlin,Size of classpath snapshot,7.1,7.1,7,7,7,7,MB
:domain:timer-login:compileDebugKotlin,Number of classpath entries,146,146,146,146,146,146,
:domain:timer-login:compileDebugKotlin,Save shrunk current classpath snapshot,3.2,5.0,2,3,7,19,ms
:domain:timer-login:compileDebugKotlin,Store build info,3.0,1.33,3,1,5,2,ms
:domain:timer-login:compileDebugKotlin,Clear output,1.33,6.0,1,6,2,6,ms
:domain:todo-login:compileDebugKotlin,Sources compilation round,1067.38,1018.06,1045,1001,1275,1376,ms
:domain:todo-login:compileDebugKotlin,Incremental compilation in daemon,1180.38,1129.8,1155,1129,1409,1493,ms
:domain:todo-login:compileDebugKotlin,Task action before worker execution,15.34,17.98,13,15,22,25,ms
:domain:todo-login:compileDebugKotlin,Start gradle worker,1.69,2.04,1,1,3,5,ms
:domain:todo-login:compileDebugKotlin,Compiler initialization time,50.7,53.8,47,49,75,87,ms
:domain:todo-login:compileDebugKotlin,Calculate output size,1.96,1.98,1,1,4,5,ms
:domain:todo-login:compileDebugKotlin,Compiler IR lowering,87.8,87.98,90,81,131,134,ms
:domain:todo-login:compileDebugKotlin,Compiler translation to IR,284.54,267.92,275,258,357,356,ms
:domain:todo-login:compileDebugKotlin,Compiler backend,82.56,73.1,77,75,128,101,ms
:domain:todo-login:compileDebugKotlin,Compiler code analysis,382.4,372.02,386,356,499,500,ms
:domain:todo-login:compileDebugKotlin,Run compilation in Gradle worker,1219.66,1171.6,1190,1174,1470,1568,ms
:domain:todo-login:compileDebugKotlin,Load current classpath snapshot,6.12,5.88,6,5,11,11,ms
:domain:todo-login:compileDebugKotlin,Update caches,2.56,3.26,2,3,5,6,ms
:domain:todo-login:compileDebugKotlin,Total Gradle task time,1343.42,1297.26,1334,1278,1652,1678,ms
:domain:todo-login:compileDebugKotlin,Shrink and save current classpath snapshot after compilation,42.24,38.36,37,35,68,63,ms
:domain:todo-login:compileDebugKotlin,Compiler code generation,170.78,161.6,162,153,228,234,ms
:domain:todo-login:compileDebugKotlin,Remove duplicate classes,5.32,5.24,5,5,10,9,ms
:domain:todo-login:compileDebugKotlin,Run compilation,1208.1,1163.2,1186,1165,1446,1533,ms
:domain:todo-login:compileDebugKotlin,Shrink current classpath snapshot non-incrementally,34.14,30.06,29,27,56,48,ms
:domain:todo-login:compileDebugKotlin,Spent time before task action,36.1,36.16,35,37,58,57,ms
:domain:todo-login:compileDebugKotlin,Analysis lines per second,1166,1206,1083,1173,1550,1639,
:domain:todo-login:compileDebugKotlin,Total size of the cache directory,544.7,544.7,545,545,545,545,KB
:domain:todo-login:compileDebugKotlin,Number of cache hits when loading classpath entry snapshots,121,121,121,121,121,121,
:domain:todo-login:compileDebugKotlin,Number of lines analyzed,418,418,418,418,418,418,
:domain:todo-login:compileDebugKotlin,Size of shrunk classpath snapshot,46.4,46.4,46,46,46,46,KB
:domain:todo-login:compileDebugKotlin,Number of cache misses when loading classpath entry snapshots,1,1,1,1,1,1,
:domain:todo-login:compileDebugKotlin,Total compiler iteration,1,1,1,1,1,1,
:domain:todo-login:compileDebugKotlin,Number of times classpath snapshot is shrunk and saved after compilation,1,1,1,1,1,1,
:domain:todo-login:compileDebugKotlin,Number of times classpath snapshot is loaded,1,1,1,1,1,1,
:domain:todo-login:compileDebugKotlin,Code generation lines per second,2668,2853,2578,2733,4007,4392,
:domain:todo-login:compileDebugKotlin,ABI snapshot size,18.0,18.0,18,18,18,18,B
:domain:todo-login:compileDebugKotlin,Size of classpath snapshot,6.4,6.4,6,6,6,6,MB
:domain:todo-login:compileDebugKotlin,Number of classpath entries,122,122,122,122,122,122,
:domain:todo-login:compileDebugKotlin,Save shrunk current classpath snapshot,1.0,1.0,1,1,1,1,ms
:domain:todo-login:compileDebugKotlin,Store build info,4.0,1.0,4,1,6,1,ms
:domain:todo-login:compileDebugKotlin,Clear output,1.0,1.5,1,2,1,2,ms
:domain:user-login:compileDebugKotlin,Sources compilation round,984.62,920.28,1020,926,1195,1131,ms
:domain:user-login:compileDebugKotlin,Incremental compilation in daemon,1085.08,1017.44,1113,1034,1285,1226,ms
:domain:user-login:compileDebugKotlin,Task action before worker execution,13.5,13.28,14,14,19,22,ms
:domain:user-login:compileDebugKotlin,Start gradle worker,2.07,1.79,1,1,5,3,ms
:domain:user-login:compileDebugKotlin,Compiler initialization time,47.98,43.04,45,39,72,72,ms
:domain:user-login:compileDebugKotlin,Calculate output size,1.48,1.69,1,1,4,3,ms
:domain:user-login:compileDebugKotlin,Compiler IR lowering,76.62,80.2,72,72,107,126,ms
:domain:user-login:compileDebugKotlin,Compiler translation to IR,272.62,266.92,275,241,344,363,ms
:domain:user-login:compileDebugKotlin,Compiler backend,58.68,61.96,53,60,86,89,ms
:domain:user-login:compileDebugKotlin,Compiler code analysis,365.38,329.46,344,322,487,434,ms
:domain:user-login:compileDebugKotlin,Run compilation in Gradle worker,1123.62,1048.54,1154,1068,1327,1264,ms
:domain:user-login:compileDebugKotlin,Load current classpath snapshot,4.5,4.48,3,4,8,8,ms
:domain:user-login:compileDebugKotlin,Update caches,2.2,2.2,2,2,4,4,ms
:domain:user-login:compileDebugKotlin,Total Gradle task time,1255.9,1167.58,1265,1205,1474,1405,ms
:domain:user-login:compileDebugKotlin,Shrink and save current classpath snapshot after compilation,32.8,31.74,30,29,52,50,ms
:domain:user-login:compileDebugKotlin,Compiler code generation,135.84,142.6,130,136,178,214,ms
:domain:user-login:compileDebugKotlin,Remove duplicate classes,4.06,4.08,3,3,7,8,ms
:domain:user-login:compileDebugKotlin,Run compilation,1112.68,1043.46,1147,1057,1323,1260,ms
:domain:user-login:compileDebugKotlin,Shrink current classpath snapshot non-incrementally,26.36,25.4,23,22,42,40,ms
:domain:user-login:compileDebugKotlin,Spent time before task action,39.34,34.32,37,32,59,51,ms
:domain:user-login:compileDebugKotlin,Analysis lines per second,1198,1358,1214,1297,1519,1835,
:domain:user-login:compileDebugKotlin,Total size of the cache directory,544.7,544.7,545,545,545,545,KB
:domain:user-login:compileDebugKotlin,Number of cache hits when loading classpath entry snapshots,112,112,112,112,112,112,
:domain:user-login:compileDebugKotlin,Number of lines analyzed,418,418,418,418,418,418,
:domain:user-login:compileDebugKotlin,Size of shrunk classpath snapshot,46.4,46.4,46,46,46,46,KB
:domain:user-login:compileDebugKotlin,Number of cache misses when loading classpath entry snapshots,1,1,1,1,1,1,
:domain:user-login:compileDebugKotlin,Total compiler iteration,1,1,1,1,1,1,
:domain:user-login:compileDebugKotlin,Number of times classpath snapshot is shrunk and saved after compilation,1,1,1,1,1,1,
:domain:user-login:compileDebugKotlin,Number of times classpath snapshot is loaded,1,1,1,1,1,1,
:domain:user-login:compileDebugKotlin,Code generation lines per second,3288,3244,3223,3061,4391,4793,
:domain:user-login:compileDebugKotlin,ABI snapshot size,18.0,18.0,18,18,18,18,B
:domain:user-login:compileDebugKotlin,Size of classpath snapshot,6.1,6.1,6,6,6,6,MB
:domain:user-login:compileDebugKotlin,Number of classpath entries,113,113,113,113,113,113,
:domain:user-login:compileDebugKotlin,Save shrunk current classpath snapshot,3.0,1.67,3,1,5,3,ms
:domain:user-login:compileDebugKotlin,Clear output,2.0,1.0,2,1,3,1,ms
:domain:user-login:compileDebugKotlin,Store build info,1.0,2.0,1,2,1,3,ms
:domain:user-login:compileDebugKotlin,Clear outputs on rebuild,1.0,,1,,1,,ms
:domain:video-login:compileDebugKotlin,Sources compilation round,950.92,943.54,954,931,1209,1208,ms
:domain:video-login:compileDebugKotlin,Incremental compilation in daemon,1059.64,1047.82,1040,1030,1317,1292,ms
:domain:video-login:compileDebugKotlin,Task action before worker execution,13.36,14.14,12,11,23,23,ms
:domain:video-login:compileDebugKotlin,Start gradle worker,3.0,1.5,1,1,4,3,ms
:domain:video-login:compileDebugKotlin,Compiler initialization time,57.2,50.76,52,46,88,74,ms
:domain:video-login:compileDebugKotlin,Calculate output size,1.68,1.65,1,1,4,3,ms
:domain:video-login:compileDebugKotlin,Compiler IR lowering,85.18,84.16,84,72,114,122,ms
:domain:video-login:compileDebugKotlin,Compiler translation to IR,249.96,265.08,252,235,334,341,ms
:domain:video-login:compileDebugKotlin,Compiler backend,65.76,65.28,62,59,94,95,ms
:domain:video-login:compileDebugKotlin,Compiler code analysis,348.68,339.36,331,321,463,475,ms
:domain:video-login:compileDebugKotlin,Run compilation in Gradle worker,1102.56,1085.88,1092,1073,1369,1333,ms
:domain:video-login:compileDebugKotlin,Load current classpath snapshot,5.5,5.92,5,6,10,10,ms
:domain:video-login:compileDebugKotlin,Update caches,2.2,2.32,2,2,5,5,ms
:domain:video-login:compileDebugKotlin,Total Gradle task time,1233.42,1200.58,1204,1164,1535,1480,ms
:domain:video-login:compileDebugKotlin,Shrink and save current classpath snapshot after compilation,40.1,40.74,34,34,64,66,ms
:domain:video-login:compileDebugKotlin,Compiler code generation,151.52,149.92,145,136,207,216,ms
:domain:video-login:compileDebugKotlin,Remove duplicate classes,5.08,5.4,4,5,9,9,ms
:domain:video-login:compileDebugKotlin,Run compilation,1091.18,1078.26,1071,1054,1348,1329,ms
:domain:video-login:compileDebugKotlin,Shrink current classpath snapshot non-incrementally,32.52,32.74,27,27,52,56,ms
:domain:video-login:compileDebugKotlin,Spent time before task action,34.54,31.78,30,30,61,49,ms
:domain:video-login:compileDebugKotlin,Analysis lines per second,1253,1287,1264,1300,1608,1638,
:domain:video-login:compileDebugKotlin,Total size of the cache directory,545.1,545.1,545,545,545,545,KB
:domain:video-login:compileDebugKotlin,Number of cache hits when loading classpath entry snapshots,141,141,141,141,141,141,
:domain:video-login:compileDebugKotlin,Number of lines analyzed,418,418,418,418,418,418,
:domain:video-login:compileDebugKotlin,Size of shrunk classpath snapshot,46.4,46.4,46,46,46,46,KB
:domain:video-login:compileDebugKotlin,Number of cache misses when loading classpath entry snapshots,1,1,1,1,1,1,
:domain:video-login:compileDebugKotlin,Total compiler iteration,1,1,1,1,1,1,
:domain:video-login:compileDebugKotlin,Number of times classpath snapshot is shrunk and saved after compilation,1,1,1,1,1,1,
:domain:video-login:compileDebugKotlin,Number of times classpath snapshot is loaded,1,1,1,1,1,1,
:domain:video-login:compileDebugKotlin,Code generation lines per second,3002,3067,2889,3062,4403,4293,
:domain:video-login:compileDebugKotlin,ABI snapshot size,18.0,18.0,18,18,18,18,B
:domain:video-login:compileDebugKotlin,Size of classpath snapshot,7.0,7.0,7,7,7,7,MB
:domain:video-login:compileDebugKotlin,Number of classpath entries,142,142,142,142,142,142,
:domain:video-login:compileDebugKotlin,Save shrunk current classpath snapshot,2.33,2.67,2,3,5,3,ms
:domain:video-login:compileDebugKotlin,Store build info,2.0,3.67,2,3,3,6,ms
:domain:video-login:compileDebugKotlin,Generate compiler reference index,3.0,,3,,3,,ms
:domain:video-login:compileDebugKotlin,Clear outputs on rebuild,1.0,,1,,1,,ms
:domain:weather-login:compileDebugKotlin,Sources compilation round,990.44,919.3,960,901,1237,1110,ms
:domain:weather-login:compileDebugKotlin,Incremental compilation in daemon,1099.72,1029.42,1102,1022,1351,1207,ms
:domain:weather-login:compileDebugKotlin,Task action before worker execution,14.64,13.82,15,13,22,20,ms
:domain:weather-login:compileDebugKotlin,Start gradle worker,1.72,1.81,1,1,3,3,ms
:domain:weather-login:compileDebugKotlin,Compiler initialization time,46.58,40.78,42,38,76,66,ms
:domain:weather-login:compileDebugKotlin,Calculate output size,2.0,1.73,1,1,4,4,ms
:domain:weather-login:compileDebugKotlin,Compiler IR lowering,82.84,71.5,79,68,121,102,ms
:domain:weather-login:compileDebugKotlin,Compiler translation to IR,263.98,248.38,258,249,343,327,ms
:domain:weather-login:compileDebugKotlin,Compiler backend,68.68,59.58,67,57,94,87,ms
:domain:weather-login:compileDebugKotlin,Compiler code analysis,372.28,345.52,367,327,491,457,ms
:domain:weather-login:compileDebugKotlin,Run compilation in Gradle worker,1138.02,1064.7,1131,1053,1390,1257,ms
:domain:weather-login:compileDebugKotlin,Load current classpath snapshot,5.44,4.22,5,3,9,9,ms
:domain:weather-login:compileDebugKotlin,Update caches,1.74,1.72,1,1,4,4,ms
:domain:weather-login:compileDebugKotlin,Total Gradle task time,1271.16,1186.94,1254,1153,1520,1396,ms
:domain:weather-login:compileDebugKotlin,Shrink and save current classpath snapshot after compilation,42.4,36.92,36,29,64,59,ms
:domain:weather-login:compileDebugKotlin,Compiler code generation,151.86,131.58,150,127,198,186,ms
:domain:weather-login:compileDebugKotlin,Remove duplicate classes,4.74,3.68,5,3,8,7,ms
:domain:weather-login:compileDebugKotlin,Run compilation,1128.64,1058.34,1127,1050,1387,1238,ms
:domain:weather-login:compileDebugKotlin,Shrink current classpath snapshot non-incrementally,34.64,30.46,29,23,53,48,ms
:domain:weather-login:compileDebugKotlin,Spent time before task action,38.22,35.5,39,34,57,50,ms
:domain:weather-login:compileDebugKotlin,Analysis lines per second,1171,1271,1138,1278,1484,1730,
:domain:weather-login:compileDebugKotlin,Total size of the cache directory,545.8,545.8,546,546,546,546,KB
:domain:weather-login:compileDebugKotlin,Number of cache hits when loading classpath entry snapshots,125,125,125,125,125,125,
:domain:weather-login:compileDebugKotlin,Number of lines analyzed,418,418,418,418,418,418,
:domain:weather-login:compileDebugKotlin,Size of shrunk classpath snapshot,46.4,46.4,46,46,46,46,KB
:domain:weather-login:compileDebugKotlin,Number of cache misses when loading classpath entry snapshots,1,1,1,1,1,1,
:domain:weather-login:compileDebugKotlin,Total compiler iteration,1,1,1,1,1,1,
:domain:weather-login:compileDebugKotlin,Number of times classpath snapshot is shrunk and saved after compilation,1,1,1,1,1,1,
:domain:weather-login:compileDebugKotlin,Number of times classpath snapshot is loaded,1,1,1,1,1,1,
:domain:weather-login:compileDebugKotlin,Code generation lines per second,2965,3425,2781,3292,4293,4828,
:domain:weather-login:compileDebugKotlin,ABI snapshot size,18.0,18.0,18,18,18,18,B
:domain:weather-login:compileDebugKotlin,Size of classpath snapshot,6.5,6.5,7,7,7,7,MB
:domain:weather-login:compileDebugKotlin,Number of classpath entries,126,126,126,126,126,126,
:domain:weather-login:compileDebugKotlin,Save shrunk current classpath snapshot,3.0,3.67,3,3,5,5,ms
:domain:weather-login:compileDebugKotlin,Clear outputs on rebuild,1.0,,1,,1,,ms
:feature:account-contact:compileDebugKotlin,Sources compilation round,1757.5,1618.56,1764,1617,2259,1920,ms
:feature:account-contact:compileDebugKotlin,Incremental compilation in daemon,1954.12,1823.22,1944,1811,2496,2240,ms
:feature:account-contact:compileDebugKotlin,Task action before worker execution,21.78,20.14,20,21,32,30,ms
:feature:account-contact:compileDebugKotlin,Start gradle worker,2.6,2.96,2,2,5,7,ms
:feature:account-contact:compileDebugKotlin,Compiler initialization time,64.66,60.94,63,59,101,83,ms
:feature:account-contact:compileDebugKotlin,Calculate output size,2.82,3.42,3,3,6,8,ms
:feature:account-contact:compileDebugKotlin,Compiler IR lowering,187.5,162.84,173,157,293,254,ms
:feature:account-contact:compileDebugKotlin,Compiler translation to IR,399.62,357.84,382,360,535,454,ms
:feature:account-contact:compileDebugKotlin,Compiler backend,172.22,157.7,154,148,298,254,ms
:feature:account-contact:compileDebugKotlin,Compiler code analysis,682.76,643.76,674,653,860,813,ms
:feature:account-contact:compileDebugKotlin,Run compilation in Gradle worker,2017.2,1875.26,2012,1856,2551,2297,ms
:feature:account-contact:compileDebugKotlin,Load current classpath snapshot,18.32,10.88,10,11,29,17,ms
:feature:account-contact:compileDebugKotlin,Update caches,3.42,3.74,2,3,6,7,ms
:feature:account-contact:compileDebugKotlin,Total Gradle task time,2214.38,2070.32,2207,2036,2743,2503,ms
:feature:account-contact:compileDebugKotlin,Shrink and save current classpath snapshot after compilation,71.66,62.5,61,57,111,95,ms
:feature:account-contact:compileDebugKotlin,Compiler code generation,360.24,321.26,342,309,525,471,ms
:feature:account-contact:compileDebugKotlin,Remove duplicate classes,10.48,7.22,6,6,12,12,ms
:feature:account-contact:compileDebugKotlin,Run compilation,2001.64,1863.88,1996,1852,2544,2289,ms
:feature:account-contact:compileDebugKotlin,Shrink current classpath snapshot non-incrementally,49.68,48.54,45,43,81,80,ms
:feature:account-contact:compileDebugKotlin,Save shrunk current classpath snapshot,3.22,2.13,2,2,10,4,ms
:feature:account-contact:compileDebugKotlin,Spent time before task action,66.12,67.0,69,65,86,91,ms
:feature:account-contact:compileDebugKotlin,Analysis lines per second,630,683,620,640,793,895,
:feature:account-contact:compileDebugKotlin,Total size of the cache directory,546.4,546.4,546,546,546,546,KB
:feature:account-contact:compileDebugKotlin,Number of cache hits when loading classpath entry snapshots,120,120,121,121,121,121,
:feature:account-contact:compileDebugKotlin,Number of lines analyzed,418,418,418,418,418,418,
:feature:account-contact:compileDebugKotlin,Size of shrunk classpath snapshot,46.4,46.4,46,46,46,46,KB
:feature:account-contact:compileDebugKotlin,Number of cache misses when loading classpath entry snapshots,6,6,6,6,11,6,
:feature:account-contact:compileDebugKotlin,Total compiler iteration,1,1,1,1,1,1,
:feature:account-contact:compileDebugKotlin,Number of times classpath snapshot is shrunk and saved after compilation,1,1,1,1,1,1,
:feature:account-contact:compileDebugKotlin,Number of times classpath snapshot is loaded,1,1,1,1,1,1,
:feature:account-contact:compileDebugKotlin,Code generation lines per second,1300,1444,1220,1353,1993,2209,
:feature:account-contact:compileDebugKotlin,ABI snapshot size,18.0,18.0,18,18,18,18,B
:feature:account-contact:compileDebugKotlin,Size of classpath snapshot,6.5,6.5,7,7,7,7,MB
:feature:account-contact:compileDebugKotlin,Number of classpath entries,127,127,127,127,127,127,
:feature:account-contact:compileDebugKotlin,Clear outputs on rebuild,1.5,1.0,2,1,2,1,ms
:feature:alarm-contact:compileDebugKotlin,Sources compilation round,1632.14,1553.64,1619,1576,1980,1966,ms
:feature:alarm-contact:compileDebugKotlin,Incremental compilation in daemon,1809.48,1698.58,1816,1702,2124,2198,ms
:feature:alarm-contact:compileDebugKotlin,Task action before worker execution,64.38,62.7,62,63,91,87,ms
:feature:alarm-contact:compileDebugKotlin,Start gradle worker,2.92,3.12,2,2,6,8,ms
:feature:alarm-contact:compileDebugKotlin,Compiler initialization time,63.72,72.16,57,68,95,123,ms
:feature:alarm-contact:compileDebugKotlin,Calculate output size,3.08,2.45,3,2,6,4,ms
:feature:alarm-contact:compileDebugKotlin,Compiler IR lowering,150.3,156.54,149,148,207,237,ms
:feature:alarm-contact:compileDebugKotlin,Compiler translation to IR,389.8,373.7,351,365,522,511,ms
:feature:alarm-contact:compileDebugKotlin,Compiler backend,139.14,145.46,139,129,194,205,ms
:feature:alarm-contact:compileDebugKotlin,Compiler code analysis,649.48,588.78,648,578,837,719,ms
:feature:alarm-contact:compileDebugKotlin,Run compilation in Gradle worker,1907.28,1778.0,1880,1759,2470,2274,ms
:feature:alarm-contact:compileDebugKotlin,Load current classpath snapshot,8.58,7.96,9,8,14,12,ms
:feature:alarm-contact:compileDebugKotlin,Update caches,3.84,3.72,3,2,8,8,ms
:feature:alarm-contact:compileDebugKotlin,Total Gradle task time,2147.58,1984.7,2112,1985,2696,2528,ms
:feature:alarm-contact:compileDebugKotlin,Shrink and save current classpath snapshot after compilation,59.38,51.22,57,50,86,76,ms
:feature:alarm-contact:compileDebugKotlin,Compiler code generation,289.88,302.46,299,281,394,419,ms
:feature:alarm-contact:compileDebugKotlin,Remove duplicate classes,7.3,6.62,7,6,11,11,ms
:feature:alarm-contact:compileDebugKotlin,Run compilation,1889.84,1763.1,1870,1747,2447,2257,ms
:feature:alarm-contact:compileDebugKotlin,Shrink current classpath snapshot non-incrementally,47.68,40.3,47,40,70,62,ms
:feature:alarm-contact:compileDebugKotlin,Spent time before task action,58.56,52.5,56,48,85,71,ms
:feature:alarm-contact:compileDebugKotlin,Analysis lines per second,670,743,644,722,873,960,
:feature:alarm-contact:compileDebugKotlin,Total size of the cache directory,545.7,545.7,546,546,546,546,KB
:feature:alarm-contact:compileDebugKotlin,Number of cache hits when loading classpath entry snapshots,135,135,135,135,135,135,
:feature:alarm-contact:compileDebugKotlin,Number of lines analyzed,418,418,418,418,418,418,
:feature:alarm-contact:compileDebugKotlin,Size of shrunk classpath snapshot,46.4,46.4,46,46,46,46,KB
:feature:alarm-contact:compileDebugKotlin,Number of cache misses when loading classpath entry snapshots,1,1,1,1,1,1,
:feature:alarm-contact:compileDebugKotlin,Total compiler iteration,1,1,1,1,1,1,
:feature:alarm-contact:compileDebugKotlin,Number of times classpath snapshot is shrunk and saved after compilation,1,1,1,1,1,1,
:feature:alarm-contact:compileDebugKotlin,Number of times classpath snapshot is loaded,1,1,1,1,1,1,
:feature:alarm-contact:compileDebugKotlin,Code generation lines per second,1546,1575,1397,1487,2233,2656,
:feature:alarm-contact:compileDebugKotlin,ABI snapshot size,18.0,18.0,18,18,18,18,B
:feature:alarm-contact:compileDebugKotlin,Size of classpath snapshot,6.7,6.7,7,7,7,7,MB
:feature:alarm-contact:compileDebugKotlin,Number of classpath entries,136,136,136,136,136,136,
:feature:alarm-contact:compileDebugKotlin,Save shrunk current classpath snapshot,2.25,2.43,1,3,7,4,ms
:feature:alarm-contact:compileDebugKotlin,Clear output,1.0,2.0,1,2,1,2,ms
:feature:alarm-contact:compileDebugKotlin,Store build info,5.8,4.0,6,4,14,4,ms
:feature:analytics-contact:compileDebugKotlin,Sources compilation round,1225.46,1146.06,1184,1135,1592,1411,ms
:feature:analytics-contact:compileDebugKotlin,Incremental compilation in daemon,1355.38,1271.66,1309,1231,1712,1553,ms
:feature:analytics-contact:compileDebugKotlin,Task action before worker execution,16.78,15.22,13,16,27,22,ms
:feature:analytics-contact:compileDebugKotlin,Start gradle worker,1.79,3.53,1,1,3,6,ms
:feature:analytics-contact:compileDebugKotlin,Compiler initialization time,58.16,49.08,51,47,95,80,ms
:feature:analytics-contact:compileDebugKotlin,Calculate output size,1.89,2.37,1,1,4,5,ms
:feature:analytics-contact:compileDebugKotlin,Compiler IR lowering,123.9,107.64,121,112,186,161,ms
:feature:analytics-contact:compileDebugKotlin,Compiler translation to IR,307.94,298.34,315,278,415,382,ms
:feature:analytics-contact:compileDebugKotlin,Compiler backend,98.16,98.62,92,100,140,162,ms
:feature:analytics-contact:compileDebugKotlin,Compiler code analysis,443.54,414.6,421,411,613,547,ms
:feature:analytics-contact:compileDebugKotlin,Run compilation in Gradle worker,1410.94,1313.32,1366,1254,1851,1589,ms
:feature:analytics-contact:compileDebugKotlin,Load current classpath snapshot,6.68,6.52,6,6,12,10,ms
:feature:analytics-contact:compileDebugKotlin,Update caches,4.42,3.42,2,2,6,7,ms
:feature:analytics-contact:compileDebugKotlin,Total Gradle task time,1563.12,1447.6,1526,1391,2095,1750,ms
:feature:analytics-contact:compileDebugKotlin,Shrink and save current classpath snapshot after compilation,48.62,45.26,45,41,84,75,ms
:feature:analytics-contact:compileDebugKotlin,Compiler code generation,222.64,206.8,223,219,325,297,ms
:feature:analytics-contact:compileDebugKotlin,Remove duplicate classes,5.86,5.56,6,5,10,10,ms
:feature:analytics-contact:compileDebugKotlin,Run compilation,1389.02,1301.02,1358,1249,1758,1578,ms
:feature:analytics-contact:compileDebugKotlin,Shrink current classpath snapshot non-incrementally,39.66,36.26,33,32,70,59,ms
:feature:analytics-contact:compileDebugKotlin,Spent time before task action,41.84,42.02,42,41,66,63,ms
:feature:analytics-contact:compileDebugKotlin,Analysis lines per second,980,1046,991,1017,1239,1381,
:feature:analytics-contact:compileDebugKotlin,Total size of the cache directory,563.2,563.2,563,563,563,563,KB
:feature:analytics-contact:compileDebugKotlin,Number of cache hits when loading classpath entry snapshots,142,142,142,142,142,142,
:feature:analytics-contact:compileDebugKotlin,Number of lines analyzed,418,418,418,418,418,418,
:feature:analytics-contact:compileDebugKotlin,Size of shrunk classpath snapshot,46.4,46.4,46,46,46,46,KB
:feature:analytics-contact:compileDebugKotlin,Number of cache misses when loading classpath entry snapshots,1,1,1,1,1,1,
:feature:analytics-contact:compileDebugKotlin,Total compiler iteration,1,1,1,1,1,1,
:feature:analytics-contact:compileDebugKotlin,Number of times classpath snapshot is shrunk and saved after compilation,1,1,1,1,1,1,
:feature:analytics-contact:compileDebugKotlin,Number of times classpath snapshot is loaded,1,1,1,1,1,1,
:feature:analytics-contact:compileDebugKotlin,Code generation lines per second,2095,2231,1875,1903,3382,3422,
:feature:analytics-contact:compileDebugKotlin,ABI snapshot size,18.0,18.0,18,18,18,18,B
:feature:analytics-contact:compileDebugKotlin,Size of classpath snapshot,6.9,6.9,7,7,7,7,MB
:feature:analytics-contact:compileDebugKotlin,Number of classpath entries,143,143,143,143,143,143,
:feature:analytics-contact:compileDebugKotlin,Store build info,3.0,3.0,3,3,6,3,ms
:feature:analytics-contact:compileDebugKotlin,Save shrunk current classpath snapshot,2.5,2.17,3,2,4,3,ms
:feature:analytics-contact:compileDebugKotlin,Clear output,5.0,,5,,5,,ms
:feature:article-contact:compileDebugKotlin,Sources compilation round,1472.6,1471.36,1466,1441,1737,1935,ms
:feature:article-contact:compileDebugKotlin,Incremental compilation in daemon,1611.72,1617.6,1602,1588,1937,2115,ms
:feature:article-contact:compileDebugKotlin,Task action before worker execution,27.26,19.54,18,17,35,27,ms
:feature:article-contact:compileDebugKotlin,Start gradle worker,2.0,3.74,1,1,5,5,ms
:feature:article-contact:compileDebugKotlin,Compiler initialization time,71.72,82.12,64,81,112,120,ms
:feature:article-contact:compileDebugKotlin,Calculate output size,2.51,2.5,2,1,5,5,ms
:feature:article-contact:compileDebugKotlin,Compiler IR lowering,142.36,130.2,134,125,205,210,ms
:feature:article-contact:compileDebugKotlin,Compiler translation to IR,341.7,353.22,333,323,399,451,ms
:feature:article-contact:compileDebugKotlin,Compiler backend,128.5,120.7,134,123,164,192,ms
:feature:article-contact:compileDebugKotlin,Compiler code analysis,587.32,574.82,594,556,753,794,ms
:feature:article-contact:compileDebugKotlin,Run compilation in Gradle worker,1698.86,1686.8,1662,1665,2014,2202,ms
:feature:article-contact:compileDebugKotlin,Load current classpath snapshot,7.12,7.54,7,7,12,13,ms
:feature:article-contact:compileDebugKotlin,Update caches,3.28,2.44,2,2,5,4,ms
:feature:article-contact:compileDebugKotlin,Total Gradle task time,1862.22,1849.36,1855,1839,2235,2401,ms
:feature:article-contact:compileDebugKotlin,Shrink and save current classpath snapshot after compilation,51.1,51.5,54,51,75,80,ms
:feature:article-contact:compileDebugKotlin,Compiler code generation,271.28,251.48,271,248,366,343,ms
:feature:article-contact:compileDebugKotlin,Remove duplicate classes,5.86,5.86,6,6,9,9,ms
:feature:article-contact:compileDebugKotlin,Run compilation,1667.16,1659.84,1649,1628,1985,2193,ms
:feature:article-contact:compileDebugKotlin,Shrink current classpath snapshot non-incrementally,41.04,40.54,42,40,65,65,ms
:feature:article-contact:compileDebugKotlin,Spent time before task action,54.74,48.3,47,45,93,73,ms
:feature:article-contact:compileDebugKotlin,Analysis lines per second,739,769,703,751,992,998,
:feature:article-contact:compileDebugKotlin,Total size of the cache directory,546.4,546.4,546,546,546,546,KB
:feature:article-contact:compileDebugKotlin,Number of cache hits when loading classpath entry snapshots,141,141,141,141,141,141,
:feature:article-contact:compileDebugKotlin,Number of lines analyzed,418,418,418,418,418,418,
:feature:article-contact:compileDebugKotlin,Size of shrunk classpath snapshot,46.4,46.4,46,46,46,46,KB
:feature:article-contact:compileDebugKotlin,Number of cache misses when loading classpath entry snapshots,1,1,1,1,1,1,
:feature:article-contact:compileDebugKotlin,Total compiler iteration,1,1,1,1,1,1,
:feature:article-contact:compileDebugKotlin,Number of times classpath snapshot is shrunk and saved after compilation,1,1,1,1,1,1,
:feature:article-contact:compileDebugKotlin,Number of times classpath snapshot is loaded,1,1,1,1,1,1,
:feature:article-contact:compileDebugKotlin,Code generation lines per second,1626,1816,1541,1686,2193,2794,
:feature:article-contact:compileDebugKotlin,ABI snapshot size,18.0,18.0,18,18,18,18,B
:feature:article-contact:compileDebugKotlin,Size of classpath snapshot,6.9,6.9,7,7,7,7,MB
:feature:article-contact:compileDebugKotlin,Number of classpath entries,142,142,142,142,142,142,
:feature:article-contact:compileDebugKotlin,Store build info,3.25,,3,,6,,ms
:feature:article-contact:compileDebugKotlin,Save shrunk current classpath snapshot,2.5,3.56,2,3,5,10,ms
:feature:article-contact:compileDebugKotlin,Clear outputs on rebuild,3.5,1.0,4,1,5,1,ms
:feature:audio-contact:compileDebugKotlin,Sources compilation round,1408.4,1364.34,1343,1265,1836,1809,ms
:feature:audio-contact:compileDebugKotlin,Incremental compilation in daemon,1540.36,1501.8,1456,1402,1964,1950,ms
:feature:audio-contact:compileDebugKotlin,Task action before worker execution,19.76,18.64,21,18,28,30,ms
:feature:audio-contact:compileDebugKotlin,Start gradle worker,2.63,2.7,2,2,6,6,ms
:feature:audio-contact:compileDebugKotlin,Compiler initialization time,60.46,72.06,54,58,91,87,ms
:feature:audio-contact:compileDebugKotlin,Calculate output size,2.31,2.19,1,1,5,4,ms
:feature:audio-contact:compileDebugKotlin,Compiler IR lowering,121.18,123.68,123,122,190,168,ms
:feature:audio-contact:compileDebugKotlin,Compiler translation to IR,362.72,340.5,324,325,468,418,ms
:feature:audio-contact:compileDebugKotlin,Compiler backend,110.96,127.12,110,101,152,180,ms
:feature:audio-contact:compileDebugKotlin,Compiler code analysis,526.16,475.54,502,475,667,587,ms
:feature:audio-contact:compileDebugKotlin,Run compilation in Gradle worker,1596.26,1568.78,1492,1450,2112,2074,ms
:feature:audio-contact:compileDebugKotlin,Load current classpath snapshot,6.58,5.98,6,5,13,12,ms
:feature:audio-contact:compileDebugKotlin,Update caches,3.16,2.94,2,2,6,5,ms
:feature:audio-contact:compileDebugKotlin,Total Gradle task time,1761.68,1719.48,1678,1605,2324,2226,ms
:feature:audio-contact:compileDebugKotlin,Shrink and save current classpath snapshot after compilation,44.58,44.36,46,44,74,74,ms
:feature:audio-contact:compileDebugKotlin,Compiler code generation,232.72,251.16,234,225,339,353,ms
:feature:audio-contact:compileDebugKotlin,Remove duplicate classes,4.9,4.96,5,5,9,9,ms
:feature:audio-contact:compileDebugKotlin,Run compilation,1577.4,1558.64,1488,1445,1998,2061,ms
:feature:audio-contact:compileDebugKotlin,Shrink current classpath snapshot non-incrementally,35.72,35.58,38,35,58,59,ms
:feature:audio-contact:compileDebugKotlin,Spent time before task action,53.98,50.38,49,48,78,76,ms
:feature:audio-contact:compileDebugKotlin,Analysis lines per second,841,921,833,878,1089,1243,
:feature:audio-contact:compileDebugKotlin,Total size of the cache directory,545.7,545.7,546,546,546,546,KB
:feature:audio-contact:compileDebugKotlin,Number of cache hits when loading classpath entry snapshots,108,108,108,108,108,108,
:feature:audio-contact:compileDebugKotlin,Number of lines analyzed,418,418,418,418,418,418,
:feature:audio-contact:compileDebugKotlin,Size of shrunk classpath snapshot,46.4,46.4,46,46,46,46,KB
:feature:audio-contact:compileDebugKotlin,Number of cache misses when loading classpath entry snapshots,1,1,1,1,1,1,
:feature:audio-contact:compileDebugKotlin,Total compiler iteration,1,1,1,1,1,1,
:feature:audio-contact:compileDebugKotlin,Number of times classpath snapshot is shrunk and saved after compilation,1,1,1,1,1,1,
:feature:audio-contact:compileDebugKotlin,Number of times classpath snapshot is loaded,1,1,1,1,1,1,
:feature:audio-contact:compileDebugKotlin,Code generation lines per second,2021,1980,1789,1861,3421,2828,
:feature:audio-contact:compileDebugKotlin,ABI snapshot size,18.0,18.0,18,18,18,18,B
:feature:audio-contact:compileDebugKotlin,Size of classpath snapshot,5.9,5.9,6,6,6,6,MB
:feature:audio-contact:compileDebugKotlin,Number of classpath entries,109,109,109,109,109,109,
:feature:audio-contact:compileDebugKotlin,Store build info,2.25,2.75,3,3,3,4,ms
:feature:audio-contact:compileDebugKotlin,Save shrunk current classpath snapshot,2.75,2.29,3,3,4,3,ms
:feature:calendar-contact:compileDebugKotlin,Sources compilation round,1412.0,1437.1,1432,1368,1717,1834,ms
:feature:calendar-contact:compileDebugKotlin,Incremental compilation in daemon,1557.8,1587.66,1563,1502,1867,2049,ms
:feature:calendar-contact:compileDebugKotlin,Task action before worker execution,33.3,20.02,19,19,33,32,ms
:feature:calendar-contact:compileDebugKotlin,Start gradle worker,2.45,2.79,2,3,4,5,ms
:feature:calendar-contact:compileDebugKotlin,Compiler initialization time,56.26,60.04,52,57,82,100,ms
:feature:calendar-contact:compileDebugKotlin,Calculate output size,2.94,2.5,1,1,7,5,ms
:feature:calendar-contact:compileDebugKotlin,Compiler IR lowering,134.72,139.46,140,127,178,210,ms
:feature:calendar-contact:compileDebugKotlin,Compiler translation to IR,339.38,336.76,338,319,434,466,ms
:feature:calendar-contact:compileDebugKotlin,Compiler backend,120.66,125.4,114,117,187,202,ms
:feature:calendar-contact:compileDebugKotlin,Compiler code analysis,547.08,565.22,543,565,688,718,ms
:feature:calendar-contact:compileDebugKotlin,Run compilation in Gradle worker,1609.8,1667.92,1591,1655,1991,2103,ms
:feature:calendar-contact:compileDebugKotlin,Load current classpath snapshot,6.78,9.06,6,7,11,11,ms
:feature:calendar-contact:compileDebugKotlin,Update caches,3.1,3.04,2,2,5,6,ms
:feature:calendar-contact:compileDebugKotlin,Total Gradle task time,1809.58,1844.38,1793,1821,2283,2288,ms
:feature:calendar-contact:compileDebugKotlin,Shrink and save current classpath snapshot after compilation,47.36,51.52,49,52,70,84,ms
:feature:calendar-contact:compileDebugKotlin,Compiler code generation,255.9,265.38,262,250,333,420,ms
:feature:calendar-contact:compileDebugKotlin,Remove duplicate classes,5.38,7.88,5,6,9,11,ms
:feature:calendar-contact:compileDebugKotlin,Run compilation,1595.76,1653.32,1586,1591,1914,2093,ms
:feature:calendar-contact:compileDebugKotlin,Shrink current classpath snapshot non-incrementally,37.48,39.46,39,40,60,68,ms
:feature:calendar-contact:compileDebugKotlin,Spent time before task action,54.2,54.14,52,50,74,73,ms
:feature:calendar-contact:compileDebugKotlin,Analysis lines per second,789,796,770,739,981,1087,
:feature:calendar-contact:compileDebugKotlin,Total size of the cache directory,562.8,562.8,563,563,563,563,KB
:feature:calendar-contact:compileDebugKotlin,Number of cache hits when loading classpath entry snapshots,123,123,123,123,123,123,
:feature:calendar-contact:compileDebugKotlin,Number of lines analyzed,418,418,418,418,418,418,
:feature:calendar-contact:compileDebugKotlin,Size of shrunk classpath snapshot,46.4,46.4,46,46,46,46,KB
:feature:calendar-contact:compileDebugKotlin,Number of cache misses when loading classpath entry snapshots,1,1,1,1,1,1,
:feature:calendar-contact:compileDebugKotlin,Total compiler iteration,1,1,1,1,1,1,
:feature:calendar-contact:compileDebugKotlin,Number of times classpath snapshot is shrunk and saved after compilation,1,1,1,1,1,1,
:feature:calendar-contact:compileDebugKotlin,Number of times classpath snapshot is loaded,1,1,1,1,1,1,
:feature:calendar-contact:compileDebugKotlin,Code generation lines per second,1764,1771,1592,1670,2624,2800,
:feature:calendar-contact:compileDebugKotlin,ABI snapshot size,18.0,18.0,18,18,18,18,B
:feature:calendar-contact:compileDebugKotlin,Size of classpath snapshot,6.4,6.4,6,6,6,6,MB
:feature:calendar-contact:compileDebugKotlin,Number of classpath entries,124,124,124,124,124,124,
:feature:calendar-contact:compileDebugKotlin,Store build info,3.5,2.0,4,2,5,3,ms
:feature:calendar-contact:compileDebugKotlin,Save shrunk current classpath snapshot,3.11,3.0,3,3,8,7,ms
:feature:cart-contact:compileDebugKotlin,Sources compilation round,1682.38,1619.82,1659,1639,2141,1995,ms
:feature:cart-contact:compileDebugKotlin,Incremental compilation in daemon,1849.0,1789.68,1833,1848,2309,2187,ms
:feature:cart-contact:compileDebugKotlin,Task action before worker execution,20.8,19.16,21,19,29,28,ms
:feature:cart-contact:compileDebugKotlin,Start gradle worker,2.53,2.34,3,1,5,5,ms
:feature:cart-contact:compileDebugKotlin,Compiler initialization time,65.0,66.62,62,65,94,99,ms
:feature:cart-contact:compileDebugKotlin,Calculate output size,2.56,2.9,1,2,4,6,ms
:feature:cart-contact:compileDebugKotlin,Compiler IR lowering,179.24,167.68,169,161,267,239,ms
:feature:cart-contact:compileDebugKotlin,Compiler translation to IR,388.7,374.66,386,366,533,482,ms
:feature:cart-contact:compileDebugKotlin,Compiler backend,162.56,135.8,151,134,234,208,ms
:feature:cart-contact:compileDebugKotlin,Compiler code analysis,652.78,642.38,642,640,833,865,ms
:feature:cart-contact:compileDebugKotlin,Run compilation in Gradle worker,1917.46,1862.62,1887,1900,2413,2306,ms
:feature:cart-contact:compileDebugKotlin,Load current classpath snapshot,7.46,7.6,7,7,11,13,ms
:feature:cart-contact:compileDebugKotlin,Update caches,4.0,3.78,4,4,7,7,ms
:feature:cart-contact:compileDebugKotlin,Total Gradle task time,2098.08,2037.92,2067,2084,2594,2513,ms
:feature:cart-contact:compileDebugKotlin,Shrink and save current classpath snapshot after compilation,53.4,53.64,51,48,79,95,ms
:feature:cart-contact:compileDebugKotlin,Compiler code generation,342.22,303.94,333,285,480,457,ms
:feature:cart-contact:compileDebugKotlin,Remove duplicate classes,5.8,5.76,6,6,9,10,ms
:feature:cart-contact:compileDebugKotlin,Run compilation,1897.4,1846.3,1875,1888,2359,2256,ms
:feature:cart-contact:compileDebugKotlin,Shrink current classpath snapshot non-incrementally,43.08,43.52,40,39,66,82,ms
:feature:cart-contact:compileDebugKotlin,Spent time before task action,55.1,52.44,54,51,71,77,ms
:feature:cart-contact:compileDebugKotlin,Analysis lines per second,671,684,650,652,880,877,
:feature:cart-contact:compileDebugKotlin,Total size of the cache directory,545.3,545.3,545,545,545,545,KB
:feature:cart-contact:compileDebugKotlin,Number of cache hits when loading classpath entry snapshots,106,106,107,107,107,107,
:feature:cart-contact:compileDebugKotlin,Number of lines analyzed,418,418,418,418,418,418,
:feature:cart-contact:compileDebugKotlin,Size of shrunk classpath snapshot,46.4,46.4,46,46,46,46,KB
:feature:cart-contact:compileDebugKotlin,Number of cache misses when loading classpath entry snapshots,1,1,1,1,2,2,
:feature:cart-contact:compileDebugKotlin,Total compiler iteration,1,1,1,1,1,1,
:feature:cart-contact:compileDebugKotlin,Number of times classpath snapshot is shrunk and saved after compilation,1,1,1,1,1,1,
:feature:cart-contact:compileDebugKotlin,Number of times classpath snapshot is loaded,1,1,1,1,1,1,
:feature:cart-contact:compileDebugKotlin,Code generation lines per second,1369,1506,1255,1466,2176,2066,
:feature:cart-contact:compileDebugKotlin,ABI snapshot size,18.0,18.0,18,18,18,18,B
:feature:cart-contact:compileDebugKotlin,Size of classpath snapshot,5.9,5.9,6,6,6,6,MB
:feature:cart-contact:compileDebugKotlin,Number of classpath entries,108,108,108,108,108,108,
:feature:cart-contact:compileDebugKotlin,Save shrunk current classpath snapshot,2.82,3.2,3,3,6,6,ms
:feature:cart-contact:compileDebugKotlin,Store build info,2.0,1.5,2,2,3,2,ms
:feature:checkout-contact:compileDebugKotlin,Sources compilation round,1650.4,1604.9,1603,1645,2059,2053,ms
:feature:checkout-contact:compileDebugKotlin,Incremental compilation in daemon,1795.28,1774.5,1750,1840,2233,2211,ms
:feature:checkout-contact:compileDebugKotlin,Task action before worker execution,21.4,21.68,21,20,30,32,ms
:feature:checkout-contact:compileDebugKotlin,Start gradle worker,2.54,3.04,3,3,4,7,ms
:feature:checkout-contact:compileDebugKotlin,Compiler initialization time,68.56,62.88,62,63,99,95,ms
:feature:checkout-contact:compileDebugKotlin,Calculate output size,2.71,2.1,2,1,6,5,ms
:feature:checkout-contact:compileDebugKotlin,Compiler IR lowering,155.4,152.2,148,152,245,198,ms
:feature:checkout-contact:compileDebugKotlin,Compiler translation to IR,400.76,372.54,393,367,516,491,ms
:feature:checkout-contact:compileDebugKotlin,Compiler backend,133.92,131.08,130,123,216,204,ms
:feature:checkout-contact:compileDebugKotlin,Compiler code analysis,653.94,655.42,650,664,824,857,ms
:feature:checkout-contact:compileDebugKotlin,Run compilation in Gradle worker,1861.26,1843.76,1814,1892,2265,2322,ms
:feature:checkout-contact:compileDebugKotlin,Load current classpath snapshot,9.42,11.24,8,11,17,19,ms
:feature:checkout-contact:compileDebugKotlin,Update caches,3.1,3.46,2,2,5,7,ms
:feature:checkout-contact:compileDebugKotlin,Total Gradle task time,2049.3,2049.54,2005,2066,2495,2548,ms
:feature:checkout-contact:compileDebugKotlin,Shrink and save current classpath snapshot after compilation,52.34,59.8,42,59,84,93,ms
:feature:checkout-contact:compileDebugKotlin,Compiler code generation,289.82,283.82,266,297,437,382,ms
:feature:checkout-contact:compileDebugKotlin,Remove duplicate classes,5.2,7.02,5,6,9,11,ms
:feature:checkout-contact:compileDebugKotlin,Run compilation,1850.6,1830.62,1807,1887,2260,2276,ms
:feature:checkout-contact:compileDebugKotlin,Shrink current classpath snapshot non-incrementally,39.76,45.14,28,44,68,73,ms
:feature:checkout-contact:compileDebugKotlin,Spent time before task action,70.56,81.96,67,65,97,102,ms
:feature:checkout-contact:compileDebugKotlin,Analysis lines per second,659,677,643,629,813,881,
:feature:checkout-contact:compileDebugKotlin,Total size of the cache directory,562.8,562.8,563,563,563,563,KB
:feature:checkout-contact:compileDebugKotlin,Number of cache hits when loading classpath entry snapshots,139,139,140,140,140,140,
:feature:checkout-contact:compileDebugKotlin,Number of lines analyzed,418,418,418,418,418,418,
:feature:checkout-contact:compileDebugKotlin,Size of shrunk classpath snapshot,46.4,46.4,46,46,46,46,KB
:feature:checkout-contact:compileDebugKotlin,Number of cache misses when loading classpath entry snapshots,7,7,7,7,7,7,
:feature:checkout-contact:compileDebugKotlin,Total compiler iteration,1,1,1,1,1,1,
:feature:checkout-contact:compileDebugKotlin,Number of times classpath snapshot is shrunk and saved after compilation,1,1,1,1,1,1,
:feature:checkout-contact:compileDebugKotlin,Number of times classpath snapshot is loaded,1,1,1,1,1,1,
:feature:checkout-contact:compileDebugKotlin,Code generation lines per second,1592,1611,1569,1403,2378,2449,
:feature:checkout-contact:compileDebugKotlin,ABI snapshot size,18.0,18.0,18,18,18,18,B
:feature:checkout-contact:compileDebugKotlin,Size of classpath snapshot,7.0,7.0,7,7,7,7,MB
:feature:checkout-contact:compileDebugKotlin,Number of classpath entries,147,147,147,147,147,147,
:feature:checkout-contact:compileDebugKotlin,Save shrunk current classpath snapshot,2.09,4.36,2,3,3,9,ms
:feature:checkout-contact:compileDebugKotlin,Store build info,4.2,2.33,5,2,6,3,ms
:feature:checkout-contact:compileDebugKotlin,Clear outputs on rebuild,2.0,,2,,2,,ms
:feature:checkout-contact:compileDebugKotlin,Clear output,2.0,1.0,2,1,2,1,ms
:feature:comment-contact:compileDebugKotlin,Sources compilation round,1402.08,1409.36,1350,1400,1711,1801,ms
:feature:comment-contact:compileDebugKotlin,Incremental compilation in daemon,1551.78,1574.7,1500,1583,1950,1954,ms
:feature:comment-contact:compileDebugKotlin,Task action before worker execution,20.98,21.5,19,22,34,32,ms
:feature:comment-contact:compileDebugKotlin,Start gradle worker,2.62,2.67,2,2,6,6,ms
:feature:comment-contact:compileDebugKotlin,Compiler initialization time,64.46,60.52,62,61,90,85,ms
:feature:comment-contact:compileDebugKotlin,Calculate output size,2.19,2.85,2,2,4,6,ms
:feature:comment-contact:compileDebugKotlin,Compiler IR lowering,131.28,131.44,122,130,191,186,ms
:feature:comment-contact:compileDebugKotlin,Compiler translation to IR,312.26,332.26,306,333,416,435,ms
:feature:comment-contact:compileDebugKotlin,Compiler backend,125.74,117.76,126,113,178,191,ms
:feature:comment-contact:compileDebugKotlin,Compiler code analysis,557.92,552.22,542,546,700,782,ms
:feature:comment-contact:compileDebugKotlin,Run compilation in Gradle worker,1611.28,1635.24,1565,1638,1996,2004,ms
:feature:comment-contact:compileDebugKotlin,Load current classpath snapshot,8.46,7.22,8,6,16,15,ms
:feature:comment-contact:compileDebugKotlin,Update caches,3.24,3.04,2,2,6,6,ms
:feature:comment-contact:compileDebugKotlin,Total Gradle task time,1776.52,1811.3,1743,1808,2203,2244,ms
:feature:comment-contact:compileDebugKotlin,Shrink and save current classpath snapshot after compilation,52.84,52.04,54,54,80,74,ms
:feature:comment-contact:compileDebugKotlin,Compiler code generation,257.58,249.62,248,246,359,326,ms
:feature:comment-contact:compileDebugKotlin,Remove duplicate classes,6.86,6.1,6,6,15,11,ms
:feature:comment-contact:compileDebugKotlin,Run compilation,1596.84,1627.86,1547,1619,1993,1994,ms
:feature:comment-contact:compileDebugKotlin,Shrink current classpath snapshot non-incrementally,41.38,42.04,43,43,67,59,ms
:feature:comment-contact:compileDebugKotlin,Spent time before task action,51.7,51.46,49,53,77,73,ms
:feature:comment-contact:compileDebugKotlin,Analysis lines per second,777,835,771,765,1000,1221,
:feature:comment-contact:compileDebugKotlin,Total size of the cache directory,546.4,546.4,546,546,546,546,KB
:feature:comment-contact:compileDebugKotlin,Number of cache hits when loading classpath entry snapshots,125,125,125,125,125,125,
:feature:comment-contact:compileDebugKotlin,Number of lines analyzed,418,418,418,418,418,418,
:feature:comment-contact:compileDebugKotlin,Size of shrunk classpath snapshot,46.4,46.4,46,46,46,46,KB
:feature:comment-contact:compileDebugKotlin,Number of cache misses when loading classpath entry snapshots,1,1,1,1,1,1,
:feature:comment-contact:compileDebugKotlin,Total compiler iteration,1,1,1,1,1,1,
:feature:comment-contact:compileDebugKotlin,Number of times classpath snapshot is shrunk and saved after compilation,1,1,1,1,1,1,
:feature:comment-contact:compileDebugKotlin,Number of times classpath snapshot is loaded,1,1,1,1,1,1,
:feature:comment-contact:compileDebugKotlin,Code generation lines per second,1739,1814,1685,1698,2494,2482,
:feature:comment-contact:compileDebugKotlin,ABI snapshot size,18.0,18.0,18,18,18,18,B
:feature:comment-contact:compileDebugKotlin,Size of classpath snapshot,6.4,6.4,6,6,6,6,MB
:feature:comment-contact:compileDebugKotlin,Number of classpath entries,126,126,126,126,126,126,
:feature:comment-contact:compileDebugKotlin,Save shrunk current classpath snapshot,2.75,2.0,3,2,6,3,ms
:feature:comment-contact:compileDebugKotlin,Store build info,2.75,2.33,3,2,3,3,ms
:feature:contact-contact:compileDebugKotlin,Sources compilation round,1428.02,1269.78,1335,1217,1945,1669,ms
:feature:contact-contact:compileDebugKotlin,Incremental compilation in daemon,1558.7,1422.18,1469,1349,2090,1872,ms
:feature:contact-contact:compileDebugKotlin,Task action before worker execution,17.08,18.74,16,18,28,27,ms
:feature:contact-contact:compileDebugKotlin,Start gradle worker,2.36,2.6,2,2,5,5,ms
:feature:contact-contact:compileDebugKotlin,Compiler initialization time,52.7,57.82,47,55,77,88,ms
:feature:contact-contact:compileDebugKotlin,Calculate output size,2.63,2.0,2,1,5,4,ms
:feature:contact-contact:compileDebugKotlin,Compiler IR lowering,123.0,117.16,123,107,175,159,ms
:feature:contact-contact:compileDebugKotlin,Compiler translation to IR,376.98,333.4,322,294,509,407,ms
:feature:contact-contact:compileDebugKotlin,Compiler backend,102.0,105.64,104,97,147,184,ms
:feature:contact-contact:compileDebugKotlin,Compiler code analysis,516.4,464.7,475,455,725,605,ms
:feature:contact-contact:compileDebugKotlin,Run compilation in Gradle worker,1612.24,1481.42,1534,1424,2128,1975,ms
:feature:contact-contact:compileDebugKotlin,Load current classpath snapshot,5.74,7.08,6,6,10,14,ms
:feature:contact-contact:compileDebugKotlin,Update caches,3.2,3.04,2,2,6,6,ms
:feature:contact-contact:compileDebugKotlin,Total Gradle task time,1767.48,1626.8,1687,1578,2307,2111,ms
:feature:contact-contact:compileDebugKotlin,Shrink and save current classpath snapshot after compilation,42.74,56.04,43,46,66,73,ms
:feature:contact-contact:compileDebugKotlin,Compiler code generation,225.48,223.36,224,222,311,338,ms
:feature:contact-contact:compileDebugKotlin,Remove duplicate classes,5.0,5.72,5,6,8,11,ms
:feature:contact-contact:compileDebugKotlin,Run compilation,1603.16,1470.58,1523,1404,2121,1912,ms
:feature:contact-contact:compileDebugKotlin,Shrink current classpath snapshot non-incrementally,34.48,46.5,34,38,56,55,ms
:feature:contact-contact:compileDebugKotlin,Spent time before task action,47.4,44.16,45,41,75,61,ms
:feature:contact-contact:compileDebugKotlin,Analysis lines per second,866,969,879,919,1086,1278,
:feature:contact-contact:compileDebugKotlin,Total size of the cache directory,546.4,546.4,546,546,546,546,KB
:feature:contact-contact:compileDebugKotlin,Number of cache hits when loading classpath entry snapshots,104,104,104,104,104,104,
:feature:contact-contact:compileDebugKotlin,Number of lines analyzed,418,418,418,418,418,418,
:feature:contact-contact:compileDebugKotlin,Size of shrunk classpath snapshot,46.4,46.4,46,46,46,46,KB
:feature:contact-contact:compileDebugKotlin,Number of cache misses when loading classpath entry snapshots,1,1,1,1,1,1,
:feature:contact-contact:compileDebugKotlin,Total compiler iteration,1,1,1,1,1,1,
:feature:contact-contact:compileDebugKotlin,Number of times classpath snapshot is shrunk and saved after compilation,1,1,1,1,1,1,
:feature:contact-contact:compileDebugKotlin,Number of times classpath snapshot is loaded,1,1,1,1,1,1,
:feature:contact-contact:compileDebugKotlin,Code generation lines per second,2005,2150,1865,1883,2880,3087,
:feature:contact-contact:compileDebugKotlin,ABI snapshot size,18.0,18.0,18,18,18,18,B
:feature:contact-contact:compileDebugKotlin,Size of classpath snapshot,5.8,5.8,6,6,6,6,MB
:feature:contact-contact:compileDebugKotlin,Number of classpath entries,105,105,105,105,105,105,
:feature:contact-contact:compileDebugKotlin,Save shrunk current classpath snapshot,2.78,2.75,3,3,4,6,ms
:feature:contact-contact:compileDebugKotlin,Store build info,3.25,3.0,3,3,5,3,ms
:feature:contact-login:compileDebugKotlin,Sources compilation round,1440.0,1342.44,1352,1351,1889,1591,ms
:feature:contact-login:compileDebugKotlin,Incremental compilation in daemon,1573.5,1475.92,1482,1469,2033,1755,ms
:feature:contact-login:compileDebugKotlin,Task action before worker execution,16.72,21.88,16,21,30,34,ms
:feature:contact-login:compileDebugKotlin,Compiler initialization time,61.58,68.28,57,68,92,105,ms
:feature:contact-login:compileDebugKotlin,Calculate output size,2.39,2.37,2,1,5,6,ms
:feature:contact-login:compileDebugKotlin,Compiler IR lowering,134.06,121.84,133,122,205,171,ms
:feature:contact-login:compileDebugKotlin,Compiler translation to IR,378.54,330.1,341,333,462,405,ms
:feature:contact-login:compileDebugKotlin,Compiler backend,129.84,113.5,134,112,193,163,ms
:feature:contact-login:compileDebugKotlin,Compiler code analysis,541.32,512.9,521,512,749,641,ms
:feature:contact-login:compileDebugKotlin,Run compilation in Gradle worker,1620.12,1530.6,1551,1555,2135,1793,ms
:feature:contact-login:compileDebugKotlin,Load current classpath snapshot,5.78,6.14,6,6,9,10,ms
:feature:contact-login:compileDebugKotlin,Update caches,3.44,3.56,2,3,6,8,ms
:feature:contact-login:compileDebugKotlin,Total Gradle task time,1775.88,1692.9,1666,1709,2339,1957,ms
:feature:contact-login:compileDebugKotlin,Shrink and save current classpath snapshot after compilation,45.26,48.56,47,49,67,72,ms
:feature:contact-login:compileDebugKotlin,Compiler code generation,264.46,235.94,259,233,384,318,ms
:feature:contact-login:compileDebugKotlin,Remove duplicate classes,5.16,5.26,5,5,9,9,ms
:feature:contact-login:compileDebugKotlin,Run compilation,1603.92,1510.12,1524,1506,2082,1787,ms
:feature:contact-login:compileDebugKotlin,Shrink current classpath snapshot non-incrementally,36.64,40.22,38,40,56,59,ms
:feature:contact-login:compileDebugKotlin,Spent time before task action,45.22,43.74,42,42,70,71,ms
:feature:contact-login:compileDebugKotlin,Analysis lines per second,813,856,802,817,1054,1120,
:feature:contact-login:compileDebugKotlin,Total size of the cache directory,545.9,545.9,546,546,546,546,KB
:feature:contact-login:compileDebugKotlin,Number of cache hits when loading classpath entry snapshots,112,112,112,112,112,112,
:feature:contact-login:compileDebugKotlin,Number of lines analyzed,418,418,418,418,418,418,
:feature:contact-login:compileDebugKotlin,Size of shrunk classpath snapshot,46.4,46.4,46,46,46,46,KB
:feature:contact-login:compileDebugKotlin,Number of cache misses when loading classpath entry snapshots,1,1,1,1,1,1,
:feature:contact-login:compileDebugKotlin,Total compiler iteration,1,1,1,1,1,1,
:feature:contact-login:compileDebugKotlin,Number of times classpath snapshot is shrunk and saved after compilation,1,1,1,1,1,1,
:feature:contact-login:compileDebugKotlin,Number of times classpath snapshot is loaded,1,1,1,1,1,1,
:feature:contact-login:compileDebugKotlin,Code generation lines per second,1757,1886,1615,1792,2612,2638,
:feature:contact-login:compileDebugKotlin,ABI snapshot size,18.0,18.0,18,18,18,18,B
:feature:contact-login:compileDebugKotlin,Size of classpath snapshot,6.0,6.0,6,6,6,6,MB
:feature:contact-login:compileDebugKotlin,Number of classpath entries,113,113,113,113,113,113,
:feature:contact-login:compileDebugKotlin,Start gradle worker,2.39,4.04,2,1,5,4,ms
:feature:contact-login:compileDebugKotlin,Store build info,2.0,2.5,2,3,3,3,ms
:feature:contact-login:compileDebugKotlin,Save shrunk current classpath snapshot,3.11,2.75,3,3,5,3,ms
:feature:contact-login:compileDebugKotlin,Clear outputs on rebuild,3.0,,3,,3,,ms
:feature:contact-login:compileDebugKotlin,Generate compiler reference index,3.0,,3,,3,,ms
:feature:document-contact:compileDebugKotlin,Sources compilation round,1156.34,1065.62,1142,1022,1424,1392,ms
:feature:document-contact:compileDebugKotlin,Incremental compilation in daemon,1286.12,1180.34,1278,1145,1587,1541,ms
:feature:document-contact:compileDebugKotlin,Task action before worker execution,16.46,16.18,16,16,25,23,ms
:feature:document-contact:compileDebugKotlin,Compiler initialization time,58.84,53.8,54,48,101,78,ms
:feature:document-contact:compileDebugKotlin,Calculate output size,2.11,1.9,1,1,5,4,ms
:feature:document-contact:compileDebugKotlin,Compiler IR lowering,114.74,100.98,110,99,162,160,ms
:feature:document-contact:compileDebugKotlin,Compiler translation to IR,291.02,265.8,276,261,392,346,ms
:feature:document-contact:compileDebugKotlin,Compiler backend,80.14,73.34,77,70,119,114,ms
:feature:document-contact:compileDebugKotlin,Compiler code analysis,429.96,401.66,413,370,532,575,ms
:feature:document-contact:compileDebugKotlin,Run compilation in Gradle worker,1327.34,1221.94,1322,1184,1626,1583,ms
:feature:document-contact:compileDebugKotlin,Load current classpath snapshot,7.02,6.18,7,6,12,12,ms
:feature:document-contact:compileDebugKotlin,Update caches,2.96,2.58,2,2,7,5,ms
:feature:document-contact:compileDebugKotlin,Total Gradle task time,1474.14,1351.66,1455,1316,1860,1731,ms
:feature:document-contact:compileDebugKotlin,Shrink and save current classpath snapshot after compilation,47.58,40.18,46,39,85,61,ms
:feature:document-contact:compileDebugKotlin,Compiler code generation,195.48,174.82,193,172,267,249,ms
:feature:document-contact:compileDebugKotlin,Remove duplicate classes,5.64,5.1,6,5,11,8,ms
:feature:document-contact:compileDebugKotlin,Run compilation,1318.72,1215.08,1315,1176,1621,1575,ms
:feature:document-contact:compileDebugKotlin,Shrink current classpath snapshot non-incrementally,38.32,31.74,34,32,75,48,ms
:feature:document-contact:compileDebugKotlin,Spent time before task action,44.32,40.46,41,40,69,60,ms
:feature:document-contact:compileDebugKotlin,Analysis lines per second,1014,1103,1012,1129,1336,1467,
:feature:document-contact:compileDebugKotlin,Total size of the cache directory,562.8,562.8,563,563,563,563,KB
:feature:document-contact:compileDebugKotlin,Number of cache hits when loading classpath entry snapshots,117,117,117,117,117,117,
:feature:document-contact:compileDebugKotlin,Number of lines analyzed,418,418,418,418,418,418,
:feature:document-contact:compileDebugKotlin,Size of shrunk classpath snapshot,46.4,46.4,46,46,46,46,KB
:feature:document-contact:compileDebugKotlin,Number of cache misses when loading classpath entry snapshots,1,1,1,1,1,1,
:feature:document-contact:compileDebugKotlin,Total compiler iteration,1,1,1,1,1,1,
:feature:document-contact:compileDebugKotlin,Number of times classpath snapshot is shrunk and saved after compilation,1,1,1,1,1,1,
:feature:document-contact:compileDebugKotlin,Number of times classpath snapshot is loaded,1,1,1,1,1,1,
:feature:document-contact:compileDebugKotlin,Code generation lines per second,2346,2629,2162,2428,3374,3783,
:feature:document-contact:compileDebugKotlin,ABI snapshot size,18.0,18.0,18,18,18,18,B
:feature:document-contact:compileDebugKotlin,Size of classpath snapshot,6.2,6.2,6,6,6,6,MB
:feature:document-contact:compileDebugKotlin,Number of classpath entries,118,118,118,118,118,118,
:feature:document-contact:compileDebugKotlin,Start gradle worker,2.05,2.18,1,2,5,5,ms
:feature:document-contact:compileDebugKotlin,Clear outputs on rebuild,1.0,3.0,1,3,1,3,ms
:feature:document-contact:compileDebugKotlin,Save shrunk current classpath snapshot,5.0,2.57,5,3,7,5,ms
:feature:document-contact:compileDebugKotlin,Store build info,2.5,3.5,3,4,3,4,ms
:feature:document-contact:compileDebugKotlin,Clear output,2.0,1.5,2,2,3,2,ms
:feature:event-contact:compileDebugKotlin,Sources compilation round,1639.86,1559.84,1626,1571,1978,1864,ms
:feature:event-contact:compileDebugKotlin,Incremental compilation in daemon,1806.98,1718.6,1785,1729,2232,2048,ms
:feature:event-contact:compileDebugKotlin,Task action before worker execution,17.94,16.68,19,16,26,27,ms
:feature:event-contact:compileDebugKotlin,Start gradle worker,2.55,2.11,1,1,5,5,ms
:feature:event-contact:compileDebugKotlin,Compiler initialization time,72.42,63.8,70,59,92,97,ms
:feature:event-contact:compileDebugKotlin,Calculate output size,3.0,2.38,3,1,6,6,ms
:feature:event-contact:compileDebugKotlin,Compiler IR lowering,153.18,148.2,155,152,218,212,ms
:feature:event-contact:compileDebugKotlin,Compiler translation to IR,375.96,363.42,364,371,477,466,ms
:feature:event-contact:compileDebugKotlin,Compiler backend,138.9,127.9,132,127,197,196,ms
:feature:event-contact:compileDebugKotlin,Compiler code analysis,660.22,616.38,631,610,854,764,ms
:feature:event-contact:compileDebugKotlin,Run compilation in Gradle worker,1866.84,1781.94,1844,1776,2276,2115,ms
:feature:event-contact:compileDebugKotlin,Load current classpath snapshot,9.24,9.08,9,8,16,13,ms
:feature:event-contact:compileDebugKotlin,Update caches,3.32,3.56,2,3,6,7,ms
:feature:event-contact:compileDebugKotlin,Total Gradle task time,2037.28,1949.74,2008,1950,2503,2308,ms
:feature:event-contact:compileDebugKotlin,Shrink and save current classpath snapshot after compilation,56.98,52.54,58,57,85,69,ms
:feature:event-contact:compileDebugKotlin,Compiler code generation,292.66,276.52,300,278,393,403,ms
:feature:event-contact:compileDebugKotlin,Remove duplicate classes,6.72,7.02,6,6,11,10,ms
:feature:event-contact:compileDebugKotlin,Run compilation,1846.7,1765.72,1831,1772,2270,2107,ms
:feature:event-contact:compileDebugKotlin,Shrink current classpath snapshot non-incrementally,44.56,40.22,46,42,70,55,ms
:feature:event-contact:compileDebugKotlin,Spent time before task action,53.56,51.18,56,52,78,72,ms
:feature:event-contact:compileDebugKotlin,Analysis lines per second,658,694,662,685,823,841,
:feature:event-contact:compileDebugKotlin,Total size of the cache directory,545.7,545.7,546,546,546,546,KB
:feature:event-contact:compileDebugKotlin,Number of cache hits when loading classpath entry snapshots,134,135,135,135,135,135,
:feature:event-contact:compileDebugKotlin,Number of lines analyzed,418,418,418,418,418,418,
:feature:event-contact:compileDebugKotlin,Size of shrunk classpath snapshot,46.4,46.4,46,46,46,46,KB
:feature:event-contact:compileDebugKotlin,Number of cache misses when loading classpath entry snapshots,2,2,2,2,2,2,
:feature:event-contact:compileDebugKotlin,Total compiler iteration,1,1,1,1,1,1,
:feature:event-contact:compileDebugKotlin,Number of times classpath snapshot is shrunk and saved after compilation,1,1,1,1,1,1,
:feature:event-contact:compileDebugKotlin,Number of times classpath snapshot is loaded,1,1,1,1,1,1,
:feature:event-contact:compileDebugKotlin,Code generation lines per second,1566,1661,1392,1503,2410,2480,
:feature:event-contact:compileDebugKotlin,ABI snapshot size,18.0,18.0,18,18,18,18,B
:feature:event-contact:compileDebugKotlin,Size of classpath snapshot,6.7,6.7,7,7,7,7,MB
:feature:event-contact:compileDebugKotlin,Number of classpath entries,137,137,137,137,137,137,
:feature:event-contact:compileDebugKotlin,Store build info,3.0,2.33,3,3,4,3,ms
:feature:event-contact:compileDebugKotlin,Save shrunk current classpath snapshot,4.18,2.85,3,2,10,6,ms
:feature:event-contact:compileDebugKotlin,Clear outputs on rebuild,4.0,,4,,4,,ms
:feature:feed-contact:compileDebugKotlin,Sources compilation round,1136.9,1184.7,1123,1173,1402,1437,ms
:feature:feed-contact:compileDebugKotlin,Incremental compilation in daemon,1254.16,1307.44,1246,1309,1509,1540,ms
:feature:feed-contact:compileDebugKotlin,Task action before worker execution,15.08,19.96,16,16,21,23,ms
:feature:feed-contact:compileDebugKotlin,Start gradle worker,1.76,2.2,1,1,4,4,ms
:feature:feed-contact:compileDebugKotlin,Compiler initialization time,52.7,51.76,49,44,81,77,ms
:feature:feed-contact:compileDebugKotlin,Calculate output size,1.85,1.65,1,1,4,3,ms
:feature:feed-contact:compileDebugKotlin,Compiler IR lowering,103.26,102.74,108,98,145,148,ms
:feature:feed-contact:compileDebugKotlin,Compiler translation to IR,292.52,310.74,284,306,367,386,ms
:feature:feed-contact:compileDebugKotlin,Compiler backend,80.76,94.46,73,82,118,130,ms
:feature:feed-contact:compileDebugKotlin,Compiler code analysis,434.42,435.56,412,429,577,566,ms
:feature:feed-contact:compileDebugKotlin,Run compilation in Gradle worker,1305.72,1373.16,1295,1378,1575,1673,ms
:feature:feed-contact:compileDebugKotlin,Load current classpath snapshot,4.94,6.68,4,7,9,11,ms
:feature:feed-contact:compileDebugKotlin,Update caches,2.58,2.64,2,2,5,5,ms
:feature:feed-contact:compileDebugKotlin,Total Gradle task time,1459.86,1507.34,1435,1522,1753,1865,ms
:feature:feed-contact:compileDebugKotlin,Shrink and save current classpath snapshot after compilation,40.56,40.44,35,38,62,60,ms
:feature:feed-contact:compileDebugKotlin,Compiler code generation,184.54,197.8,188,180,260,270,ms
:feature:feed-contact:compileDebugKotlin,Remove duplicate classes,4.1,5.6,3,6,7,9,ms
:feature:feed-contact:compileDebugKotlin,Run compilation,1293.18,1358.06,1291,1365,1558,1626,ms
:feature:feed-contact:compileDebugKotlin,Shrink current classpath snapshot non-incrementally,33.4,31.6,28,30,51,47,ms
:feature:feed-contact:compileDebugKotlin,Spent time before task action,43.3,41.06,40,41,69,60,ms
:feature:feed-contact:compileDebugKotlin,Analysis lines per second,1014,1012,1014,975,1320,1341,
:feature:feed-contact:compileDebugKotlin,Total size of the cache directory,545.3,545.3,545,545,545,545,KB
:feature:feed-contact:compileDebugKotlin,Number of cache hits when loading classpath entry snapshots,111,111,111,111,111,111,
:feature:feed-contact:compileDebugKotlin,Number of lines analyzed,418,418,418,418,418,418,
:feature:feed-contact:compileDebugKotlin,Size of shrunk classpath snapshot,46.4,46.4,46,46,46,46,KB
:feature:feed-contact:compileDebugKotlin,Number of cache misses when loading classpath entry snapshots,1,1,1,1,1,1,
:feature:feed-contact:compileDebugKotlin,Total compiler iteration,1,1,1,1,1,1,
:feature:feed-contact:compileDebugKotlin,Number of times classpath snapshot is shrunk and saved after compilation,1,1,1,1,1,1,
:feature:feed-contact:compileDebugKotlin,Number of times classpath snapshot is loaded,1,1,1,1,1,1,
:feature:feed-contact:compileDebugKotlin,Code generation lines per second,2441,2390,2225,2324,3688,3386,
:feature:feed-contact:compileDebugKotlin,ABI snapshot size,18.0,18.0,18,18,18,18,B
:feature:feed-contact:compileDebugKotlin,Size of classpath snapshot,6.0,6.0,6,6,6,6,MB
:feature:feed-contact:compileDebugKotlin,Number of classpath entries,112,112,112,112,112,112,
:feature:feed-contact:compileDebugKotlin,Save shrunk current classpath snapshot,1.75,2.1,2,2,3,3,ms
:feature:feed-contact:compileDebugKotlin,Clear outputs on rebuild,1.0,,1,,1,,ms
:feature:feed-contact:compileDebugKotlin,Store build info,3.0,2.5,3,3,3,3,ms
:feature:file-contact:compileDebugKotlin,Sources compilation round,1102.54,1139.76,1031,1108,1433,1475,ms
:feature:file-contact:compileDebugKotlin,Incremental compilation in daemon,1222.72,1283.36,1148,1232,1530,1616,ms
:feature:file-contact:compileDebugKotlin,Task action before worker execution,15.42,15.6,17,15,25,26,ms
:feature:file-contact:compileDebugKotlin,Start gradle worker,1.81,1.91,1,1,3,4,ms
:feature:file-contact:compileDebugKotlin,Compiler initialization time,49.9,58.82,48,46,80,102,ms
:feature:file-contact:compileDebugKotlin,Calculate output size,2.04,1.91,1,1,4,4,ms
:feature:file-contact:compileDebugKotlin,Compiler IR lowering,112.02,97.38,92,98,141,144,ms
:feature:file-contact:compileDebugKotlin,Compiler translation to IR,295.34,314.3,278,292,388,388,ms
:feature:file-contact:compileDebugKotlin,Compiler backend,85.54,83.16,86,86,118,121,ms
:feature:file-contact:compileDebugKotlin,Compiler code analysis,396.4,414.78,388,403,509,547,ms
:feature:file-contact:compileDebugKotlin,Run compilation in Gradle worker,1265.6,1322.02,1187,1262,1565,1658,ms
:feature:file-contact:compileDebugKotlin,Load current classpath snapshot,5.96,8.04,6,8,10,13,ms
:feature:file-contact:compileDebugKotlin,Update caches,2.82,3.26,2,3,5,6,ms
:feature:file-contact:compileDebugKotlin,Total Gradle task time,1400.5,1451.86,1321,1394,1727,1823,ms
:feature:file-contact:compileDebugKotlin,Shrink and save current classpath snapshot after compilation,46.5,54.46,43,51,76,84,ms
:feature:file-contact:compileDebugKotlin,Compiler code generation,198.04,181.04,188,179,258,249,ms
:feature:file-contact:compileDebugKotlin,Remove duplicate classes,5.24,7.34,5,7,9,13,ms
:feature:file-contact:compileDebugKotlin,Run compilation,1255.36,1313.8,1182,1255,1562,1656,ms
:feature:file-contact:compileDebugKotlin,Shrink current classpath snapshot non-incrementally,37.94,43.86,34,41,62,68,ms
:feature:file-contact:compileDebugKotlin,Spent time before task action,46.5,41.72,44,41,65,64,ms
:feature:file-contact:compileDebugKotlin,Analysis lines per second,1092,1070,1076,1036,1388,1430,
:feature:file-contact:compileDebugKotlin,Total size of the cache directory,545.3,545.3,545,545,545,545,KB
:feature:file-contact:compileDebugKotlin,Number of cache hits when loading classpath entry snapshots,148,148,148,148,148,148,
:feature:file-contact:compileDebugKotlin,Number of lines analyzed,418,418,418,418,418,418,
:feature:file-contact:compileDebugKotlin,Size of shrunk classpath snapshot,46.4,46.4,46,46,46,46,KB
:feature:file-contact:compileDebugKotlin,Number of cache misses when loading classpath entry snapshots,1,1,1,1,1,1,
:feature:file-contact:compileDebugKotlin,Total compiler iteration,1,1,1,1,1,1,
:feature:file-contact:compileDebugKotlin,Number of times classpath snapshot is shrunk and saved after compilation,1,1,1,1,1,1,
:feature:file-contact:compileDebugKotlin,Number of times classpath snapshot is loaded,1,1,1,1,1,1,
:feature:file-contact:compileDebugKotlin,Code generation lines per second,2473,2512,2223,2325,3845,3655,
:feature:file-contact:compileDebugKotlin,ABI snapshot size,18.0,18.0,18,18,18,18,B
:feature:file-contact:compileDebugKotlin,Size of classpath snapshot,7.1,7.1,7,7,7,7,MB
:feature:file-contact:compileDebugKotlin,Number of classpath entries,149,149,149,149,149,149,
:feature:file-contact:compileDebugKotlin,Save shrunk current classpath snapshot,2.75,2.57,2,3,5,3,ms
:feature:file-contact:compileDebugKotlin,Store build info,1.0,5.0,1,5,1,8,ms
:feature:file-contact:compileDebugKotlin,Clear output,1.0,1.0,1,1,1,1,ms
:feature:forecast-contact:compileDebugKotlin,Sources compilation round,1857.6,1707.58,1901,1729,2323,2162,ms
:feature:forecast-contact:compileDebugKotlin,Incremental compilation in daemon,2038.34,1894.6,2070,1908,2494,2400,ms
:feature:forecast-contact:compileDebugKotlin,Task action before worker execution,22.62,20.32,23,19,31,33,ms
:feature:forecast-contact:compileDebugKotlin,Start gradle worker,3.31,2.35,3,2,8,6,ms
:feature:forecast-contact:compileDebugKotlin,Compiler initialization time,74.26,64.68,68,62,91,99,ms
:feature:forecast-contact:compileDebugKotlin,Calculate output size,2.3,3.38,1,3,6,9,ms
:feature:forecast-contact:compileDebugKotlin,Compiler IR lowering,181.34,171.72,187,160,241,251,ms
:feature:forecast-contact:compileDebugKotlin,Compiler translation to IR,433.76,401.6,400,374,610,550,ms
:feature:forecast-contact:compileDebugKotlin,Compiler backend,165.46,159.26,156,156,242,241,ms
:feature:forecast-contact:compileDebugKotlin,Compiler code analysis,726.64,662.5,675,644,1029,917,ms
:feature:forecast-contact:compileDebugKotlin,Run compilation in Gradle worker,2134.48,1989.1,2161,1988,2543,2475,ms
:feature:forecast-contact:compileDebugKotlin,Load current classpath snapshot,18.96,18.02,19,17,31,29,ms
:feature:forecast-contact:compileDebugKotlin,Update caches,4.48,4.62,4,4,8,9,ms
:feature:forecast-contact:compileDebugKotlin,Total Gradle task time,2351.26,2195.16,2371,2188,2829,2726,ms
:feature:forecast-contact:compileDebugKotlin,Shrink and save current classpath snapshot after compilation,64.9,61.84,63,60,96,98,ms
:feature:forecast-contact:compileDebugKotlin,Compiler code generation,347.3,331.52,357,306,470,454,ms
:feature:forecast-contact:compileDebugKotlin,Remove duplicate classes,6.94,6.74,6,6,12,12,ms
:feature:forecast-contact:compileDebugKotlin,Run compilation,2121.6,1973.5,2149,1973,2538,2435,ms
:feature:forecast-contact:compileDebugKotlin,Shrink current classpath snapshot non-incrementally,43.1,41.12,41,41,67,68,ms
:feature:forecast-contact:compileDebugKotlin,Spent time before task action,86.78,77.28,85,76,122,109,ms
:feature:forecast-contact:compileDebugKotlin,Analysis lines per second,604,666,619,648,746,872,
:feature:forecast-contact:compileDebugKotlin,Total size of the cache directory,562.8,562.8,563,563,563,563,KB
:feature:forecast-contact:compileDebugKotlin,Number of cache hits when loading classpath entry snapshots,101,101,101,101,105,107,
:feature:forecast-contact:compileDebugKotlin,Number of lines analyzed,418,418,418,418,418,418,
:feature:forecast-contact:compileDebugKotlin,Size of shrunk classpath snapshot,46.4,46.4,46,46,46,46,KB
:feature:forecast-contact:compileDebugKotlin,Number of cache misses when loading classpath entry snapshots,14,14,15,15,15,15,
:feature:forecast-contact:compileDebugKotlin,Total compiler iteration,1,1,1,1,1,1,
:feature:forecast-contact:compileDebugKotlin,Number of times classpath snapshot is shrunk and saved after compilation,1,1,1,1,1,1,
:feature:forecast-contact:compileDebugKotlin,Number of times classpath snapshot is loaded,1,1,1,1,1,1,
:feature:forecast-contact:compileDebugKotlin,Code generation lines per second,1299,1379,1169,1363,1915,2042,
:feature:forecast-contact:compileDebugKotlin,ABI snapshot size,18.0,18.0,18,18,18,18,B
:feature:forecast-contact:compileDebugKotlin,Size of classpath snapshot,6.1,6.1,6,6,6,6,MB
:feature:forecast-contact:compileDebugKotlin,Number of classpath entries,116,116,116,116,116,116,
:feature:forecast-contact:compileDebugKotlin,Save shrunk current classpath snapshot,2.71,4.29,2,3,6,9,ms
:feature:forecast-contact:compileDebugKotlin,Store build info,3.5,3.0,4,3,4,5,ms
:feature:forecast-contact:compileDebugKotlin,Clear outputs on rebuild,2.0,3.0,2,3,2,3,ms
:feature:forecast-contact:compileDebugKotlin,Clear output,2.0,2.0,2,2,2,2,ms
:feature:gallery-contact:compileDebugKotlin,Sources compilation round,1362.88,1349.12,1314,1343,1851,1745,ms
:feature:gallery-contact:compileDebugKotlin,Incremental compilation in daemon,1505.02,1501.42,1479,1498,1955,1906,ms
:feature:gallery-contact:compileDebugKotlin,Task action before worker execution,15.66,17.72,15,17,26,29,ms
:feature:gallery-contact:compileDebugKotlin,Start gradle worker,2.31,2.15,1,1,4,5,ms
:feature:gallery-contact:compileDebugKotlin,Compiler initialization time,56.9,54.78,51,54,88,82,ms
:feature:gallery-contact:compileDebugKotlin,Calculate output size,2.04,2.27,1,1,4,5,ms
:feature:gallery-contact:compileDebugKotlin,Compiler IR lowering,153.76,138.5,122,116,205,185,ms
:feature:gallery-contact:compileDebugKotlin,Compiler translation to IR,363.2,334.66,317,297,781,457,ms
:feature:gallery-contact:compileDebugKotlin,Compiler backend,103.26,103.6,102,106,156,154,ms
:feature:gallery-contact:compileDebugKotlin,Compiler code analysis,464.7,481.58,464,470,583,658,ms
:feature:gallery-contact:compileDebugKotlin,Run compilation in Gradle worker,1567.42,1554.94,1545,1547,1995,1961,ms
:feature:gallery-contact:compileDebugKotlin,Load current classpath snapshot,6.22,7.32,6,6,10,14,ms
:feature:gallery-contact:compileDebugKotlin,Update caches,2.86,2.88,2,2,5,5,ms
:feature:gallery-contact:compileDebugKotlin,Total Gradle task time,1723.78,1698.6,1676,1672,2162,2108,ms
:feature:gallery-contact:compileDebugKotlin,Shrink and save current classpath snapshot after compilation,45.64,52.5,48,48,66,85,ms
:feature:gallery-contact:compileDebugKotlin,Compiler code generation,257.62,242.74,219,222,384,336,ms
:feature:gallery-contact:compileDebugKotlin,Remove duplicate classes,5.14,5.64,5,5,9,9,ms
:feature:gallery-contact:compileDebugKotlin,Run compilation,1554.02,1545.92,1523,1533,1988,1958,ms
:feature:gallery-contact:compileDebugKotlin,Shrink current classpath snapshot non-incrementally,36.72,42.58,38,39,57,68,ms
:feature:gallery-contact:compileDebugKotlin,Spent time before task action,43.82,42.66,43,41,67,64,ms
:feature:gallery-contact:compileDebugKotlin,Analysis lines per second,954,917,900,889,1272,1252,
:feature:gallery-contact:compileDebugKotlin,Total size of the cache directory,546.4,546.4,546,546,546,546,KB
:feature:gallery-contact:compileDebugKotlin,Number of cache hits when loading classpath entry snapshots,126,126,126,126,126,126,
:feature:gallery-contact:compileDebugKotlin,Number of lines analyzed,418,418,418,418,418,418,
:feature:gallery-contact:compileDebugKotlin,Size of shrunk classpath snapshot,46.4,46.4,46,46,46,46,KB
:feature:gallery-contact:compileDebugKotlin,Number of cache misses when loading classpath entry snapshots,1,1,1,1,1,1,
:feature:gallery-contact:compileDebugKotlin,Total compiler iteration,1,1,1,1,1,1,
:feature:gallery-contact:compileDebugKotlin,Number of times classpath snapshot is shrunk and saved after compilation,1,1,1,1,1,1,
:feature:gallery-contact:compileDebugKotlin,Number of times classpath snapshot is loaded,1,1,1,1,1,1,
:feature:gallery-contact:compileDebugKotlin,Code generation lines per second,1987,1923,1904,1878,3170,2772,
:feature:gallery-contact:compileDebugKotlin,ABI snapshot size,18.0,18.0,18,18,18,18,B
:feature:gallery-contact:compileDebugKotlin,Size of classpath snapshot,6.5,6.5,7,7,7,7,MB
:feature:gallery-contact:compileDebugKotlin,Number of classpath entries,127,127,127,127,127,127,
:feature:gallery-contact:compileDebugKotlin,Save shrunk current classpath snapshot,2.63,3.4,2,3,6,6,ms
:feature:gallery-contact:compileDebugKotlin,Clear output,1.0,,1,,1,,ms
:feature:gallery-contact:compileDebugKotlin,Store build info,1.0,,1,,1,,ms
:feature:gallery-contact:compileDebugKotlin,Clear outputs on rebuild,1.5,,2,,2,,ms
:feature:group-contact:compileDebugKotlin,Sources compilation round,1711.32,1581.3,1716,1518,2228,2061,ms
:feature:group-contact:compileDebugKotlin,Incremental compilation in daemon,1884.72,1727.42,1903,1654,2421,2208,ms
:feature:group-contact:compileDebugKotlin,Task action before worker execution,20.9,16.86,19,17,28,26,ms
:feature:group-contact:compileDebugKotlin,Start gradle worker,2.49,2.04,2,1,5,4,ms
:feature:group-contact:compileDebugKotlin,Compiler initialization time,72.36,56.96,61,53,109,101,ms
:feature:group-contact:compileDebugKotlin,Calculate output size,2.73,2.06,2,1,6,4,ms
:feature:group-contact:compileDebugKotlin,Compiler IR lowering,163.8,159.26,159,144,241,250,ms
:feature:group-contact:compileDebugKotlin,Compiler translation to IR,386.34,350.82,369,351,505,467,ms
:feature:group-contact:compileDebugKotlin,Compiler backend,150.54,149.8,145,147,214,233,ms
:feature:group-contact:compileDebugKotlin,Compiler code analysis,698.0,642.18,663,612,990,919,ms
:feature:group-contact:compileDebugKotlin,Run compilation in Gradle worker,1981.44,1816.96,1994,1833,2531,2340,ms
:feature:group-contact:compileDebugKotlin,Load current classpath snapshot,19.34,16.24,19,16,28,24,ms
:feature:group-contact:compileDebugKotlin,Update caches,5.02,4.48,5,4,9,8,ms
:feature:group-contact:compileDebugKotlin,Total Gradle task time,2179.42,2001.82,2160,2032,2774,2548,ms
:feature:group-contact:compileDebugKotlin,Shrink and save current classpath snapshot after compilation,64.08,53.9,68,50,87,83,ms
:feature:group-contact:compileDebugKotlin,Compiler code generation,314.82,309.52,312,308,437,450,ms
:feature:group-contact:compileDebugKotlin,Remove duplicate classes,6.82,5.44,6,5,10,10,ms
:feature:group-contact:compileDebugKotlin,Run compilation,1970.1,1802.9,1987,1776,2523,2318,ms
:feature:group-contact:compileDebugKotlin,Shrink current classpath snapshot non-incrementally,41.7,34.6,42,30,57,54,ms
:feature:group-contact:compileDebugKotlin,Spent time before task action,82.04,73.44,79,77,123,105,ms
:feature:group-contact:compileDebugKotlin,Analysis lines per second,642,696,630,682,913,906,
:feature:group-contact:compileDebugKotlin,Total size of the cache directory,545.7,545.7,546,546,546,546,KB
:feature:group-contact:compileDebugKotlin,Number of cache hits when loading classpath entry snapshots,110,110,111,111,111,111,
:feature:group-contact:compileDebugKotlin,Number of lines analyzed,418,418,418,418,418,418,
:feature:group-contact:compileDebugKotlin,Size of shrunk classpath snapshot,46.4,46.4,46,46,46,46,KB
:feature:group-contact:compileDebugKotlin,Number of cache misses when loading classpath entry snapshots,17,17,17,17,21,22,
:feature:group-contact:compileDebugKotlin,Total compiler iteration,1,1,1,1,1,1,
:feature:group-contact:compileDebugKotlin,Number of times classpath snapshot is shrunk and saved after compilation,1,1,1,1,1,1,
:feature:group-contact:compileDebugKotlin,Number of times classpath snapshot is loaded,1,1,1,1,1,1,
:feature:group-contact:compileDebugKotlin,Code generation lines per second,1438,1498,1341,1356,2058,2075,
:feature:group-contact:compileDebugKotlin,ABI snapshot size,18.0,18.0,18,18,18,18,B
:feature:group-contact:compileDebugKotlin,Size of classpath snapshot,6.5,6.5,7,7,7,7,MB
:feature:group-contact:compileDebugKotlin,Number of classpath entries,128,128,128,128,128,128,
:feature:group-contact:compileDebugKotlin,Save shrunk current classpath snapshot,2.5,2.58,2,3,7,4,ms
:feature:group-contact:compileDebugKotlin,Store build info,5.33,1.0,5,1,8,1,ms
:feature:group-contact:compileDebugKotlin,Generate compiler reference index,3.0,,3,,3,,ms
:feature:identity-contact:compileDebugKotlin,Sources compilation round,1250.86,1142.66,1269,1147,1588,1387,ms
:feature:identity-contact:compileDebugKotlin,Incremental compilation in daemon,1381.22,1268.92,1384,1278,1712,1533,ms
:feature:identity-contact:compileDebugKotlin,Task action before worker execution,16.68,16.3,16,15,28,27,ms
:feature:identity-contact:compileDebugKotlin,Start gradle worker,1.83,2.84,1,2,4,6,ms
:feature:identity-contact:compileDebugKotlin,Compiler initialization time,55.1,49.7,56,45,82,81,ms
:feature:identity-contact:compileDebugKotlin,Calculate output size,2.27,2.53,1,1,5,6,ms
:feature:identity-contact:compileDebugKotlin,Compiler IR lowering,113.22,101.44,106,98,180,150,ms
:feature:identity-contact:compileDebugKotlin,Compiler translation to IR,320.02,296.8,312,301,434,371,ms
:feature:identity-contact:compileDebugKotlin,Compiler backend,105.5,90.62,100,87,164,126,ms
:feature:identity-contact:compileDebugKotlin,Compiler code analysis,450.54,428.14,444,429,586,536,ms
:feature:identity-contact:compileDebugKotlin,Run compilation in Gradle worker,1425.08,1321.14,1422,1323,1744,1679,ms
:feature:identity-contact:compileDebugKotlin,Load current classpath snapshot,6.24,6.6,5,7,10,10,ms
:feature:identity-contact:compileDebugKotlin,Update caches,2.92,2.88,2,2,5,5,ms
:feature:identity-contact:compileDebugKotlin,Total Gradle task time,1572.54,1452.46,1570,1435,1940,1816,ms
:feature:identity-contact:compileDebugKotlin,Shrink and save current classpath snapshot after compilation,49.86,45.6,46,43,77,66,ms
:feature:identity-contact:compileDebugKotlin,Compiler code generation,219.32,192.58,205,190,334,281,ms
:feature:identity-contact:compileDebugKotlin,Remove duplicate classes,5.24,5.34,5,6,9,9,ms
:feature:identity-contact:compileDebugKotlin,Run compilation,1415.3,1311.44,1410,1320,1741,1651,ms
:feature:identity-contact:compileDebugKotlin,Shrink current classpath snapshot non-incrementally,40.94,36.56,39,35,63,53,ms
:feature:identity-contact:compileDebugKotlin,Spent time before task action,42.28,40.9,42,38,60,60,ms
:feature:identity-contact:compileDebugKotlin,Analysis lines per second,966,1028,940,973,1241,1297,
:feature:identity-contact:compileDebugKotlin,Total size of the cache directory,562.8,562.8,563,563,563,563,KB
:feature:identity-contact:compileDebugKotlin,Number of cache hits when loading classpath entry snapshots,135,135,135,135,135,135,
:feature:identity-contact:compileDebugKotlin,Number of lines analyzed,418,418,418,418,418,418,
:feature:identity-contact:compileDebugKotlin,Size of shrunk classpath snapshot,46.4,46.4,46,46,46,46,KB
:feature:identity-contact:compileDebugKotlin,Number of cache misses when loading classpath entry snapshots,1,1,1,1,1,1,
:feature:identity-contact:compileDebugKotlin,Total compiler iteration,1,1,1,1,1,1,
:feature:identity-contact:compileDebugKotlin,Number of times classpath snapshot is shrunk and saved after compilation,1,1,1,1,1,1,
:feature:identity-contact:compileDebugKotlin,Number of times classpath snapshot is loaded,1,1,1,1,1,1,
:feature:identity-contact:compileDebugKotlin,Code generation lines per second,2110,2368,2037,2191,2963,3519,
:feature:identity-contact:compileDebugKotlin,ABI snapshot size,18.0,18.0,18,18,18,18,B
:feature:identity-contact:compileDebugKotlin,Size of classpath snapshot,6.7,6.7,7,7,7,7,MB
:feature:identity-contact:compileDebugKotlin,Number of classpath entries,136,136,136,136,136,136,
:feature:identity-contact:compileDebugKotlin,Save shrunk current classpath snapshot,2.0,1.67,2,2,4,2,ms
:feature:identity-contact:compileDebugKotlin,Store build info,2.75,2.0,3,2,3,3,ms
:feature:list-contact:compileDebugKotlin,Sources compilation round,1425.88,1341.06,1372,1313,1828,1717,ms
:feature:list-contact:compileDebugKotlin,Incremental compilation in daemon,1559.18,1469.76,1502,1438,1981,1889,ms
:feature:list-contact:compileDebugKotlin,Task action before worker execution,14.64,15.98,14,15,21,24,ms
:feature:list-contact:compileDebugKotlin,Start gradle worker,1.74,1.81,1,1,4,4,ms
:feature:list-contact:compileDebugKotlin,Compiler initialization time,67.54,61.36,66,61,95,87,ms
:feature:list-contact:compileDebugKotlin,Calculate output size,2.54,2.38,2,1,4,5,ms
:feature:list-contact:compileDebugKotlin,Compiler IR lowering,130.04,122.4,132,116,183,183,ms
:feature:list-contact:compileDebugKotlin,Compiler translation to IR,346.66,315.56,323,301,500,398,ms
:feature:list-contact:compileDebugKotlin,Compiler backend,123.48,111.16,121,115,187,152,ms
:feature:list-contact:compileDebugKotlin,Compiler code analysis,542.08,518.06,513,520,737,674,ms
:feature:list-contact:compileDebugKotlin,Run compilation in Gradle worker,1619.08,1526.9,1575,1489,2050,1969,ms
:feature:list-contact:compileDebugKotlin,Load current classpath snapshot,6.4,6.3,6,6,10,10,ms
:feature:list-contact:compileDebugKotlin,Update caches,3.14,3.06,2,2,6,5,ms
:feature:list-contact:compileDebugKotlin,Total Gradle task time,1767.68,1668.66,1704,1630,2267,2140,ms
:feature:list-contact:compileDebugKotlin,Shrink and save current classpath snapshot after compilation,46.96,44.3,49,45,66,58,ms
:feature:list-contact:compileDebugKotlin,Compiler code generation,254.06,233.96,248,226,370,308,ms
:feature:list-contact:compileDebugKotlin,Remove duplicate classes,5.12,5.02,5,5,9,9,ms
:feature:list-contact:compileDebugKotlin,Run compilation,1594.38,1501.88,1540,1471,2006,1925,ms
:feature:list-contact:compileDebugKotlin,Shrink current classpath snapshot non-incrementally,37.92,35.3,38,37,57,50,ms
:feature:list-contact:compileDebugKotlin,Spent time before task action,42.16,40.26,40,36,61,63,ms
:feature:list-contact:compileDebugKotlin,Analysis lines per second,812,847,813,804,1070,1143,
:feature:list-contact:compileDebugKotlin,Total size of the cache directory,545.3,545.3,545,545,545,545,KB
:feature:list-contact:compileDebugKotlin,Number of cache hits when loading classpath entry snapshots,109,109,109,109,109,109,
:feature:list-contact:compileDebugKotlin,Number of lines analyzed,418,418,418,418,418,418,
:feature:list-contact:compileDebugKotlin,Size of shrunk classpath snapshot,46.4,46.4,46,46,46,46,KB
:feature:list-contact:compileDebugKotlin,Number of cache misses when loading classpath entry snapshots,1,1,1,1,1,1,
:feature:list-contact:compileDebugKotlin,Total compiler iteration,1,1,1,1,1,1,
:feature:list-contact:compileDebugKotlin,Number of times classpath snapshot is shrunk and saved after compilation,1,1,1,1,1,1,
:feature:list-contact:compileDebugKotlin,Number of times classpath snapshot is loaded,1,1,1,1,1,1,
:feature:list-contact:compileDebugKotlin,Code generation lines per second,1762,1913,1683,1849,2338,2777,
:feature:list-contact:compileDebugKotlin,ABI snapshot size,18.0,18.0,18,18,18,18,B
:feature:list-contact:compileDebugKotlin,Size of classpath snapshot,6.0,6.0,6,6,6,6,MB
:feature:list-contact:compileDebugKotlin,Number of classpath entries,110,110,110,110,110,110,
:feature:list-contact:compileDebugKotlin,Save shrunk current classpath snapshot,3.8,3.0,3,3,7,5,ms
:feature:list-contact:compileDebugKotlin,Generate compiler reference index,3.0,,3,,3,,ms
:feature:list-contact:compileDebugKotlin,Store build info,1.0,2.0,1,2,1,2,ms
:feature:list-contact:compileDebugKotlin,Clear outputs on rebuild,1.0,,1,,1,,ms
:feature:location-contact:compileDebugKotlin,Sources compilation round,1329.3,1163.62,1300,1142,1646,1513,ms
:feature:location-contact:compileDebugKotlin,Incremental compilation in daemon,1461.6,1289.36,1427,1280,1775,1652,ms
:feature:location-contact:compileDebugKotlin,Clear outputs on rebuild,1.0,1.0,1,1,1,1,ms
:feature:location-contact:compileDebugKotlin,Task action before worker execution,18.12,14.68,18,15,30,23,ms
:feature:location-contact:compileDebugKotlin,Start gradle worker,2.15,2.44,1,2,4,5,ms
:feature:location-contact:compileDebugKotlin,Compiler initialization time,55.08,44.34,52,41,87,58,ms
:feature:location-contact:compileDebugKotlin,Calculate output size,2.14,2.13,1,1,4,5,ms
:feature:location-contact:compileDebugKotlin,Compiler IR lowering,125.54,103.96,118,104,195,157,ms
:feature:location-contact:compileDebugKotlin,Compiler translation to IR,341.02,302.88,321,287,428,398,ms
:feature:location-contact:compileDebugKotlin,Compiler backend,109.86,92.0,107,93,163,133,ms
:feature:location-contact:compileDebugKotlin,Compiler code analysis,489.66,437.12,495,421,622,538,ms
:feature:location-contact:compileDebugKotlin,Run compilation in Gradle worker,1504.8,1332.1,1455,1312,1820,1701,ms
:feature:location-contact:compileDebugKotlin,Load current classpath snapshot,6.86,6.56,7,6,11,12,ms
:feature:location-contact:compileDebugKotlin,Update caches,3.0,2.88,2,2,6,5,ms
:feature:location-contact:compileDebugKotlin,Total Gradle task time,1665.38,1460.76,1621,1424,2010,1843,ms
:feature:location-contact:compileDebugKotlin,Shrink and save current classpath snapshot after compilation,48.14,44.2,52,45,66,66,ms
:feature:location-contact:compileDebugKotlin,Compiler code generation,235.82,196.48,229,196,328,270,ms
:feature:location-contact:compileDebugKotlin,Remove duplicate classes,5.76,5.24,6,6,9,8,ms
:feature:location-contact:compileDebugKotlin,Run compilation,1496.54,1325.38,1452,1308,1810,1694,ms
:feature:location-contact:compileDebugKotlin,Shrink current classpath snapshot non-incrementally,39.0,34.76,42,36,53,55,ms
:feature:location-contact:compileDebugKotlin,Spent time before task action,54.26,41.46,45,41,77,61,ms
:feature:location-contact:compileDebugKotlin,Analysis lines per second,889,1004,843,992,1230,1338,
:feature:location-contact:compileDebugKotlin,Total size of the cache directory,562.8,562.8,563,563,563,563,KB
:feature:location-contact:compileDebugKotlin,Number of cache hits when loading classpath entry snapshots,125,125,125,125,125,125,
:feature:location-contact:compileDebugKotlin,Number of lines analyzed,418,418,418,418,418,418,
:feature:location-contact:compileDebugKotlin,Size of shrunk classpath snapshot,46.4,46.4,46,46,46,46,KB
:feature:location-contact:compileDebugKotlin,Number of cache misses when loading classpath entry snapshots,1,1,1,1,1,1,
:feature:location-contact:compileDebugKotlin,Total compiler iteration,1,1,1,1,1,1,
:feature:location-contact:compileDebugKotlin,Number of times classpath snapshot is shrunk and saved after compilation,1,1,1,1,1,1,
:feature:location-contact:compileDebugKotlin,Number of times classpath snapshot is loaded,1,1,1,1,1,1,
:feature:location-contact:compileDebugKotlin,Code generation lines per second,1940,2344,1822,2134,2763,3575,
:feature:location-contact:compileDebugKotlin,ABI snapshot size,18.0,18.0,18,18,18,18,B
:feature:location-contact:compileDebugKotlin,Size of classpath snapshot,6.4,6.4,6,6,6,6,MB
:feature:location-contact:compileDebugKotlin,Number of classpath entries,126,126,126,126,126,126,
:feature:location-contact:compileDebugKotlin,Save shrunk current classpath snapshot,1.63,2.82,1,2,3,7,ms
:feature:location-contact:compileDebugKotlin,Store build info,1.0,3.0,1,3,1,3,ms
:feature:location-contact:compileDebugKotlin,Clear output,1.0,,1,,1,,ms
:feature:log-contact:compileDebugKotlin,Sources compilation round,1211.02,1171.58,1213,1128,1579,1562,ms
:feature:log-contact:compileDebugKotlin,Incremental compilation in daemon,1341.94,1301.88,1334,1291,1760,1704,ms
:feature:log-contact:compileDebugKotlin,Task action before worker execution,15.62,17.78,15,15,27,28,ms
:feature:log-contact:compileDebugKotlin,Start gradle worker,2.26,1.83,2,1,4,4,ms
:feature:log-contact:compileDebugKotlin,Compiler initialization time,62.14,61.56,56,59,105,99,ms
:feature:log-contact:compileDebugKotlin,Calculate output size,3.83,2.02,1,1,5,4,ms
:feature:log-contact:compileDebugKotlin,Compiler IR lowering,122.48,116.34,119,119,179,154,ms
:feature:log-contact:compileDebugKotlin,Compiler translation to IR,302.36,290.24,286,279,409,381,ms
:feature:log-contact:compileDebugKotlin,Compiler backend,96.12,96.12,98,96,139,135,ms
:feature:log-contact:compileDebugKotlin,Compiler code analysis,447.26,427.48,428,399,611,572,ms
:feature:log-contact:compileDebugKotlin,Run compilation in Gradle worker,1398.24,1354.66,1404,1323,1809,1738,ms
:feature:log-contact:compileDebugKotlin,Load current classpath snapshot,6.56,6.9,6,7,11,13,ms
:feature:log-contact:compileDebugKotlin,Update caches,3.32,2.82,3,2,6,5,ms
:feature:log-contact:compileDebugKotlin,Total Gradle task time,1550.74,1499.98,1529,1457,1973,1926,ms
:feature:log-contact:compileDebugKotlin,Shrink and save current classpath snapshot after compilation,45.6,48.52,46,46,66,76,ms
:feature:log-contact:compileDebugKotlin,Compiler code generation,219.02,212.88,212,208,318,275,ms
:feature:log-contact:compileDebugKotlin,Remove duplicate classes,5.52,5.68,6,6,9,10,ms
:feature:log-contact:compileDebugKotlin,Run compilation,1378.96,1336.62,1372,1319,1799,1731,ms
:feature:log-contact:compileDebugKotlin,Shrink current classpath snapshot non-incrementally,36.04,38.98,36,36,52,63,ms
:feature:log-contact:compileDebugKotlin,Spent time before task action,50.56,38.38,45,37,78,55,ms
:feature:log-contact:compileDebugKotlin,Analysis lines per second,991,1017,974,1047,1391,1265,
:feature:log-contact:compileDebugKotlin,Total size of the cache directory,544.9,544.9,545,545,545,545,KB
:feature:log-contact:compileDebugKotlin,Number of cache hits when loading classpath entry snapshots,144,144,144,144,144,144,
:feature:log-contact:compileDebugKotlin,Number of lines analyzed,418,418,418,418,418,418,
:feature:log-contact:compileDebugKotlin,Size of shrunk classpath snapshot,46.4,46.4,46,46,46,46,KB
:feature:log-contact:compileDebugKotlin,Number of cache misses when loading classpath entry snapshots,1,1,1,1,1,1,
:feature:log-contact:compileDebugKotlin,Total compiler iteration,1,1,1,1,1,1,
:feature:log-contact:compileDebugKotlin,Number of times classpath snapshot is shrunk and saved after compilation,1,1,1,1,1,1,
:feature:log-contact:compileDebugKotlin,Number of times classpath snapshot is loaded,1,1,1,1,1,1,
:feature:log-contact:compileDebugKotlin,Code generation lines per second,2059,2110,1974,2008,2873,2933,
:feature:log-contact:compileDebugKotlin,ABI snapshot size,18.0,18.0,18,18,18,18,B
:feature:log-contact:compileDebugKotlin,Size of classpath snapshot,7.0,7.0,7,7,7,7,MB
:feature:log-contact:compileDebugKotlin,Number of classpath entries,145,145,145,145,145,145,
:feature:log-contact:compileDebugKotlin,Save shrunk current classpath snapshot,2.78,2.67,3,3,7,3,ms
:feature:log-contact:compileDebugKotlin,Clear outputs on rebuild,1.33,2.0,1,2,2,2,ms
:feature:log-contact:compileDebugKotlin,Store build info,3.5,,4,,4,,ms
:feature:log-contact:compileDebugKotlin,Clear output,2.0,36.5,2,37,2,68,ms
:feature:login-contact:compileDebugKotlin,Sources compilation round,1117.98,1065.84,1109,1038,1409,1465,ms
:feature:login-contact:compileDebugKotlin,Incremental compilation in daemon,1259.08,1186.96,1241,1159,1625,1601,ms
:feature:login-contact:compileDebugKotlin,Task action before worker execution,14.46,16.96,14,16,26,25,ms
:feature:login-contact:compileDebugKotlin,Start gradle worker,1.98,2.55,1,2,3,6,ms
:feature:login-contact:compileDebugKotlin,Compiler initialization time,60.1,51.8,54,47,88,78,ms
:feature:login-contact:compileDebugKotlin,Calculate output size,2.56,1.8,2,1,5,4,ms
:feature:login-contact:compileDebugKotlin,Compiler IR lowering,93.74,96.5,90,89,126,144,ms
:feature:login-contact:compileDebugKotlin,Compiler translation to IR,278.08,274.52,257,242,366,376,ms
:feature:login-contact:compileDebugKotlin,Compiler backend,87.52,84.12,87,82,127,133,ms
:feature:login-contact:compileDebugKotlin,Compiler code analysis,427.3,399.0,413,392,570,522,ms
:feature:login-contact:compileDebugKotlin,Run compilation in Gradle worker,1308.86,1232.86,1291,1202,1676,1688,ms
:feature:login-contact:compileDebugKotlin,Load current classpath snapshot,6.68,6.5,6,6,10,11,ms
:feature:login-contact:compileDebugKotlin,Update caches,2.84,3.56,2,2,5,8,ms
:feature:login-contact:compileDebugKotlin,Total Gradle task time,1466.56,1367.22,1451,1315,1913,1812,ms
:feature:login-contact:compileDebugKotlin,Shrink and save current classpath snapshot after compilation,52.24,43.44,54,36,80,72,ms
:feature:login-contact:compileDebugKotlin,Compiler code generation,181.78,181.1,178,173,250,277,ms
:feature:login-contact:compileDebugKotlin,Remove duplicate classes,5.58,5.48,5,5,10,10,ms
:feature:login-contact:compileDebugKotlin,Run compilation,1291.88,1225.36,1278,1193,1658,1685,ms
:feature:login-contact:compileDebugKotlin,Shrink current classpath snapshot non-incrementally,42.82,33.94,43,27,66,58,ms
:feature:login-contact:compileDebugKotlin,Spent time before task action,40.56,38.6,40,36,62,60,ms
:feature:login-contact:compileDebugKotlin,Analysis lines per second,1033,1105,1012,1066,1376,1508,
:feature:login-contact:compileDebugKotlin,Total size of the cache directory,545.7,545.7,546,546,546,546,KB
:feature:login-contact:compileDebugKotlin,Number of cache hits when loading classpath entry snapshots,121,121,121,121,121,121,
:feature:login-contact:compileDebugKotlin,Number of lines analyzed,418,418,418,418,418,418,
:feature:login-contact:compileDebugKotlin,Size of shrunk classpath snapshot,46.4,46.4,46,46,46,46,KB
:feature:login-contact:compileDebugKotlin,Number of cache misses when loading classpath entry snapshots,1,1,1,1,1,1,
:feature:login-contact:compileDebugKotlin,Total compiler iteration,1,1,1,1,1,1,
:feature:login-contact:compileDebugKotlin,Number of times classpath snapshot is shrunk and saved after compilation,1,1,1,1,1,1,
:feature:login-contact:compileDebugKotlin,Number of times classpath snapshot is loaded,1,1,1,1,1,1,
:feature:login-contact:compileDebugKotlin,Code generation lines per second,2431,2598,2348,2418,3154,4091,
:feature:login-contact:compileDebugKotlin,ABI snapshot size,18.0,18.0,18,18,18,18,B
:feature:login-contact:compileDebugKotlin,Size of classpath snapshot,6.3,6.3,6,6,6,6,MB
:feature:login-contact:compileDebugKotlin,Number of classpath entries,122,122,122,122,122,122,
:feature:login-contact:compileDebugKotlin,Save shrunk current classpath snapshot,2.67,6.71,3,2,5,34,ms
:feature:login-contact:compileDebugKotlin,Clear output,3.5,,4,,4,,ms
:feature:login-contact:compileDebugKotlin,Store build info,4.67,3.0,5,3,6,3,ms
:feature:login-contact:compileDebugKotlin,Clear outputs on rebuild,3.0,,3,,3,,ms
:feature:map-contact:compileDebugKotlin,Sources compilation round,1376.92,1338.94,1316,1298,1630,1704,ms
:feature:map-contact:compileDebugKotlin,Incremental compilation in daemon,1518.68,1470.96,1460,1436,1802,1834,ms
:feature:map-contact:compileDebugKotlin,Task action before worker execution,17.46,15.46,18,16,28,24,ms
:feature:map-contact:compileDebugKotlin,Start gradle worker,2.22,2.21,2,1,4,4,ms
:feature:map-contact:compileDebugKotlin,Compiler initialization time,65.02,66.48,62,57,89,89,ms
:feature:map-contact:compileDebugKotlin,Calculate output size,2.36,2.8,2,2,4,7,ms
:feature:map-contact:compileDebugKotlin,Compiler IR lowering,130.6,133.32,130,128,180,171,ms
:feature:map-contact:compileDebugKotlin,Compiler translation to IR,334.44,331.2,327,321,425,402,ms
:feature:map-contact:compileDebugKotlin,Compiler backend,123.78,110.24,119,110,191,153,ms
:feature:map-contact:compileDebugKotlin,Compiler code analysis,523.48,500.94,514,488,670,680,ms
:feature:map-contact:compileDebugKotlin,Run compilation in Gradle worker,1579.14,1514.3,1520,1477,1845,1879,ms
:feature:map-contact:compileDebugKotlin,Load current classpath snapshot,6.88,6.84,7,7,10,10,ms
:feature:map-contact:compileDebugKotlin,Update caches,3.04,3.2,2,2,6,6,ms
:feature:map-contact:compileDebugKotlin,Total Gradle task time,1732.28,1664.62,1688,1624,2000,2046,ms
:feature:map-contact:compileDebugKotlin,Shrink and save current classpath snapshot after compilation,49.64,47.96,51,50,75,73,ms
:feature:map-contact:compileDebugKotlin,Compiler code generation,254.88,244.14,257,240,351,308,ms
:feature:map-contact:compileDebugKotlin,Remove duplicate classes,5.76,5.72,6,6,9,9,ms
:feature:map-contact:compileDebugKotlin,Run compilation,1565.92,1506.94,1500,1473,1843,1863,ms
:feature:map-contact:compileDebugKotlin,Shrink current classpath snapshot non-incrementally,39.84,38.38,41,41,62,58,ms
:feature:map-contact:compileDebugKotlin,Spent time before task action,46.7,43.42,47,39,72,65,ms
:feature:map-contact:compileDebugKotlin,Analysis lines per second,833,883,813,856,1061,1068,
:feature:map-contact:compileDebugKotlin,Total size of the cache directory,544.9,544.9,545,545,545,545,KB
:feature:map-contact:compileDebugKotlin,Number of cache hits when loading classpath entry snapshots,126,126,126,126,126,126,
:feature:map-contact:compileDebugKotlin,Number of lines analyzed,418,418,418,418,418,418,
:feature:map-contact:compileDebugKotlin,Size of shrunk classpath snapshot,46.4,46.4,46,46,46,46,KB
:feature:map-contact:compileDebugKotlin,Number of cache misses when loading classpath entry snapshots,1,1,1,1,1,1,
:feature:map-contact:compileDebugKotlin,Total compiler iteration,1,1,1,1,1,1,
:feature:map-contact:compileDebugKotlin,Number of times classpath snapshot is shrunk and saved after compilation,1,1,1,1,1,1,
:feature:map-contact:compileDebugKotlin,Number of times classpath snapshot is loaded,1,1,1,1,1,1,
:feature:map-contact:compileDebugKotlin,Code generation lines per second,1757,1867,1627,1740,2554,2773,
:feature:map-contact:compileDebugKotlin,ABI snapshot size,18.0,18.0,18,18,18,18,B
:feature:map-contact:compileDebugKotlin,Size of classpath snapshot,6.4,6.4,6,6,6,6,MB
:feature:map-contact:compileDebugKotlin,Number of classpath entries,127,127,127,127,127,127,
:feature:map-contact:compileDebugKotlin,Save shrunk current classpath snapshot,3.4,3.33,3,3,10,5,ms
:feature:map-contact:compileDebugKotlin,Store build info,3.25,1.5,2,2,9,2,ms
:feature:map-contact:compileDebugKotlin,Clear output,1.0,,1,,1,,ms
:feature:map-contact:compileDebugKotlin,Generate compiler reference index,1.0,,1,,1,,ms
:feature:map-contact:compileDebugKotlin,Clear outputs on rebuild,3.0,2.5,3,3,3,4,ms
:feature:media-contact:compileDebugKotlin,Sources compilation round,1381.88,1340.34,1332,1338,1881,1633,ms
:feature:media-contact:compileDebugKotlin,Incremental compilation in daemon,1524.86,1472.64,1476,1467,2017,1770,ms
:feature:media-contact:compileDebugKotlin,Task action before worker execution,18.9,15.54,19,16,31,23,ms
:feature:media-contact:compileDebugKotlin,Start gradle worker,2.42,2.04,2,1,5,4,ms
:feature:media-contact:compileDebugKotlin,Compiler initialization time,62.4,55.2,62,52,95,95,ms
:feature:media-contact:compileDebugKotlin,Calculate output size,2.51,2.88,1,2,6,7,ms
:feature:media-contact:compileDebugKotlin,Compiler IR lowering,122.2,123.5,126,124,176,167,ms
:feature:media-contact:compileDebugKotlin,Compiler translation to IR,311.66,342.98,313,315,430,411,ms
:feature:media-contact:compileDebugKotlin,Compiler backend,143.68,113.66,123,114,191,158,ms
:feature:media-contact:compileDebugKotlin,Compiler code analysis,538.4,495.6,510,489,743,613,ms
:feature:media-contact:compileDebugKotlin,Run compilation in Gradle worker,1578.3,1523.0,1516,1509,2067,1806,ms
:feature:media-contact:compileDebugKotlin,Load current classpath snapshot,6.68,6.42,7,6,10,10,ms
:feature:media-contact:compileDebugKotlin,Update caches,3.22,3.04,2,2,6,5,ms
:feature:media-contact:compileDebugKotlin,Total Gradle task time,1741.04,1659.34,1680,1641,2248,1971,ms
:feature:media-contact:compileDebugKotlin,Shrink and save current classpath snapshot after compilation,59.32,44.54,54,46,79,67,ms
:feature:media-contact:compileDebugKotlin,Compiler code generation,266.44,237.78,254,243,343,304,ms
:feature:media-contact:compileDebugKotlin,Remove duplicate classes,5.76,5.56,6,5,9,9,ms
:feature:media-contact:compileDebugKotlin,Run compilation,1565.04,1509.3,1504,1505,2062,1800,ms
:feature:media-contact:compileDebugKotlin,Shrink current classpath snapshot non-incrementally,49.74,35.72,43,35,66,58,ms
:feature:media-contact:compileDebugKotlin,Save shrunk current classpath snapshot,3.3,2.38,3,2,8,6,ms
:feature:media-contact:compileDebugKotlin,Spent time before task action,48.34,41.26,45,39,71,58,ms
:feature:media-contact:compileDebugKotlin,Analysis lines per second,818,880,820,854,1056,1194,
:feature:media-contact:compileDebugKotlin,Total size of the cache directory,545.7,545.7,546,546,546,546,KB
:feature:media-contact:compileDebugKotlin,Number of cache hits when loading classpath entry snapshots,133,133,133,133,133,133,
:feature:media-contact:compileDebugKotlin,Number of lines analyzed,418,418,418,418,418,418,
:feature:media-contact:compileDebugKotlin,Size of shrunk classpath snapshot,46.4,46.4,46,46,46,46,KB
:feature:media-contact:compileDebugKotlin,Number of cache misses when loading classpath entry snapshots,1,1,1,1,1,1,
:feature:media-contact:compileDebugKotlin,Total compiler iteration,1,1,1,1,1,1,
:feature:media-contact:compileDebugKotlin,Number of times classpath snapshot is shrunk and saved after compilation,1,1,1,1,1,1,
:feature:media-contact:compileDebugKotlin,Number of times classpath snapshot is loaded,1,1,1,1,1,1,
:feature:media-contact:compileDebugKotlin,Code generation lines per second,1829,1860,1646,1719,2873,2613,
:feature:media-contact:compileDebugKotlin,ABI snapshot size,18.0,18.0,18,18,18,18,B
:feature:media-contact:compileDebugKotlin,Size of classpath snapshot,6.7,6.7,7,7,7,7,MB
:feature:media-contact:compileDebugKotlin,Number of classpath entries,134,134,134,134,134,134,
:feature:media-contact:compileDebugKotlin,Clear output,2.0,3.0,2,3,2,3,ms
:feature:media-contact:compileDebugKotlin,Store build info,4.0,6.0,4,6,4,6,ms
:feature:message-contact:compileDebugKotlin,Sources compilation round,1233.92,1261.56,1208,1225,1609,1709,ms
:feature:message-contact:compileDebugKotlin,Incremental compilation in daemon,1363.9,1397.64,1325,1348,1708,1864,ms
:feature:message-contact:compileDebugKotlin,Task action before worker execution,15.9,15.96,17,16,25,25,ms
:feature:message-contact:compileDebugKotlin,Compiler initialization time,53.48,52.98,46,45,86,90,ms
:feature:message-contact:compileDebugKotlin,Calculate output size,2.0,2.19,1,1,5,6,ms
:feature:message-contact:compileDebugKotlin,Compiler IR lowering,120.28,123.3,115,125,168,186,ms
:feature:message-contact:compileDebugKotlin,Compiler translation to IR,340.64,320.04,344,322,435,411,ms
:feature:message-contact:compileDebugKotlin,Compiler backend,89.78,98.18,88,96,139,151,ms
:feature:message-contact:compileDebugKotlin,Compiler code analysis,439.06,464.48,425,429,561,660,ms
:feature:message-contact:compileDebugKotlin,Run compilation in Gradle worker,1411.12,1444.86,1351,1404,1788,1908,ms
:feature:message-contact:compileDebugKotlin,Load current classpath snapshot,6.3,6.78,6,7,11,11,ms
:feature:message-contact:compileDebugKotlin,Update caches,3.4,3.0,3,2,5,5,ms
:feature:message-contact:compileDebugKotlin,Total Gradle task time,1563.28,1599.4,1520,1577,1985,2132,ms
:feature:message-contact:compileDebugKotlin,Shrink and save current classpath snapshot after compilation,48.84,45.9,45,48,79,66,ms
:feature:message-contact:compileDebugKotlin,Compiler code generation,210.6,221.98,203,208,299,325,ms
:feature:message-contact:compileDebugKotlin,Remove duplicate classes,5.24,5.48,5,6,9,9,ms
:feature:message-contact:compileDebugKotlin,Run compilation,1400.96,1431.32,1349,1401,1784,1896,ms
:feature:message-contact:compileDebugKotlin,Shrink current classpath snapshot non-incrementally,39.6,36.54,36,38,67,55,ms
:feature:message-contact:compileDebugKotlin,Spent time before task action,40.36,51.76,37,39,65,74,ms
:feature:message-contact:compileDebugKotlin,Analysis lines per second,994,968,982,973,1231,1310,
:feature:message-contact:compileDebugKotlin,Total size of the cache directory,546.4,546.4,546,546,546,546,KB
:feature:message-contact:compileDebugKotlin,Number of cache hits when loading classpath entry snapshots,125,125,125,125,125,125,
:feature:message-contact:compileDebugKotlin,Number of lines analyzed,418,418,418,418,418,418,
:feature:message-contact:compileDebugKotlin,Size of shrunk classpath snapshot,46.4,46.4,46,46,46,46,KB
:feature:message-contact:compileDebugKotlin,Number of cache misses when loading classpath entry snapshots,1,1,1,1,1,1,
:feature:message-contact:compileDebugKotlin,Total compiler iteration,1,1,1,1,1,1,
:feature:message-contact:compileDebugKotlin,Number of times classpath snapshot is shrunk and saved after compilation,1,1,1,1,1,1,
:feature:message-contact:compileDebugKotlin,Number of times classpath snapshot is loaded,1,1,1,1,1,1,
:feature:message-contact:compileDebugKotlin,Code generation lines per second,2140,2040,2057,2011,2906,2776,
:feature:message-contact:compileDebugKotlin,ABI snapshot size,18.0,18.0,18,18,18,18,B
:feature:message-contact:compileDebugKotlin,Size of classpath snapshot,6.4,6.4,6,6,6,6,MB
:feature:message-contact:compileDebugKotlin,Number of classpath entries,126,126,126,126,126,126,
:feature:message-contact:compileDebugKotlin,Start gradle worker,2.3,2.09,2,1,5,5,ms
:feature:message-contact:compileDebugKotlin,Save shrunk current classpath snapshot,3.18,3.57,2,3,8,10,ms
:feature:message-contact:compileDebugKotlin,Store build info,4.0,2.33,4,2,5,4,ms
:feature:message-contact:compileDebugKotlin,Clear output,2.5,1.0,3,1,3,1,ms
:feature:message-contact:compileDebugKotlin,Clear outputs on rebuild,1.0,,1,,1,,ms
:feature:metric-contact:compileDebugKotlin,Sources compilation round,1627.1,1519.7,1604,1528,1942,1828,ms
:feature:metric-contact:compileDebugKotlin,Incremental compilation in daemon,1803.38,1668.6,1756,1655,2127,1999,ms
:feature:metric-contact:compileDebugKotlin,Task action before worker execution,19.02,16.9,18,17,32,26,ms
:feature:metric-contact:compileDebugKotlin,Start gradle worker,2.12,2.0,1,1,4,4,ms
:feature:metric-contact:compileDebugKotlin,Compiler initialization time,69.38,73.9,66,67,101,117,ms
:feature:metric-contact:compileDebugKotlin,Calculate output size,2.76,2.67,2,2,6,6,ms
:feature:metric-contact:compileDebugKotlin,Compiler IR lowering,160.3,138.14,160,138,218,195,ms
:feature:metric-contact:compileDebugKotlin,Compiler translation to IR,382.16,343.96,377,338,517,437,ms
:feature:metric-contact:compileDebugKotlin,Compiler backend,144.7,129.78,136,132,213,183,ms
:feature:metric-contact:compileDebugKotlin,Compiler code analysis,633.02,607.2,615,611,731,772,ms
:feature:metric-contact:compileDebugKotlin,Run compilation in Gradle worker,1855.4,1713.08,1797,1689,2203,2078,ms
:feature:metric-contact:compileDebugKotlin,Load current classpath snapshot,8.22,7.56,9,7,12,14,ms
:feature:metric-contact:compileDebugKotlin,Update caches,3.6,3.42,2,2,7,7,ms
:feature:metric-contact:compileDebugKotlin,Total Gradle task time,2033.48,1872.5,1944,1843,2464,2309,ms
:feature:metric-contact:compileDebugKotlin,Shrink and save current classpath snapshot after compilation,60.6,52.76,62,54,87,82,ms
:feature:metric-contact:compileDebugKotlin,Compiler code generation,305.38,268.36,301,273,445,370,ms
:feature:metric-contact:compileDebugKotlin,Remove duplicate classes,6.5,6.1,6,6,10,10,ms
:feature:metric-contact:compileDebugKotlin,Run compilation,1842.12,1701.96,1791,1683,2175,2051,ms
:feature:metric-contact:compileDebugKotlin,Shrink current classpath snapshot non-incrementally,49.24,41.78,49,42,74,69,ms
:feature:metric-contact:compileDebugKotlin,Spent time before task action,52.92,48.34,49,44,80,74,ms
:feature:metric-contact:compileDebugKotlin,Analysis lines per second,675,726,679,684,820,953,
:feature:metric-contact:compileDebugKotlin,Total size of the cache directory,546.1,546.1,546,546,546,546,KB
:feature:metric-contact:compileDebugKotlin,Number of cache hits when loading classpath entry snapshots,141,141,141,141,141,141,
:feature:metric-contact:compileDebugKotlin,Number of lines analyzed,418,418,418,418,418,418,
:feature:metric-contact:compileDebugKotlin,Size of shrunk classpath snapshot,46.4,46.4,46,46,46,46,KB
:feature:metric-contact:compileDebugKotlin,Number of cache misses when loading classpath entry snapshots,1,1,1,1,1,1,
:feature:metric-contact:compileDebugKotlin,Total compiler iteration,1,1,1,1,1,1,
:feature:metric-contact:compileDebugKotlin,Number of times classpath snapshot is shrunk and saved after compilation,1,1,1,1,1,1,
:feature:metric-contact:compileDebugKotlin,Number of times classpath snapshot is loaded,1,1,1,1,1,1,
:feature:metric-contact:compileDebugKotlin,Code generation lines per second,1488,1712,1387,1530,2025,2674,
:feature:metric-contact:compileDebugKotlin,ABI snapshot size,18.0,18.0,18,18,18,18,B
:feature:metric-contact:compileDebugKotlin,Size of classpath snapshot,6.9,6.9,7,7,7,7,MB
:feature:metric-contact:compileDebugKotlin,Number of classpath entries,142,142,142,142,142,142,
:feature:metric-contact:compileDebugKotlin,Store build info,3.0,2.25,2,3,5,3,ms
:feature:metric-contact:compileDebugKotlin,Save shrunk current classpath snapshot,3.58,2.64,3,3,10,6,ms
:feature:metric-contact:compileDebugKotlin,Clear output,2.0,2.67,2,3,2,4,ms
:feature:network-contact:compileDebugKotlin,Sources compilation round,1375.8,1237.04,1331,1217,1924,1522,ms
:feature:network-contact:compileDebugKotlin,Incremental compilation in daemon,1513.08,1373.74,1474,1351,2031,1695,ms
:feature:network-contact:compileDebugKotlin,Task action before worker execution,16.28,17.42,17,16,27,24,ms
:feature:network-contact:compileDebugKotlin,Start gradle worker,2.24,2.43,2,2,4,5,ms
:feature:network-contact:compileDebugKotlin,Compiler initialization time,61.9,57.38,54,53,98,84,ms
:feature:network-contact:compileDebugKotlin,Calculate output size,2.16,2.37,1,1,4,5,ms
:feature:network-contact:compileDebugKotlin,Compiler IR lowering,140.7,134.66,127,127,202,179,ms
:feature:network-contact:compileDebugKotlin,Compiler translation to IR,325.78,303.32,313,305,430,392,ms
:feature:network-contact:compileDebugKotlin,Compiler backend,122.92,108.98,108,97,159,158,ms
:feature:network-contact:compileDebugKotlin,Compiler code analysis,531.02,452.4,486,447,695,615,ms
:feature:network-contact:compileDebugKotlin,Run compilation in Gradle worker,1564.9,1416.72,1526,1387,2089,1723,ms
:feature:network-contact:compileDebugKotlin,Load current classpath snapshot,6.6,6.22,6,6,13,11,ms
:feature:network-contact:compileDebugKotlin,Update caches,2.94,2.88,2,2,5,5,ms
:feature:network-contact:compileDebugKotlin,Total Gradle task time,1719.58,1549.74,1673,1540,2243,1854,ms
:feature:network-contact:compileDebugKotlin,Shrink and save current classpath snapshot after compilation,51.5,48.38,52,44,77,65,ms
:feature:network-contact:compileDebugKotlin,Compiler code generation,264.0,244.26,236,231,342,334,ms
:feature:network-contact:compileDebugKotlin,Remove duplicate classes,5.46,5.1,5,5,10,9,ms
:feature:network-contact:compileDebugKotlin,Run compilation,1552.84,1404.26,1519,1374,2083,1716,ms
:feature:network-contact:compileDebugKotlin,Shrink current classpath snapshot non-incrementally,41.94,39.8,42,36,64,54,ms
:feature:network-contact:compileDebugKotlin,Save shrunk current classpath snapshot,2.25,2.25,3,2,3,4,ms
:feature:network-contact:compileDebugKotlin,Spent time before task action,44.06,37.74,44,37,64,56,ms
:feature:network-contact:compileDebugKotlin,Analysis lines per second,850,968,859,935,1188,1279,
:feature:network-contact:compileDebugKotlin,Total size of the cache directory,546.4,546.4,546,546,546,546,KB
:feature:network-contact:compileDebugKotlin,Number of cache hits when loading classpath entry snapshots,139,139,139,139,139,139,
:feature:network-contact:compileDebugKotlin,Number of lines analyzed,418,418,418,418,418,418,
:feature:network-contact:compileDebugKotlin,Size of shrunk classpath snapshot,46.4,46.4,46,46,46,46,KB
:feature:network-contact:compileDebugKotlin,Number of cache misses when loading classpath entry snapshots,1,1,1,1,1,1,
:feature:network-contact:compileDebugKotlin,Total compiler iteration,1,1,1,1,1,1,
:feature:network-contact:compileDebugKotlin,Number of times classpath snapshot is shrunk and saved after compilation,1,1,1,1,1,1,
:feature:network-contact:compileDebugKotlin,Number of times classpath snapshot is loaded,1,1,1,1,1,1,
:feature:network-contact:compileDebugKotlin,Code generation lines per second,1819,1945,1769,1805,2558,2902,
:feature:network-contact:compileDebugKotlin,ABI snapshot size,18.0,18.0,18,18,18,18,B
:feature:network-contact:compileDebugKotlin,Size of classpath snapshot,6.8,6.8,7,7,7,7,MB
:feature:network-contact:compileDebugKotlin,Number of classpath entries,140,140,140,140,140,140,
:feature:network-contact:compileDebugKotlin,Store build info,1.5,2.0,2,2,2,3,ms
:feature:news-contact:compileDebugKotlin,Sources compilation round,1024.1,996.34,1006,999,1290,1243,ms
:feature:news-contact:compileDebugKotlin,Incremental compilation in daemon,1133.72,1121.32,1117,1135,1439,1404,ms
:feature:news-contact:compileDebugKotlin,Task action before worker execution,12.26,11.54,10,11,21,18,ms
:feature:news-contact:compileDebugKotlin,Compiler initialization time,52.86,54.0,52,48,76,84,ms
:feature:news-contact:compileDebugKotlin,Calculate output size,1.96,2.0,1,1,4,4,ms
:feature:news-contact:compileDebugKotlin,Compiler IR lowering,82.52,87.18,74,84,121,131,ms
:feature:news-contact:compileDebugKotlin,Compiler translation to IR,284.82,267.6,255,262,368,378,ms
:feature:news-contact:compileDebugKotlin,Compiler backend,69.46,66.78,63,63,98,109,ms
:feature:news-contact:compileDebugKotlin,Compiler code analysis,383.08,373.0,361,360,519,510,ms
:feature:news-contact:compileDebugKotlin,Run compilation in Gradle worker,1177.9,1156.62,1163,1176,1482,1436,ms
:feature:news-contact:compileDebugKotlin,Load current classpath snapshot,5.38,5.98,4,5,10,10,ms
:feature:news-contact:compileDebugKotlin,Update caches,2.68,2.84,2,2,5,5,ms
:feature:news-contact:compileDebugKotlin,Total Gradle task time,1313.0,1277.3,1288,1288,1627,1599,ms
:feature:news-contact:compileDebugKotlin,Shrink and save current classpath snapshot after compilation,38.92,40.44,34,35,65,64,ms
:feature:news-contact:compileDebugKotlin,Compiler code generation,152.42,154.42,146,148,211,225,ms
:feature:news-contact:compileDebugKotlin,Remove duplicate classes,4.72,5.14,4,5,9,9,ms
:feature:news-contact:compileDebugKotlin,Run compilation,1164.9,1149.3,1156,1165,1470,1431,ms
:feature:news-contact:compileDebugKotlin,Shrink current classpath snapshot non-incrementally,31.28,32.6,27,30,51,51,ms
:feature:news-contact:compileDebugKotlin,Spent time before task action,39.56,34.42,37,29,55,60,ms
:feature:news-contact:compileDebugKotlin,Analysis lines per second,1154,1184,1160,1160,1499,1501,
:feature:news-contact:compileDebugKotlin,Total size of the cache directory,545.3,545.3,545,545,545,545,KB
:feature:news-contact:compileDebugKotlin,Number of cache hits when loading classpath entry snapshots,132,132,132,132,132,132,
:feature:news-contact:compileDebugKotlin,Number of lines analyzed,418,418,418,418,418,418,
:feature:news-contact:compileDebugKotlin,Size of shrunk classpath snapshot,46.4,46.4,46,46,46,46,KB
:feature:news-contact:compileDebugKotlin,Number of cache misses when loading classpath entry snapshots,1,1,1,1,1,1,
:feature:news-contact:compileDebugKotlin,Total compiler iteration,1,1,1,1,1,1,
:feature:news-contact:compileDebugKotlin,Number of times classpath snapshot is shrunk and saved after compilation,1,1,1,1,1,1,
:feature:news-contact:compileDebugKotlin,Number of times classpath snapshot is loaded,1,1,1,1,1,1,
:feature:news-contact:compileDebugKotlin,Code generation lines per second,2965,2957,2857,2819,4234,3983,
:feature:news-contact:compileDebugKotlin,ABI snapshot size,18.0,18.0,18,18,18,18,B
:feature:news-contact:compileDebugKotlin,Size of classpath snapshot,6.6,6.6,7,7,7,7,MB
:feature:news-contact:compileDebugKotlin,Number of classpath entries,133,133,133,133,133,133,
:feature:news-contact:compileDebugKotlin,Start gradle worker,3.33,1.51,1,1,5,3,ms
:feature:news-contact:compileDebugKotlin,Clear outputs on rebuild,1.0,4.0,1,4,1,4,ms
:feature:news-contact:compileDebugKotlin,Save shrunk current classpath snapshot,2.4,2.67,2,3,6,4,ms
:feature:news-contact:compileDebugKotlin,Store build info,3.67,3.33,3,3,5,5,ms
:feature:note-contact:compileDebugKotlin,Sources compilation round,1314.42,1269.4,1331,1270,1675,1567,ms
:feature:note-contact:compileDebugKotlin,Incremental compilation in daemon,1455.38,1403.98,1506,1410,1835,1734,ms
:feature:note-contact:compileDebugKotlin,Task action before worker execution,14.54,14.02,13,13,22,23,ms
:feature:note-contact:compileDebugKotlin,Start gradle worker,1.98,2.29,1,1,4,6,ms
:feature:note-contact:compileDebugKotlin,Compiler initialization time,61.7,63.66,57,57,87,108,ms
:feature:note-contact:compileDebugKotlin,Calculate output size,2.33,2.69,1,2,6,5,ms
:feature:note-contact:compileDebugKotlin,Compiler IR lowering,120.8,120.98,122,119,162,173,ms
:feature:note-contact:compileDebugKotlin,Compiler translation to IR,313.74,314.38,305,303,403,388,ms
:feature:note-contact:compileDebugKotlin,Compiler backend,105.8,109.02,105,102,157,158,ms
:feature:note-contact:compileDebugKotlin,Compiler code analysis,511.12,470.44,494,465,709,622,ms
:feature:note-contact:compileDebugKotlin,Run compilation in Gradle worker,1518.0,1457.24,1568,1474,1914,1814,ms
:feature:note-contact:compileDebugKotlin,Load current classpath snapshot,7.22,5.86,8,6,11,9,ms
:feature:note-contact:compileDebugKotlin,Update caches,2.54,3.04,2,2,5,6,ms
:feature:note-contact:compileDebugKotlin,Total Gradle task time,1668.08,1589.76,1714,1582,2053,1926,ms
:feature:note-contact:compileDebugKotlin,Shrink and save current classpath snapshot after compilation,52.22,46.28,53,47,72,70,ms
:feature:note-contact:compileDebugKotlin,Compiler code generation,227.16,230.58,230,229,302,327,ms
:feature:note-contact:compileDebugKotlin,Remove duplicate classes,5.88,5.04,6,5,9,8,ms
:feature:note-contact:compileDebugKotlin,Run compilation,1496.14,1441.94,1544,1456,1882,1774,ms
:feature:note-contact:compileDebugKotlin,Shrink current classpath snapshot non-incrementally,42.34,37.72,44,38,64,60,ms
:feature:note-contact:compileDebugKotlin,Spent time before task action,41.54,38.32,37,38,69,60,ms
:feature:note-contact:compileDebugKotlin,Analysis lines per second,863,937,845,897,1159,1220,
:feature:note-contact:compileDebugKotlin,Total size of the cache directory,545.3,545.3,545,545,545,545,KB
:feature:note-contact:compileDebugKotlin,Number of cache hits when loading classpath entry snapshots,121,121,121,121,121,121,
:feature:note-contact:compileDebugKotlin,Number of lines analyzed,418,418,418,418,418,418,
:feature:note-contact:compileDebugKotlin,Size of shrunk classpath snapshot,46.4,46.4,46,46,46,46,KB
:feature:note-contact:compileDebugKotlin,Number of cache misses when loading classpath entry snapshots,1,1,1,1,1,1,
:feature:note-contact:compileDebugKotlin,Total compiler iteration,1,1,1,1,1,1,
:feature:note-contact:compileDebugKotlin,Number of times classpath snapshot is shrunk and saved after compilation,1,1,1,1,1,1,
:feature:note-contact:compileDebugKotlin,Number of times classpath snapshot is loaded,1,1,1,1,1,1,
:feature:note-contact:compileDebugKotlin,Code generation lines per second,1981,1940,1815,1826,2966,2601,
:feature:note-contact:compileDebugKotlin,ABI snapshot size,18.0,18.0,18,18,18,18,B
:feature:note-contact:compileDebugKotlin,Size of classpath snapshot,6.3,6.3,6,6,6,6,MB
:feature:note-contact:compileDebugKotlin,Number of classpath entries,122,122,122,122,122,122,
:feature:note-contact:compileDebugKotlin,Store build info,2.0,3.0,2,3,2,4,ms
:feature:note-contact:compileDebugKotlin,Save shrunk current classpath snapshot,2.73,2.25,3,2,6,4,ms
:feature:note-contact:compileDebugKotlin,Clear outputs on rebuild,2.0,2.0,2,2,2,3,ms
:feature:notification-contact:compileDebugKotlin,Sources compilation round,1390.72,1279.34,1369,1275,1724,1672,ms
:feature:notification-contact:compileDebugKotlin,Incremental compilation in daemon,1520.9,1415.32,1499,1408,1858,1791,ms
:feature:notification-contact:compileDebugKotlin,Task action before worker execution,17.76,21.86,18,17,27,30,ms
:feature:notification-contact:compileDebugKotlin,Start gradle worker,2.18,2.22,2,2,4,5,ms
:feature:notification-contact:compileDebugKotlin,Compiler initialization time,64.72,53.98,62,53,97,78,ms
:feature:notification-contact:compileDebugKotlin,Calculate output size,2.24,2.11,1,1,4,4,ms
:feature:notification-contact:compileDebugKotlin,Compiler IR lowering,137.56,114.3,133,113,192,166,ms
:feature:notification-contact:compileDebugKotlin,Compiler translation to IR,335.28,329.18,339,313,422,453,ms
:feature:notification-contact:compileDebugKotlin,Compiler backend,119.58,106.36,115,104,158,152,ms
:feature:notification-contact:compileDebugKotlin,Compiler code analysis,516.76,472.64,499,477,654,634,ms
:feature:notification-contact:compileDebugKotlin,Run compilation in Gradle worker,1578.52,1463.42,1559,1446,1928,1841,ms
:feature:notification-contact:compileDebugKotlin,Load current classpath snapshot,6.68,5.64,6,6,10,10,ms
:feature:notification-contact:compileDebugKotlin,Update caches,2.64,2.52,2,2,5,5,ms
:feature:notification-contact:compileDebugKotlin,Total Gradle task time,1742.46,1608.84,1707,1613,2121,2090,ms
:feature:notification-contact:compileDebugKotlin,Shrink and save current classpath snapshot after compilation,45.7,50.18,45,45,69,72,ms
:feature:notification-contact:compileDebugKotlin,Store build info,2.25,2.0,3,2,3,2,ms
:feature:notification-contact:compileDebugKotlin,Compiler code generation,257.56,221.16,250,225,347,305,ms
:feature:notification-contact:compileDebugKotlin,Remove duplicate classes,5.32,4.84,6,5,8,9,ms
:feature:notification-contact:compileDebugKotlin,Run compilation,1564.58,1450.58,1556,1433,1895,1835,ms
:feature:notification-contact:compileDebugKotlin,Shrink current classpath snapshot non-incrementally,36.78,42.48,37,37,58,63,ms
:feature:notification-contact:compileDebugKotlin,Save shrunk current classpath snapshot,2.6,2.75,3,3,3,4,ms
:feature:notification-contact:compileDebugKotlin,Spent time before task action,48.1,38.82,47,40,72,57,ms
:feature:notification-contact:compileDebugKotlin,Analysis lines per second,836,947,837,875,1100,1405,
:feature:notification-contact:compileDebugKotlin,Total size of the cache directory,564.3,564.3,564,564,564,564,KB
:feature:notification-contact:compileDebugKotlin,Number of cache hits when loading classpath entry snapshots,113,113,113,113,113,113,
:feature:notification-contact:compileDebugKotlin,Number of lines analyzed,418,418,418,418,418,418,
:feature:notification-contact:compileDebugKotlin,Size of shrunk classpath snapshot,46.4,46.4,46,46,46,46,KB
:feature:notification-contact:compileDebugKotlin,Number of cache misses when loading classpath entry snapshots,1,1,1,1,1,1,
:feature:notification-contact:compileDebugKotlin,Total compiler iteration,1,1,1,1,1,1,
:feature:notification-contact:compileDebugKotlin,Number of times classpath snapshot is shrunk and saved after compilation,1,1,1,1,1,1,
:feature:notification-contact:compileDebugKotlin,Number of times classpath snapshot is loaded,1,1,1,1,1,1,
:feature:notification-contact:compileDebugKotlin,Code generation lines per second,1746,2066,1666,1856,2399,3071,
:feature:notification-contact:compileDebugKotlin,ABI snapshot size,18.0,18.0,18,18,18,18,B
:feature:notification-contact:compileDebugKotlin,Size of classpath snapshot,6.1,6.1,6,6,6,6,MB
:feature:notification-contact:compileDebugKotlin,Number of classpath entries,114,114,114,114,114,114,
:feature:photo-contact:compileDebugKotlin,Sources compilation round,1224.14,1194.58,1195,1174,1653,1618,ms
:feature:photo-contact:compileDebugKotlin,Incremental compilation in daemon,1354.88,1326.54,1323,1314,1755,1767,ms
:feature:photo-contact:compileDebugKotlin,Task action before worker execution,17.98,17.52,15,14,24,23,ms
:feature:photo-contact:compileDebugKotlin,Compiler initialization time,50.7,55.18,50,53,73,92,ms
:feature:photo-contact:compileDebugKotlin,Calculate output size,2.77,2.61,2,2,6,4,ms
:feature:photo-contact:compileDebugKotlin,Compiler IR lowering,119.5,106.74,119,110,184,152,ms
:feature:photo-contact:compileDebugKotlin,Compiler translation to IR,325.8,306.84,309,293,499,422,ms
:feature:photo-contact:compileDebugKotlin,Compiler backend,91.94,86.78,93,89,137,123,ms
:feature:photo-contact:compileDebugKotlin,Compiler code analysis,446.42,448.08,424,455,626,620,ms
:feature:photo-contact:compileDebugKotlin,Run compilation in Gradle worker,1404.48,1371.0,1383,1362,1809,1804,ms
:feature:photo-contact:compileDebugKotlin,Load current classpath snapshot,6.52,6.4,6,6,12,11,ms
:feature:photo-contact:compileDebugKotlin,Update caches,3.0,2.44,2,2,6,5,ms
:feature:photo-contact:compileDebugKotlin,Total Gradle task time,1560.04,1522.7,1522,1521,2003,1929,ms
:feature:photo-contact:compileDebugKotlin,Shrink and save current classpath snapshot after compilation,46.8,43.34,48,46,70,68,ms
:feature:photo-contact:compileDebugKotlin,Compiler code generation,211.98,193.92,212,190,313,255,ms
:feature:photo-contact:compileDebugKotlin,Remove duplicate classes,5.58,5.2,6,5,10,8,ms
:feature:photo-contact:compileDebugKotlin,Run compilation,1391.48,1360.34,1364,1351,1800,1797,ms
:feature:photo-contact:compileDebugKotlin,Shrink current classpath snapshot non-incrementally,37.04,34.08,39,38,55,53,ms
:feature:photo-contact:compileDebugKotlin,Spent time before task action,40.94,45.64,42,38,56,59,ms
:feature:photo-contact:compileDebugKotlin,Analysis lines per second,992,989,984,918,1365,1325,
:feature:photo-contact:compileDebugKotlin,Total size of the cache directory,545.7,545.7,546,546,546,546,KB
:feature:photo-contact:compileDebugKotlin,Number of cache hits when loading classpath entry snapshots,114,114,114,114,114,114,
:feature:photo-contact:compileDebugKotlin,Number of lines analyzed,418,418,418,418,418,418,
:feature:photo-contact:compileDebugKotlin,Size of shrunk classpath snapshot,46.4,46.4,46,46,46,46,KB
:feature:photo-contact:compileDebugKotlin,Number of cache misses when loading classpath entry snapshots,1,1,1,1,1,1,
:feature:photo-contact:compileDebugKotlin,Total compiler iteration,1,1,1,1,1,1,
:feature:photo-contact:compileDebugKotlin,Number of times classpath snapshot is shrunk and saved after compilation,1,1,1,1,1,1,
:feature:photo-contact:compileDebugKotlin,Number of times classpath snapshot is loaded,1,1,1,1,1,1,
:feature:photo-contact:compileDebugKotlin,Code generation lines per second,2168,2370,1969,2204,3095,3642,
:feature:photo-contact:compileDebugKotlin,ABI snapshot size,18.0,18.0,18,18,18,18,B
:feature:photo-contact:compileDebugKotlin,Size of classpath snapshot,6.1,6.1,6,6,6,6,MB
:feature:photo-contact:compileDebugKotlin,Number of classpath entries,115,115,115,115,115,115,
:feature:photo-contact:compileDebugKotlin,Store build info,5.0,2.0,5,2,5,3,ms
:feature:photo-contact:compileDebugKotlin,Start gradle worker,5.43,2.02,1,1,5,5,ms
:feature:photo-contact:compileDebugKotlin,Save shrunk current classpath snapshot,3.4,3.13,2,3,9,8,ms
:feature:photo-contact:compileDebugKotlin,Clear outputs on rebuild,1.0,,1,,1,,ms
:feature:playlist-contact:compileDebugKotlin,Sources compilation round,1583.36,1372.4,1548,1400,1971,1624,ms
:feature:playlist-contact:compileDebugKotlin,Incremental compilation in daemon,1739.18,1509.88,1686,1553,2160,1826,ms
:feature:playlist-contact:compileDebugKotlin,Task action before worker execution,21.04,16.56,19,15,30,27,ms
:feature:playlist-contact:compileDebugKotlin,Compiler initialization time,67.92,62.62,65,60,108,102,ms
:feature:playlist-contact:compileDebugKotlin,Calculate output size,2.42,2.86,1,1,5,7,ms
:feature:playlist-contact:compileDebugKotlin,Compiler IR lowering,140.12,128.94,142,122,203,204,ms
:feature:playlist-contact:compileDebugKotlin,Compiler translation to IR,371.08,326.78,360,318,508,453,ms
:feature:playlist-contact:compileDebugKotlin,Compiler backend,135.48,115.74,131,110,197,166,ms
:feature:playlist-contact:compileDebugKotlin,Compiler code analysis,632.02,539.04,615,553,798,686,ms
:feature:playlist-contact:compileDebugKotlin,Run compilation in Gradle worker,1796.56,1561.5,1727,1592,2199,1870,ms
:feature:playlist-contact:compileDebugKotlin,Load current classpath snapshot,7.06,6.74,6,6,11,11,ms
:feature:playlist-contact:compileDebugKotlin,Update caches,3.94,2.66,4,2,7,6,ms
:feature:playlist-contact:compileDebugKotlin,Total Gradle task time,1981.04,1713.2,1920,1722,2338,2029,ms
:feature:playlist-contact:compileDebugKotlin,Shrink and save current classpath snapshot after compilation,48.7,44.12,48,44,74,67,ms
:feature:playlist-contact:compileDebugKotlin,Compiler code generation,276.16,245.18,274,236,388,369,ms
:feature:playlist-contact:compileDebugKotlin,Remove duplicate classes,6.14,5.28,6,5,11,9,ms
:feature:playlist-contact:compileDebugKotlin,Run compilation,1787.08,1552.34,1725,1588,2190,1867,ms
:feature:playlist-contact:compileDebugKotlin,Shrink current classpath snapshot non-incrementally,38.86,34.92,40,34,56,55,ms
:feature:playlist-contact:compileDebugKotlin,Spent time before task action,53.24,47.3,51,45,74,79,ms
:feature:playlist-contact:compileDebugKotlin,Analysis lines per second,684,808,679,755,863,1125,
:feature:playlist-contact:compileDebugKotlin,Total size of the cache directory,562.8,562.8,563,563,563,563,KB
:feature:playlist-contact:compileDebugKotlin,Number of cache hits when loading classpath entry snapshots,137,137,137,137,137,137,
:feature:playlist-contact:compileDebugKotlin,Number of lines analyzed,418,418,418,418,418,418,
:feature:playlist-contact:compileDebugKotlin,Size of shrunk classpath snapshot,46.4,46.4,46,46,46,46,KB
:feature:playlist-contact:compileDebugKotlin,Number of cache misses when loading classpath entry snapshots,1,1,1,1,1,1,
:feature:playlist-contact:compileDebugKotlin,Total compiler iteration,1,1,1,1,1,1,
:feature:playlist-contact:compileDebugKotlin,Number of times classpath snapshot is shrunk and saved after compilation,1,1,1,1,1,1,
:feature:playlist-contact:compileDebugKotlin,Number of times classpath snapshot is loaded,1,1,1,1,1,1,
:feature:playlist-contact:compileDebugKotlin,Code generation lines per second,1618,1866,1523,1769,2260,2670,
:feature:playlist-contact:compileDebugKotlin,ABI snapshot size,18.0,18.0,18,18,18,18,B
:feature:playlist-contact:compileDebugKotlin,Size of classpath snapshot,6.8,6.8,7,7,7,7,MB
:feature:playlist-contact:compileDebugKotlin,Number of classpath entries,138,138,138,138,138,138,
:feature:playlist-contact:compileDebugKotlin,Start gradle worker,2.47,2.32,2,2,5,5,ms
:feature:playlist-contact:compileDebugKotlin,Save shrunk current classpath snapshot,2.58,2.38,3,2,5,6,ms
:feature:playlist-contact:compileDebugKotlin,Store build info,2.33,3.0,2,3,4,3,ms
:feature:playlist-contact:compileDebugKotlin,Clear outputs on rebuild,2.0,,2,,2,,ms
:feature:podcast-contact:compileDebugKotlin,Sources compilation round,1107.6,1109.12,1066,1093,1316,1348,ms
:feature:podcast-contact:compileDebugKotlin,Incremental compilation in daemon,1231.6,1233.88,1198,1227,1561,1479,ms
:feature:podcast-contact:compileDebugKotlin,Task action before worker execution,16.36,17.56,16,16,24,24,ms
:feature:podcast-contact:compileDebugKotlin,Start gradle worker,1.95,1.98,2,1,3,4,ms
:feature:podcast-contact:compileDebugKotlin,Compiler initialization time,50.02,49.3,48,47,75,66,ms
:feature:podcast-contact:compileDebugKotlin,Calculate output size,1.57,2.24,1,1,4,4,ms
:feature:podcast-contact:compileDebugKotlin,Compiler IR lowering,96.56,96.46,96,96,141,141,ms
:feature:podcast-contact:compileDebugKotlin,Compiler translation to IR,295.52,267.14,279,258,374,348,ms
:feature:podcast-contact:compileDebugKotlin,Compiler backend,81.26,85.6,78,89,128,122,ms
:feature:podcast-contact:compileDebugKotlin,Compiler code analysis,422.16,428.24,414,409,499,578,ms
:feature:podcast-contact:compileDebugKotlin,Run compilation in Gradle worker,1272.7,1271.04,1235,1263,1590,1521,ms
:feature:podcast-contact:compileDebugKotlin,Load current classpath snapshot,6.92,6.34,6,6,11,10,ms
:feature:podcast-contact:compileDebugKotlin,Update caches,3.32,3.48,2,3,7,7,ms
:feature:podcast-contact:compileDebugKotlin,Total Gradle task time,1401.96,1405.56,1375,1406,1664,1745,ms
:feature:podcast-contact:compileDebugKotlin,Shrink and save current classpath snapshot after compilation,43.22,43.68,46,45,62,65,ms
:feature:podcast-contact:compileDebugKotlin,Compiler code generation,178.24,182.5,178,184,243,262,ms
:feature:podcast-contact:compileDebugKotlin,Remove duplicate classes,5.14,4.72,5,5,9,7,ms
:feature:podcast-contact:compileDebugKotlin,Run compilation,1261.46,1264.6,1227,1260,1585,1514,ms
:feature:podcast-contact:compileDebugKotlin,Shrink current classpath snapshot non-incrementally,33.54,34.28,34,37,49,55,ms
:feature:podcast-contact:compileDebugKotlin,Spent time before task action,39.72,41.6,39,39,63,59,ms
:feature:podcast-contact:compileDebugKotlin,Analysis lines per second,1045,1055,1009,1021,1352,1430,
:feature:podcast-contact:compileDebugKotlin,Total size of the cache directory,546.4,546.4,546,546,546,546,KB
:feature:podcast-contact:compileDebugKotlin,Number of cache hits when loading classpath entry snapshots,106,106,106,106,106,106,
:feature:podcast-contact:compileDebugKotlin,Number of lines analyzed,418,418,418,418,418,418,
:feature:podcast-contact:compileDebugKotlin,Size of shrunk classpath snapshot,46.4,46.4,46,46,46,46,KB
:feature:podcast-contact:compileDebugKotlin,Number of cache misses when loading classpath entry snapshots,1,1,1,1,1,1,
:feature:podcast-contact:compileDebugKotlin,Total compiler iteration,1,1,1,1,1,1,
:feature:podcast-contact:compileDebugKotlin,Number of times classpath snapshot is shrunk and saved after compilation,1,1,1,1,1,1,
:feature:podcast-contact:compileDebugKotlin,Number of times classpath snapshot is loaded,1,1,1,1,1,1,
:feature:podcast-contact:compileDebugKotlin,Code generation lines per second,2538,2492,2346,2271,3674,3695,
:feature:podcast-contact:compileDebugKotlin,ABI snapshot size,18.0,18.0,18,18,18,18,B
:feature:podcast-contact:compileDebugKotlin,Size of classpath snapshot,5.9,5.9,6,6,6,6,MB
:feature:podcast-contact:compileDebugKotlin,Number of classpath entries,107,107,107,107,107,107,
:feature:podcast-contact:compileDebugKotlin,Save shrunk current classpath snapshot,2.57,2.75,3,3,3,4,ms
:feature:podcast-contact:compileDebugKotlin,Store build info,4.33,2.0,5,2,5,3,ms
:feature:podcast-contact:compileDebugKotlin,Clear output,2.0,,2,,2,,ms
:feature:post-contact:compileDebugKotlin,Sources compilation round,1470.16,1440.36,1450,1457,1752,1840,ms
:feature:post-contact:compileDebugKotlin,Incremental compilation in daemon,1608.7,1576.78,1605,1577,1888,1985,ms
:feature:post-contact:compileDebugKotlin,Task action before worker execution,15.36,24.1,15,12,27,25,ms
:feature:post-contact:compileDebugKotlin,Start gradle worker,2.0,2.0,1,1,4,4,ms
:feature:post-contact:compileDebugKotlin,Compiler initialization time,77.06,75.74,75,69,108,117,ms
:feature:post-contact:compileDebugKotlin,Calculate output size,2.62,2.02,3,1,4,4,ms
:feature:post-contact:compileDebugKotlin,Compiler IR lowering,149.56,137.9,145,139,197,206,ms
:feature:post-contact:compileDebugKotlin,Compiler translation to IR,322.24,344.0,306,327,437,424,ms
:feature:post-contact:compileDebugKotlin,Compiler backend,132.86,116.6,126,106,191,186,ms
:feature:post-contact:compileDebugKotlin,Compiler code analysis,582.0,560.8,572,568,746,694,ms
:feature:post-contact:compileDebugKotlin,Run compilation in Gradle worker,1683.88,1634.42,1675,1640,1943,2076,ms
:feature:post-contact:compileDebugKotlin,Load current classpath snapshot,7.74,6.7,7,6,13,10,ms
:feature:post-contact:compileDebugKotlin,Update caches,3.52,3.12,3,2,6,6,ms
:feature:post-contact:compileDebugKotlin,Total Gradle task time,1833.48,1776.56,1833,1779,2132,2167,ms
:feature:post-contact:compileDebugKotlin,Shrink and save current classpath snapshot after compilation,50.78,58.58,53,32,77,113,ms
:feature:post-contact:compileDebugKotlin,Compiler code generation,282.86,255.18,281,235,369,383,ms
:feature:post-contact:compileDebugKotlin,Remove duplicate classes,6.48,5.36,6,4,10,8,ms
:feature:post-contact:compileDebugKotlin,Run compilation,1648.1,1610.5,1644,1618,1931,2017,ms
:feature:post-contact:compileDebugKotlin,Shrink current classpath snapshot non-incrementally,40.16,49.36,40,24,64,89,ms
:feature:post-contact:compileDebugKotlin,Spent time before task action,40.34,39.14,37,35,71,71,ms
:feature:post-contact:compileDebugKotlin,Analysis lines per second,754,771,731,735,1045,1015,
:feature:post-contact:compileDebugKotlin,Total size of the cache directory,545.3,545.3,545,545,545,545,KB
:feature:post-contact:compileDebugKotlin,Number of cache hits when loading classpath entry snapshots,142,142,142,142,142,142,
:feature:post-contact:compileDebugKotlin,Number of lines analyzed,418,418,418,418,418,418,
:feature:post-contact:compileDebugKotlin,Size of shrunk classpath snapshot,46.4,46.4,46,46,46,46,KB
:feature:post-contact:compileDebugKotlin,Number of cache misses when loading classpath entry snapshots,1,1,1,1,1,1,
:feature:post-contact:compileDebugKotlin,Total compiler iteration,1,1,1,1,1,1,
:feature:post-contact:compileDebugKotlin,Number of times classpath snapshot is shrunk and saved after compilation,1,1,1,1,1,1,
:feature:post-contact:compileDebugKotlin,Number of times classpath snapshot is loaded,1,1,1,1,1,1,
:feature:post-contact:compileDebugKotlin,Code generation lines per second,1554,1781,1488,1777,2125,2421,
:feature:post-contact:compileDebugKotlin,ABI snapshot size,18.0,18.0,18,18,18,18,B
:feature:post-contact:compileDebugKotlin,Size of classpath snapshot,6.9,6.9,7,7,7,7,MB
:feature:post-contact:compileDebugKotlin,Number of classpath entries,143,143,143,143,143,143,
:feature:post-contact:compileDebugKotlin,Save shrunk current classpath snapshot,2.63,3.75,3,4,4,6,ms
:feature:post-contact:compileDebugKotlin,Store build info,3.0,3.33,3,3,3,6,ms
:feature:post-contact:compileDebugKotlin,Clear outputs on rebuild,1.67,4.0,2,4,2,4,ms
:feature:post-contact:compileDebugKotlin,Clear output,1.0,,1,,1,,ms
:feature:profile-contact:compileDebugKotlin,Sources compilation round,1076.18,1072.04,1092,1016,1368,1444,ms
:feature:profile-contact:compileDebugKotlin,Incremental compilation in daemon,1193.22,1195.24,1175,1125,1484,1628,ms
:feature:profile-contact:compileDebugKotlin,Task action before worker execution,15.32,13.28,16,12,24,25,ms
:feature:profile-contact:compileDebugKotlin,Compiler initialization time,61.74,54.54,55,50,99,89,ms
:feature:profile-contact:compileDebugKotlin,Calculate output size,2.42,2.45,1,2,5,5,ms
:feature:profile-contact:compileDebugKotlin,Compiler IR lowering,96.32,91.12,84,84,143,123,ms
:feature:profile-contact:compileDebugKotlin,Compiler translation to IR,289.6,281.32,274,260,379,357,ms
:feature:profile-contact:compileDebugKotlin,Compiler backend,91.08,85.2,82,77,153,141,ms
:feature:profile-contact:compileDebugKotlin,Compiler code analysis,388.46,393.62,369,387,520,525,ms
:feature:profile-contact:compileDebugKotlin,Run compilation in Gradle worker,1249.54,1243.92,1206,1176,1604,1741,ms
:feature:profile-contact:compileDebugKotlin,Load current classpath snapshot,5.88,6.0,6,5,11,10,ms
:feature:profile-contact:compileDebugKotlin,Update caches,2.68,2.5,2,2,5,4,ms
:feature:profile-contact:compileDebugKotlin,Total Gradle task time,1390.44,1370.4,1332,1291,1772,1903,ms
:feature:profile-contact:compileDebugKotlin,Shrink and save current classpath snapshot after compilation,44.0,40.26,41,35,68,58,ms
:feature:profile-contact:compileDebugKotlin,Compiler code generation,187.92,176.7,169,163,296,266,ms
:feature:profile-contact:compileDebugKotlin,Remove duplicate classes,4.9,5.12,5,4,9,8,ms
:feature:profile-contact:compileDebugKotlin,Run compilation,1229.82,1229.84,1202,1158,1515,1672,ms
:feature:profile-contact:compileDebugKotlin,Shrink current classpath snapshot non-incrementally,35.96,32.22,32,27,58,50,ms
:feature:profile-contact:compileDebugKotlin,Spent time before task action,43.32,37.08,43,35,62,54,ms
:feature:profile-contact:compileDebugKotlin,Analysis lines per second,1121,1122,1131,1079,1347,1475,
:feature:profile-contact:compileDebugKotlin,Total size of the cache directory,546.4,546.4,546,546,546,546,KB
:feature:profile-contact:compileDebugKotlin,Number of cache hits when loading classpath entry snapshots,124,124,124,124,124,124,
:feature:profile-contact:compileDebugKotlin,Number of lines analyzed,418,418,418,418,418,418,
:feature:profile-contact:compileDebugKotlin,Size of shrunk classpath snapshot,46.4,46.4,46,46,46,46,KB
:feature:profile-contact:compileDebugKotlin,Number of cache misses when loading classpath entry snapshots,1,1,1,1,1,1,
:feature:profile-contact:compileDebugKotlin,Total compiler iteration,1,1,1,1,1,1,
:feature:profile-contact:compileDebugKotlin,Number of times classpath snapshot is shrunk and saved after compilation,1,1,1,1,1,1,
:feature:profile-contact:compileDebugKotlin,Number of times classpath snapshot is loaded,1,1,1,1,1,1,
:feature:profile-contact:compileDebugKotlin,Code generation lines per second,2485,2613,2469,2557,3587,3560,
:feature:profile-contact:compileDebugKotlin,ABI snapshot size,18.0,18.0,18,18,18,18,B
:feature:profile-contact:compileDebugKotlin,Size of classpath snapshot,6.4,6.4,6,6,6,6,MB
:feature:profile-contact:compileDebugKotlin,Number of classpath entries,125,125,125,125,125,125,
:feature:profile-contact:compileDebugKotlin,Start gradle worker,1.86,1.4,1,1,4,3,ms
:feature:profile-contact:compileDebugKotlin,Save shrunk current classpath snapshot,2.0,2.67,2,3,3,6,ms
:feature:profile-contact:compileDebugKotlin,Store build info,2.0,2.33,2,1,2,5,ms
:feature:profile-contact:compileDebugKotlin,Clear output,2.0,3.0,2,3,2,3,ms
:feature:push-login:compileDebugKotlin,Sources compilation round,1793.84,1684.26,1778,1699,2207,2085,ms
:feature:push-login:compileDebugKotlin,Incremental compilation in daemon,1973.52,1874.9,1935,1874,2405,2325,ms
:feature:push-login:compileDebugKotlin,Task action before worker execution,17.24,17.34,18,17,24,26,ms
:feature:push-login:compileDebugKotlin,Compiler initialization time,81.08,71.42,82,72,114,98,ms
:feature:push-login:compileDebugKotlin,Calculate output size,2.61,3.06,2,3,5,6,ms
:feature:push-login:compileDebugKotlin,Compiler IR lowering,176.14,164.16,174,162,250,230,ms
:feature:push-login:compileDebugKotlin,Compiler translation to IR,390.86,377.14,369,356,524,490,ms
:feature:push-login:compileDebugKotlin,Compiler backend,165.74,155.28,149,150,253,218,ms
:feature:push-login:compileDebugKotlin,Compiler code analysis,721.48,677.78,708,683,890,813,ms
:feature:push-login:compileDebugKotlin,Run compilation in Gradle worker,2059.26,1965.56,2008,1958,2556,2366,ms
:feature:push-login:compileDebugKotlin,Load current classpath snapshot,12.28,11.68,11,11,18,19,ms
:feature:push-login:compileDebugKotlin,Update caches,3.86,4.54,4,4,7,10,ms
:feature:push-login:compileDebugKotlin,Total Gradle task time,2244.98,2140.42,2188,2134,2756,2558,ms
:feature:push-login:compileDebugKotlin,Shrink and save current classpath snapshot after compilation,60.1,65.1,62,56,83,108,ms
:feature:push-login:compileDebugKotlin,Compiler code generation,342.38,319.84,334,314,441,425,ms
:feature:push-login:compileDebugKotlin,Remove duplicate classes,6.62,6.5,6,6,9,12,ms
:feature:push-login:compileDebugKotlin,Run compilation,2018.1,1931.36,1989,1942,2464,2360,ms
:feature:push-login:compileDebugKotlin,Shrink current classpath snapshot non-incrementally,44.38,50.38,46,42,62,92,ms
:feature:push-login:compileDebugKotlin,Spent time before task action,60.66,59.12,58,58,90,87,ms
:feature:push-login:compileDebugKotlin,Analysis lines per second,596,639,590,612,741,804,
:feature:push-login:compileDebugKotlin,Total size of the cache directory,544.6,544.6,545,545,545,545,KB
:feature:push-login:compileDebugKotlin,Number of cache hits when loading classpath entry snapshots,120,119,120,119,124,120,
:feature:push-login:compileDebugKotlin,Number of lines analyzed,418,418,418,418,418,418,
:feature:push-login:compileDebugKotlin,Size of shrunk classpath snapshot,46.4,46.4,46,46,46,46,KB
:feature:push-login:compileDebugKotlin,Number of cache misses when loading classpath entry snapshots,7,8,9,9,9,9,
:feature:push-login:compileDebugKotlin,Total compiler iteration,1,1,1,1,1,1,
:feature:push-login:compileDebugKotlin,Number of times classpath snapshot is shrunk and saved after compilation,1,1,1,1,1,1,
:feature:push-login:compileDebugKotlin,Number of times classpath snapshot is loaded,1,1,1,1,1,1,
:feature:push-login:compileDebugKotlin,Code generation lines per second,1298,1386,1251,1330,1712,2014,
:feature:push-login:compileDebugKotlin,ABI snapshot size,18.0,18.0,18,18,18,18,B
:feature:push-login:compileDebugKotlin,Size of classpath snapshot,6.5,6.5,7,7,7,7,MB
:feature:push-login:compileDebugKotlin,Number of classpath entries,128,128,128,128,128,128,
:feature:push-login:compileDebugKotlin,Start gradle worker,2.4,2.14,2,1,4,4,ms
:feature:push-login:compileDebugKotlin,Store build info,2.0,,2,,2,,ms
:feature:push-login:compileDebugKotlin,Save shrunk current classpath snapshot,4.1,2.91,3,3,10,6,ms
:feature:push-login:compileDebugKotlin,Clear output,2.0,,2,,2,,ms
:feature:report-contact:compileDebugKotlin,Sources compilation round,1200.62,1165.22,1177,1141,1481,1602,ms
:feature:report-contact:compileDebugKotlin,Incremental compilation in daemon,1327.46,1293.46,1299,1257,1616,1736,ms
:feature:report-contact:compileDebugKotlin,Task action before worker execution,17.38,20.64,16,14,29,31,ms
:feature:report-contact:compileDebugKotlin,Start gradle worker,2.3,2.33,1,2,5,7,ms
:feature:report-contact:compileDebugKotlin,Compiler initialization time,62.58,55.4,59,48,92,80,ms
:feature:report-contact:compileDebugKotlin,Calculate output size,1.86,2.82,1,1,4,7,ms
:feature:report-contact:compileDebugKotlin,Compiler IR lowering,106.52,98.88,106,91,151,158,ms
:feature:report-contact:compileDebugKotlin,Compiler translation to IR,302.74,282.68,295,280,395,371,ms
:feature:report-contact:compileDebugKotlin,Compiler backend,103.96,96.94,95,93,144,162,ms
:feature:report-contact:compileDebugKotlin,Compiler code analysis,433.12,436.92,421,429,566,619,ms
:feature:report-contact:compileDebugKotlin,Run compilation in Gradle worker,1371.32,1339.64,1327,1297,1654,1785,ms
:feature:report-contact:compileDebugKotlin,Load current classpath snapshot,6.04,6.28,6,6,10,10,ms
:feature:report-contact:compileDebugKotlin,Update caches,3.56,3.3,2,2,7,6,ms
:feature:report-contact:compileDebugKotlin,Total Gradle task time,1531.24,1492.76,1499,1452,1840,1975,ms
:feature:report-contact:compileDebugKotlin,Shrink and save current classpath snapshot after compilation,48.42,46.38,52,48,66,71,ms
:feature:report-contact:compileDebugKotlin,Compiler code generation,211.04,196.26,208,194,280,281,ms
:feature:report-contact:compileDebugKotlin,Remove duplicate classes,5.22,5.16,5,5,9,8,ms
:feature:report-contact:compileDebugKotlin,Run compilation,1359.96,1328.52,1322,1292,1646,1773,ms
:feature:report-contact:compileDebugKotlin,Shrink current classpath snapshot non-incrementally,39.28,37.64,41,38,59,61,ms
:feature:report-contact:compileDebugKotlin,Spent time before task action,45.1,41.12,44,37,71,71,ms
:feature:report-contact:compileDebugKotlin,Analysis lines per second,1003,1013,991,973,1295,1364,
:feature:report-contact:compileDebugKotlin,Total size of the cache directory,546.1,546.1,546,546,546,546,KB
:feature:report-contact:compileDebugKotlin,Number of cache hits when loading classpath entry snapshots,120,120,120,120,120,120,
:feature:report-contact:compileDebugKotlin,Number of lines analyzed,418,418,418,418,418,418,
:feature:report-contact:compileDebugKotlin,Size of shrunk classpath snapshot,46.4,46.4,46,46,46,46,KB
:feature:report-contact:compileDebugKotlin,Number of cache misses when loading classpath entry snapshots,1,1,1,1,1,1,
:feature:report-contact:compileDebugKotlin,Total compiler iteration,1,1,1,1,1,1,
:feature:report-contact:compileDebugKotlin,Number of times classpath snapshot is shrunk and saved after compilation,1,1,1,1,1,1,
:feature:report-contact:compileDebugKotlin,Number of times classpath snapshot is loaded,1,1,1,1,1,1,
:feature:report-contact:compileDebugKotlin,Code generation lines per second,2149,2373,2011,2150,3055,3338,
:feature:report-contact:compileDebugKotlin,ABI snapshot size,18.0,18.0,18,18,18,18,B
:feature:report-contact:compileDebugKotlin,Size of classpath snapshot,6.3,6.3,6,6,6,6,MB
:feature:report-contact:compileDebugKotlin,Number of classpath entries,121,121,121,121,121,121,
:feature:report-contact:compileDebugKotlin,Save shrunk current classpath snapshot,3.45,2.33,3,3,9,3,ms
:feature:report-contact:compileDebugKotlin,Store build info,2.8,3.0,2,3,6,3,ms
:feature:report-contact:compileDebugKotlin,Clear output,1.5,3.0,2,3,2,3,ms
:feature:report-contact:compileDebugKotlin,Clear outputs on rebuild,2.5,1.0,3,1,3,1,ms
:feature:search-contact:compileDebugKotlin,Sources compilation round,1394.4,1311.6,1350,1306,1716,1751,ms
:feature:search-contact:compileDebugKotlin,Incremental compilation in daemon,1517.32,1446.32,1476,1454,1836,1917,ms
:feature:search-contact:compileDebugKotlin,Task action before worker execution,18.64,16.02,18,16,26,25,ms
:feature:search-contact:compileDebugKotlin,Start gradle worker,2.33,2.36,2,1,4,5,ms
:feature:search-contact:compileDebugKotlin,Compiler initialization time,59.9,58.0,58,56,88,85,ms
:feature:search-contact:compileDebugKotlin,Calculate output size,2.17,2.15,1,1,4,4,ms
:feature:search-contact:compileDebugKotlin,Compiler IR lowering,121.76,134.62,119,117,162,182,ms
:feature:search-contact:compileDebugKotlin,Compiler translation to IR,366.38,323.78,333,313,514,408,ms
:feature:search-contact:compileDebugKotlin,Compiler backend,112.18,106.46,106,107,157,154,ms
:feature:search-contact:compileDebugKotlin,Compiler code analysis,517.4,494.78,520,476,684,630,ms
:feature:search-contact:compileDebugKotlin,Run compilation in Gradle worker,1573.94,1514.88,1529,1520,1889,2075,ms
:feature:search-contact:compileDebugKotlin,Load current classpath snapshot,5.98,9.72,6,5,9,14,ms
:feature:search-contact:compileDebugKotlin,Update caches,3.06,2.58,2,2,6,4,ms
:feature:search-contact:compileDebugKotlin,Total Gradle task time,1737.72,1650.44,1706,1664,2095,2204,ms
:feature:search-contact:compileDebugKotlin,Shrink and save current classpath snapshot after compilation,44.26,45.66,45,42,60,69,ms
:feature:search-contact:compileDebugKotlin,Compiler code generation,234.38,241.48,230,218,326,334,ms
:feature:search-contact:compileDebugKotlin,Remove duplicate classes,5.14,4.8,5,4,8,9,ms
:feature:search-contact:compileDebugKotlin,Run compilation,1556.86,1495.86,1511,1499,1883,1985,ms
:feature:search-contact:compileDebugKotlin,Shrink current classpath snapshot non-incrementally,36.02,33.04,39,32,51,55,ms
:feature:search-contact:compileDebugKotlin,Spent time before task action,48.7,42.46,48,40,72,66,ms
:feature:search-contact:compileDebugKotlin,Analysis lines per second,838,915,803,878,1153,1346,
:feature:search-contact:compileDebugKotlin,Total size of the cache directory,546.1,546.1,546,546,546,546,KB
:feature:search-contact:compileDebugKotlin,Number of cache hits when loading classpath entry snapshots,103,103,103,103,103,103,
:feature:search-contact:compileDebugKotlin,Number of lines analyzed,418,418,418,418,418,418,
:feature:search-contact:compileDebugKotlin,Size of shrunk classpath snapshot,46.4,46.4,46,46,46,46,KB
:feature:search-contact:compileDebugKotlin,Number of cache misses when loading classpath entry snapshots,1,1,1,1,1,1,
:feature:search-contact:compileDebugKotlin,Total compiler iteration,1,1,1,1,1,1,
:feature:search-contact:compileDebugKotlin,Number of times classpath snapshot is shrunk and saved after compilation,1,1,1,1,1,1,
:feature:search-contact:compileDebugKotlin,Number of times classpath snapshot is loaded,1,1,1,1,1,1,
:feature:search-contact:compileDebugKotlin,Code generation lines per second,1890,1947,1818,1918,2570,2720,
:feature:search-contact:compileDebugKotlin,ABI snapshot size,18.0,18.0,18,18,18,18,B
:feature:search-contact:compileDebugKotlin,Size of classpath snapshot,5.8,5.8,6,6,6,6,MB
:feature:search-contact:compileDebugKotlin,Number of classpath entries,104,104,104,104,104,104,
:feature:search-contact:compileDebugKotlin,Store build info,2.0,2.0,2,2,3,2,ms
:feature:search-contact:compileDebugKotlin,Save shrunk current classpath snapshot,2.44,2.44,3,3,4,4,ms
:feature:search-contact:compileDebugKotlin,Clear outputs on rebuild,2.0,1.0,1,1,4,1,ms
:feature:search-contact:compileDebugKotlin,Clear output,1.5,1.0,2,1,2,1,ms
:feature:session-contact:compileDebugKotlin,Sources compilation round,1263.84,1170.94,1245,1151,1509,1497,ms
:feature:session-contact:compileDebugKotlin,Incremental compilation in daemon,1396.66,1307.4,1409,1280,1631,1622,ms
:feature:session-contact:compileDebugKotlin,Task action before worker execution,15.1,14.94,14,14,26,25,ms
:feature:session-contact:compileDebugKotlin,Start gradle worker,4.95,2.0,1,1,6,4,ms
:feature:session-contact:compileDebugKotlin,Compiler initialization time,61.16,64.74,55,57,91,104,ms
:feature:session-contact:compileDebugKotlin,Calculate output size,2.16,2.49,1,2,4,4,ms
:feature:session-contact:compileDebugKotlin,Compiler IR lowering,120.98,105.98,107,103,177,148,ms
:feature:session-contact:compileDebugKotlin,Compiler translation to IR,321.18,294.3,315,279,430,378,ms
:feature:session-contact:compileDebugKotlin,Compiler backend,103.06,100.8,98,104,151,140,ms
:feature:session-contact:compileDebugKotlin,Compiler code analysis,466.3,426.68,455,409,583,606,ms
:feature:session-contact:compileDebugKotlin,Run compilation in Gradle worker,1451.7,1349.94,1452,1317,1681,1663,ms
:feature:session-contact:compileDebugKotlin,Load current classpath snapshot,6.96,6.46,6,6,12,12,ms
:feature:session-contact:compileDebugKotlin,Update caches,5.92,3.6,3,3,8,8,ms
:feature:session-contact:compileDebugKotlin,Total Gradle task time,1596.0,1487.3,1599,1475,1864,1864,ms
:feature:session-contact:compileDebugKotlin,Shrink and save current classpath snapshot after compilation,48.58,46.62,50,47,71,76,ms
:feature:session-contact:compileDebugKotlin,Compiler code generation,224.54,207.22,209,209,308,289,ms
:feature:session-contact:compileDebugKotlin,Remove duplicate classes,6.08,5.04,6,5,10,8,ms
:feature:session-contact:compileDebugKotlin,Run compilation,1435.64,1339.54,1433,1314,1672,1651,ms
:feature:session-contact:compileDebugKotlin,Shrink current classpath snapshot non-incrementally,38.92,37.2,40,38,59,61,ms
:feature:session-contact:compileDebugKotlin,Spent time before task action,37.54,40.16,36,38,65,63,ms
:feature:session-contact:compileDebugKotlin,Analysis lines per second,929,1046,918,1021,1213,1510,
:feature:session-contact:compileDebugKotlin,Total size of the cache directory,546.4,546.4,546,546,546,546,KB
:feature:session-contact:compileDebugKotlin,Number of cache hits when loading classpath entry snapshots,110,110,110,110,110,110,
:feature:session-contact:compileDebugKotlin,Number of lines analyzed,418,418,418,418,418,418,
:feature:session-contact:compileDebugKotlin,Size of shrunk classpath snapshot,46.4,46.4,46,46,46,46,KB
:feature:session-contact:compileDebugKotlin,Number of cache misses when loading classpath entry snapshots,1,1,1,1,1,1,
:feature:session-contact:compileDebugKotlin,Total compiler iteration,1,1,1,1,1,1,
:feature:session-contact:compileDebugKotlin,Number of times classpath snapshot is shrunk and saved after compilation,1,1,1,1,1,1,
:feature:session-contact:compileDebugKotlin,Number of times classpath snapshot is loaded,1,1,1,1,1,1,
:feature:session-contact:compileDebugKotlin,Code generation lines per second,2047,2213,1996,2000,3133,3088,
:feature:session-contact:compileDebugKotlin,ABI snapshot size,18.0,18.0,18,18,18,18,B
:feature:session-contact:compileDebugKotlin,Size of classpath snapshot,6.0,6.0,6,6,6,6,MB
:feature:session-contact:compileDebugKotlin,Number of classpath entries,111,111,111,111,111,111,
:feature:session-contact:compileDebugKotlin,Save shrunk current classpath snapshot,3.75,2.3,4,2,6,4,ms
:feature:session-contact:compileDebugKotlin,Generate compiler reference index,5.0,,5,,5,,ms
:feature:session-contact:compileDebugKotlin,Store build info,2.25,1.0,3,1,3,1,ms
:feature:session-contact:compileDebugKotlin,Clear outputs on rebuild,2.0,1.5,2,2,2,2,ms
:feature:session-contact:compileDebugKotlin,Clear output,2.0,4.0,2,4,2,4,ms
:feature:setting-contact:compileDebugKotlin,Sources compilation round,1268.96,1266.2,1222,1168,1722,1632,ms
:feature:setting-contact:compileDebugKotlin,Incremental compilation in daemon,1401.22,1397.76,1350,1307,1865,1801,ms
:feature:setting-contact:compileDebugKotlin,Task action before worker execution,22.18,16.66,14,17,32,25,ms
:feature:setting-contact:compileDebugKotlin,Start gradle worker,6.66,1.73,1,1,4,4,ms
:feature:setting-contact:compileDebugKotlin,Compiler initialization time,50.78,69.34,50,53,80,95,ms
:feature:setting-contact:compileDebugKotlin,Calculate output size,1.89,2.52,1,1,4,6,ms
:feature:setting-contact:compileDebugKotlin,Compiler IR lowering,119.28,124.52,101,103,155,164,ms
:feature:setting-contact:compileDebugKotlin,Compiler translation to IR,349.74,310.88,299,295,416,400,ms
:feature:setting-contact:compileDebugKotlin,Compiler backend,98.74,99.58,96,94,152,158,ms
:feature:setting-contact:compileDebugKotlin,Compiler code analysis,464.16,477.78,455,460,594,626,ms
:feature:setting-contact:compileDebugKotlin,Run compilation in Gradle worker,1452.04,1460.9,1402,1365,1940,1911,ms
:feature:setting-contact:compileDebugKotlin,Load current classpath snapshot,6.48,6.6,6,6,10,12,ms
:feature:setting-contact:compileDebugKotlin,Update caches,3.2,3.06,2,2,5,6,ms
:feature:setting-contact:compileDebugKotlin,Total Gradle task time,1601.06,1601.64,1551,1506,2075,2030,ms
:feature:setting-contact:compileDebugKotlin,Shrink and save current classpath snapshot after compilation,48.76,46.5,52,45,73,77,ms
:feature:setting-contact:compileDebugKotlin,Compiler code generation,218.48,224.56,198,199,307,321,ms
:feature:setting-contact:compileDebugKotlin,Remove duplicate classes,5.18,5.12,5,5,8,9,ms
:feature:setting-contact:compileDebugKotlin,Run compilation,1438.58,1446.9,1387,1344,1898,1906,ms
:feature:setting-contact:compileDebugKotlin,Shrink current classpath snapshot non-incrementally,39.52,37.4,41,37,61,57,ms
:feature:setting-contact:compileDebugKotlin,Spent time before task action,37.86,42.2,35,39,63,68,ms
:feature:setting-contact:compileDebugKotlin,Analysis lines per second,942,948,919,908,1181,1363,
:feature:setting-contact:compileDebugKotlin,Total size of the cache directory,546.4,546.4,546,546,546,546,KB
:feature:setting-contact:compileDebugKotlin,Number of cache hits when loading classpath entry snapshots,107,107,107,107,107,107,
:feature:setting-contact:compileDebugKotlin,Number of lines analyzed,418,418,418,418,418,418,
:feature:setting-contact:compileDebugKotlin,Size of shrunk classpath snapshot,46.4,46.4,46,46,46,46,KB
:feature:setting-contact:compileDebugKotlin,Number of cache misses when loading classpath entry snapshots,1,1,1,1,1,1,
:feature:setting-contact:compileDebugKotlin,Total compiler iteration,1,1,1,1,1,1,
:feature:setting-contact:compileDebugKotlin,Number of times classpath snapshot is shrunk and saved after compilation,1,1,1,1,1,1,
:feature:setting-contact:compileDebugKotlin,Number of times classpath snapshot is loaded,1,1,1,1,1,1,
:feature:setting-contact:compileDebugKotlin,Code generation lines per second,2096,2167,2108,2099,2932,3159,
:feature:setting-contact:compileDebugKotlin,ABI snapshot size,18.0,18.0,18,18,18,18,B
:feature:setting-contact:compileDebugKotlin,Size of classpath snapshot,5.9,5.9,6,6,6,6,MB
:feature:setting-contact:compileDebugKotlin,Number of classpath entries,108,108,108,108,108,108,
:feature:setting-contact:compileDebugKotlin,Save shrunk current classpath snapshot,2.54,2.6,3,3,3,5,ms
:feature:setting-contact:compileDebugKotlin,Clear outputs on rebuild,1.0,2.0,1,2,1,2,ms
:feature:setting-contact:compileDebugKotlin,Store build info,4.5,3.0,5,3,6,4,ms
:feature:share-contact:compileDebugKotlin,Sources compilation round,1370.12,1324.22,1347,1270,1846,1829,ms
:feature:share-contact:compileDebugKotlin,Incremental compilation in daemon,1515.46,1474.18,1501,1424,1996,1976,ms
:feature:share-contact:compileDebugKotlin,Task action before worker execution,18.54,16.3,17,16,27,27,ms
:feature:share-contact:compileDebugKotlin,Start gradle worker,2.31,2.21,1,1,5,6,ms
:feature:share-contact:compileDebugKotlin,Compiler initialization time,69.46,63.56,61,55,118,109,ms
:feature:share-contact:compileDebugKotlin,Calculate output size,2.52,2.04,1,1,7,4,ms
:feature:share-contact:compileDebugKotlin,Compiler IR lowering,109.82,125.12,109,113,161,158,ms
:feature:share-contact:compileDebugKotlin,Compiler translation to IR,335.04,327.9,320,305,417,433,ms
:feature:share-contact:compileDebugKotlin,Compiler backend,101.94,125.82,103,107,143,177,ms
:feature:share-contact:compileDebugKotlin,Compiler code analysis,552.52,487.62,527,474,750,622,ms
:feature:share-contact:compileDebugKotlin,Run compilation in Gradle worker,1571.92,1517.7,1535,1452,2039,2030,ms
:feature:share-contact:compileDebugKotlin,Load current classpath snapshot,7.36,7.68,7,7,13,14,ms
:feature:share-contact:compileDebugKotlin,Update caches,4.14,3.6,3,2,8,8,ms
:feature:share-contact:compileDebugKotlin,Total Gradle task time,1724.54,1658.48,1664,1586,2272,2175,ms
:feature:share-contact:compileDebugKotlin,Shrink and save current classpath snapshot after compilation,59.24,51.74,49,50,77,75,ms
:feature:share-contact:compileDebugKotlin,Compiler code generation,212.22,251.44,207,218,289,325,ms
:feature:share-contact:compileDebugKotlin,Remove duplicate classes,6.1,6.36,5,6,11,11,ms
:feature:share-contact:compileDebugKotlin,Run compilation,1557.4,1506.84,1528,1448,2029,2028,ms
:feature:share-contact:compileDebugKotlin,Shrink current classpath snapshot non-incrementally,38.96,40.86,38,40,60,61,ms
:feature:share-contact:compileDebugKotlin,Spent time before task action,50.52,44.5,47,43,75,66,ms
:feature:share-contact:compileDebugKotlin,Analysis lines per second,799,914,793,880,1060,1215,
:feature:share-contact:compileDebugKotlin,Total size of the cache directory,545.7,545.7,546,546,546,546,KB
:feature:share-contact:compileDebugKotlin,Number of cache hits when loading classpath entry snapshots,150,150,150,150,150,150,
:feature:share-contact:compileDebugKotlin,Number of lines analyzed,418,418,418,418,418,418,
:feature:share-contact:compileDebugKotlin,Size of shrunk classpath snapshot,46.4,46.4,46,46,46,46,KB
:feature:share-contact:compileDebugKotlin,Number of cache misses when loading classpath entry snapshots,1,1,1,1,1,1,
:feature:share-contact:compileDebugKotlin,Total compiler iteration,1,1,1,1,1,1,
:feature:share-contact:compileDebugKotlin,Number of times classpath snapshot is shrunk and saved after compilation,1,1,1,1,1,1,
:feature:share-contact:compileDebugKotlin,Number of times classpath snapshot is loaded,1,1,1,1,1,1,
:feature:share-contact:compileDebugKotlin,Code generation lines per second,2144,1914,2018,1912,3018,2847,
:feature:share-contact:compileDebugKotlin,ABI snapshot size,18.0,18.0,18,18,18,18,B
:feature:share-contact:compileDebugKotlin,Size of classpath snapshot,7.2,7.2,7,7,7,7,MB
:feature:share-contact:compileDebugKotlin,Number of classpath entries,151,151,151,151,151,151,
:feature:share-contact:compileDebugKotlin,Store build info,4.0,3.5,4,4,4,5,ms
:feature:share-contact:compileDebugKotlin,Save shrunk current classpath snapshot,1.75,2.5,2,2,3,6,ms
:feature:share-contact:compileDebugKotlin,Clear output,3.0,1.0,3,1,3,1,ms
:feature:share-contact:compileDebugKotlin,Clear outputs on rebuild,1.0,2.0,1,2,1,3,ms
:feature:status-contact:compileDebugKotlin,Sources compilation round,1268.76,1229.52,1226,1199,1565,1565,ms
:feature:status-contact:compileDebugKotlin,Incremental compilation in daemon,1396.54,1365.12,1357,1349,1705,1750,ms
:feature:status-contact:compileDebugKotlin,Task action before worker execution,17.76,15.6,17,15,32,26,ms
:feature:status-contact:compileDebugKotlin,Start gradle worker,2.1,2.18,1,1,5,4,ms
:feature:status-contact:compileDebugKotlin,Compiler initialization time,69.4,69.12,59,51,110,100,ms
:feature:status-contact:compileDebugKotlin,Calculate output size,2.33,2.27,1,1,5,4,ms
:feature:status-contact:compileDebugKotlin,Compiler IR lowering,107.7,102.28,106,101,157,139,ms
:feature:status-contact:compileDebugKotlin,Compiler translation to IR,336.42,311.44,317,302,469,400,ms
:feature:status-contact:compileDebugKotlin,Compiler backend,98.22,95.56,97,89,154,146,ms
:feature:status-contact:compileDebugKotlin,Compiler code analysis,466.44,457.88,440,445,633,610,ms
:feature:status-contact:compileDebugKotlin,Run compilation in Gradle worker,1453.62,1418.28,1411,1408,1758,1805,ms
:feature:status-contact:compileDebugKotlin,Load current classpath snapshot,6.5,7.74,6,7,11,14,ms
:feature:status-contact:compileDebugKotlin,Update caches,3.2,2.9,2,2,6,6,ms
:feature:status-contact:compileDebugKotlin,Total Gradle task time,1597.54,1583.52,1547,1577,1879,2067,ms
:feature:status-contact:compileDebugKotlin,Shrink and save current classpath snapshot after compilation,46.4,52.24,47,52,64,82,ms
:feature:status-contact:compileDebugKotlin,Compiler code generation,206.52,198.3,202,196,299,278,ms
:feature:status-contact:compileDebugKotlin,Remove duplicate classes,5.32,6.12,5,6,9,9,ms
:feature:status-contact:compileDebugKotlin,Run compilation,1438.62,1405.18,1403,1393,1748,1776,ms
:feature:status-contact:compileDebugKotlin,Shrink current classpath snapshot non-incrementally,37.32,41.78,36,42,56,61,ms
:feature:status-contact:compileDebugKotlin,Spent time before task action,40.38,40.7,37,40,67,59,ms
:feature:status-contact:compileDebugKotlin,Analysis lines per second,943,950,948,939,1198,1216,
:feature:status-contact:compileDebugKotlin,Total size of the cache directory,546.1,546.1,546,546,546,546,KB
:feature:status-contact:compileDebugKotlin,Number of cache hits when loading classpath entry snapshots,144,144,144,144,144,144,
:feature:status-contact:compileDebugKotlin,Number of lines analyzed,418,418,418,418,418,418,
:feature:status-contact:compileDebugKotlin,Size of shrunk classpath snapshot,46.4,46.4,46,46,46,46,KB
:feature:status-contact:compileDebugKotlin,Number of cache misses when loading classpath entry snapshots,1,1,1,1,1,1,
:feature:status-contact:compileDebugKotlin,Total compiler iteration,1,1,1,1,1,1,
:feature:status-contact:compileDebugKotlin,Number of times classpath snapshot is shrunk and saved after compilation,1,1,1,1,1,1,
:feature:status-contact:compileDebugKotlin,Number of times classpath snapshot is loaded,1,1,1,1,1,1,
:feature:status-contact:compileDebugKotlin,Code generation lines per second,2205,2311,2072,2126,3369,3580,
:feature:status-contact:compileDebugKotlin,ABI snapshot size,18.0,18.0,18,18,18,18,B
:feature:status-contact:compileDebugKotlin,Size of classpath snapshot,7.0,7.0,7,7,7,7,MB
:feature:status-contact:compileDebugKotlin,Number of classpath entries,145,145,145,145,145,145,
:feature:status-contact:compileDebugKotlin,Save shrunk current classpath snapshot,3.25,4.5,3,4,4,9,ms
:feature:status-contact:compileDebugKotlin,Clear output,1.5,1.0,2,1,2,1,ms
:feature:sync-contact:compileDebugKotlin,Sources compilation round,1327.9,1263.58,1261,1211,1724,1649,ms
:feature:sync-contact:compileDebugKotlin,Incremental compilation in daemon,1462.42,1396.36,1386,1365,1856,1763,ms
:feature:sync-contact:compileDebugKotlin,Task action before worker execution,17.22,19.98,14,14,24,30,ms
:feature:sync-contact:compileDebugKotlin,Start gradle worker,1.55,1.88,1,1,4,5,ms
:feature:sync-contact:compileDebugKotlin,Compiler initialization time,66.28,58.32,55,55,103,79,ms
:feature:sync-contact:compileDebugKotlin,Calculate output size,2.46,2.52,2,1,6,6,ms
:feature:sync-contact:compileDebugKotlin,Compiler IR lowering,143.26,117.46,120,121,198,163,ms
:feature:sync-contact:compileDebugKotlin,Compiler translation to IR,324.3,325.06,311,304,427,403,ms
:feature:sync-contact:compileDebugKotlin,Compiler backend,116.56,116.44,112,101,189,158,ms
:feature:sync-contact:compileDebugKotlin,Compiler code analysis,479.5,455.16,463,441,622,654,ms
:feature:sync-contact:compileDebugKotlin,Run compilation in Gradle worker,1534.0,1446.1,1499,1410,1936,1836,ms
:feature:sync-contact:compileDebugKotlin,Load current classpath snapshot,6.62,6.98,6,6,11,11,ms
:feature:sync-contact:compileDebugKotlin,Update caches,3.8,3.12,3,2,7,6,ms
:feature:sync-contact:compileDebugKotlin,Total Gradle task time,1688.08,1598.42,1645,1537,2095,2033,ms
:feature:sync-contact:compileDebugKotlin,Shrink and save current classpath snapshot after compilation,51.0,48.68,53,48,87,71,ms
:feature:sync-contact:compileDebugKotlin,Compiler code generation,260.3,234.46,230,227,361,307,ms
:feature:sync-contact:compileDebugKotlin,Remove duplicate classes,5.48,5.9,5,6,9,10,ms
:feature:sync-contact:compileDebugKotlin,Run compilation,1511.62,1430.08,1462,1392,1916,1800,ms
:feature:sync-contact:compileDebugKotlin,Shrink current classpath snapshot non-incrementally,41.28,38.94,43,37,65,57,ms
:feature:sync-contact:compileDebugKotlin,Spent time before task action,41.58,43.16,40,35,66,73,ms
:feature:sync-contact:compileDebugKotlin,Analysis lines per second,904,983,901,946,1097,1292,
:feature:sync-contact:compileDebugKotlin,Total size of the cache directory,545.3,545.3,545,545,545,545,KB
:feature:sync-contact:compileDebugKotlin,Number of cache hits when loading classpath entry snapshots,129,129,129,129,129,129,
:feature:sync-contact:compileDebugKotlin,Number of lines analyzed,418,418,418,418,418,418,
:feature:sync-contact:compileDebugKotlin,Size of shrunk classpath snapshot,46.4,46.4,46,46,46,46,KB
:feature:sync-contact:compileDebugKotlin,Number of cache misses when loading classpath entry snapshots,1,1,1,1,1,1,
:feature:sync-contact:compileDebugKotlin,Total compiler iteration,1,1,1,1,1,1,
:feature:sync-contact:compileDebugKotlin,Number of times classpath snapshot is shrunk and saved after compilation,1,1,1,1,1,1,
:feature:sync-contact:compileDebugKotlin,Number of times classpath snapshot is loaded,1,1,1,1,1,1,
:feature:sync-contact:compileDebugKotlin,Code generation lines per second,1916,1974,1819,1840,2958,2898,
:feature:sync-contact:compileDebugKotlin,ABI snapshot size,18.0,18.0,18,18,18,18,B
:feature:sync-contact:compileDebugKotlin,Size of classpath snapshot,6.5,6.5,7,7,7,7,MB
:feature:sync-contact:compileDebugKotlin,Number of classpath entries,130,130,130,130,130,130,
:feature:sync-contact:compileDebugKotlin,Save shrunk current classpath snapshot,3.0,3.5,3,4,6,5,ms
:feature:sync-contact:compileDebugKotlin,Clear output,2.5,,3,,3,,ms
:feature:task-contact:compileDebugKotlin,Sources compilation round,1643.04,1525.98,1640,1514,1969,1906,ms
:feature:task-contact:compileDebugKotlin,Incremental compilation in daemon,1792.78,1681.28,1782,1649,2136,2037,ms
:feature:task-contact:compileDebugKotlin,Task action before worker execution,17.62,17.58,18,17,26,26,ms
:feature:task-contact:compileDebugKotlin,Start gradle worker,2.0,2.0,1,1,4,4,ms
:feature:task-contact:compileDebugKotlin,Compiler initialization time,73.88,66.0,65,61,117,93,ms
:feature:task-contact:compileDebugKotlin,Calculate output size,2.82,2.64,1,2,6,4,ms
:feature:task-contact:compileDebugKotlin,Compiler IR lowering,159.74,159.86,153,154,247,233,ms
:feature:task-contact:compileDebugKotlin,Compiler translation to IR,376.2,370.62,357,344,544,501,ms
:feature:task-contact:compileDebugKotlin,Compiler backend,142.14,129.88,132,125,225,190,ms
:feature:task-contact:compileDebugKotlin,Compiler code analysis,644.38,592.14,631,588,842,744,ms
:feature:task-contact:compileDebugKotlin,Run compilation in Gradle worker,1883.58,1749.04,1851,1736,2416,2079,ms
:feature:task-contact:compileDebugKotlin,Load current classpath snapshot,7.74,8.02,8,8,11,15,ms
:feature:task-contact:compileDebugKotlin,Update caches,3.74,4.78,3,3,8,7,ms
:feature:task-contact:compileDebugKotlin,Total Gradle task time,2075.36,1905.44,2033,1870,2728,2328,ms
:feature:task-contact:compileDebugKotlin,Shrink and save current classpath snapshot after compilation,57.88,52.9,56,52,90,81,ms
:feature:task-contact:compileDebugKotlin,Compiler code generation,302.38,290.22,288,271,459,418,ms
:feature:task-contact:compileDebugKotlin,Remove duplicate classes,6.44,6.94,6,6,10,14,ms
:feature:task-contact:compileDebugKotlin,Run compilation,1855.74,1729.22,1823,1731,2405,2067,ms
:feature:task-contact:compileDebugKotlin,Shrink current classpath snapshot non-incrementally,47.16,41.94,45,42,74,68,ms
:feature:task-contact:compileDebugKotlin,Spent time before task action,49.98,44.2,48,43,76,70,ms
:feature:task-contact:compileDebugKotlin,Analysis lines per second,682,742,662,711,893,1036,
:feature:task-contact:compileDebugKotlin,Total size of the cache directory,545.3,545.3,545,545,545,545,KB
:feature:task-contact:compileDebugKotlin,Number of cache hits when loading classpath entry snapshots,139,139,139,139,139,139,
:feature:task-contact:compileDebugKotlin,Number of lines analyzed,418,418,418,418,418,418,
:feature:task-contact:compileDebugKotlin,Size of shrunk classpath snapshot,46.4,46.4,46,46,46,46,KB
:feature:task-contact:compileDebugKotlin,Number of cache misses when loading classpath entry snapshots,1,1,1,1,1,1,
:feature:task-contact:compileDebugKotlin,Total compiler iteration,1,1,1,1,1,1,
:feature:task-contact:compileDebugKotlin,Number of times classpath snapshot is shrunk and saved after compilation,1,1,1,1,1,1,
:feature:task-contact:compileDebugKotlin,Number of times classpath snapshot is loaded,1,1,1,1,1,1,
:feature:task-contact:compileDebugKotlin,Code generation lines per second,1526,1575,1452,1539,2230,2272,
:feature:task-contact:compileDebugKotlin,ABI snapshot size,18.0,18.0,18,18,18,18,B
:feature:task-contact:compileDebugKotlin,Size of classpath snapshot,6.8,6.8,7,7,7,7,MB
:feature:task-contact:compileDebugKotlin,Number of classpath entries,140,140,140,140,140,140,
:feature:task-contact:compileDebugKotlin,Save shrunk current classpath snapshot,2.11,3.29,2,3,4,5,ms
:feature:task-contact:compileDebugKotlin,Store build info,4.0,,4,,6,,ms
:feature:task-contact:compileDebugKotlin,Generate compiler reference index,2.0,2.0,2,2,2,2,ms
:feature:task-contact:compileDebugKotlin,Clear outputs on rebuild,2.0,3.0,2,3,2,3,ms
:feature:task-contact:compileDebugKotlin,Clear output,1.0,6.0,1,6,1,6,ms
:feature:timer-contact:compileDebugKotlin,Sources compilation round,1250.0,1282.1,1191,1258,1613,1649,ms
:feature:timer-contact:compileDebugKotlin,Incremental compilation in daemon,1380.14,1415.92,1327,1387,1743,1868,ms
:feature:timer-contact:compileDebugKotlin,Task action before worker execution,16.7,15.4,17,15,26,24,ms
:feature:timer-contact:compileDebugKotlin,Start gradle worker,2.33,1.62,1,1,6,3,ms
:feature:timer-contact:compileDebugKotlin,Compiler initialization time,60.94,65.62,54,59,96,99,ms
:feature:timer-contact:compileDebugKotlin,Calculate output size,2.29,2.86,1,2,5,6,ms
:feature:timer-contact:compileDebugKotlin,Compiler IR lowering,117.44,110.32,107,101,145,158,ms
:feature:timer-contact:compileDebugKotlin,Compiler translation to IR,323.82,331.74,303,290,396,418,ms
:feature:timer-contact:compileDebugKotlin,Compiler backend,98.0,94.62,93,93,137,130,ms
:feature:timer-contact:compileDebugKotlin,Compiler code analysis,461.26,487.18,447,489,563,628,ms
:feature:timer-contact:compileDebugKotlin,Run compilation in Gradle worker,1441.88,1464.24,1392,1457,1811,1912,ms
:feature:timer-contact:compileDebugKotlin,Load current classpath snapshot,6.94,7.52,7,7,11,12,ms
:feature:timer-contact:compileDebugKotlin,Update caches,3.22,3.06,2,2,6,6,ms
:feature:timer-contact:compileDebugKotlin,Total Gradle task time,1587.98,1592.88,1547,1593,1998,2057,ms
:feature:timer-contact:compileDebugKotlin,Shrink and save current classpath snapshot after compilation,47.3,46.96,48,47,69,64,ms
:feature:timer-contact:compileDebugKotlin,Compiler code generation,215.94,205.42,209,197,285,274,ms
:feature:timer-contact:compileDebugKotlin,Remove duplicate classes,5.82,6.26,6,6,10,10,ms
:feature:timer-contact:compileDebugKotlin,Run compilation,1427.98,1456.6,1379,1431,1806,1907,ms
:feature:timer-contact:compileDebugKotlin,Shrink current classpath snapshot non-incrementally,37.66,37.02,37,37,55,53,ms
:feature:timer-contact:compileDebugKotlin,Spent time before task action,42.14,39.46,39,36,67,63,ms
:feature:timer-contact:compileDebugKotlin,Analysis lines per second,953,913,935,854,1261,1267,
:feature:timer-contact:compileDebugKotlin,Total size of the cache directory,545.7,545.7,546,546,546,546,KB
:feature:timer-contact:compileDebugKotlin,Number of cache hits when loading classpath entry snapshots,123,123,123,123,123,123,
:feature:timer-contact:compileDebugKotlin,Number of lines analyzed,418,418,418,418,418,418,
:feature:timer-contact:compileDebugKotlin,Size of shrunk classpath snapshot,46.4,46.4,46,46,46,46,KB
:feature:timer-contact:compileDebugKotlin,Number of cache misses when loading classpath entry snapshots,1,1,1,1,1,1,
:feature:timer-contact:compileDebugKotlin,Total compiler iteration,1,1,1,1,1,1,
:feature:timer-contact:compileDebugKotlin,Number of times classpath snapshot is shrunk and saved after compilation,1,1,1,1,1,1,
:feature:timer-contact:compileDebugKotlin,Number of times classpath snapshot is loaded,1,1,1,1,1,1,
:feature:timer-contact:compileDebugKotlin,Code generation lines per second,2130,2179,2001,2121,3091,3068,
:feature:timer-contact:compileDebugKotlin,ABI snapshot size,18.0,18.0,18,18,18,18,B
:feature:timer-contact:compileDebugKotlin,Size of classpath snapshot,6.4,6.4,6,6,6,6,MB
:feature:timer-contact:compileDebugKotlin,Number of classpath entries,124,124,124,124,124,124,
:feature:timer-contact:compileDebugKotlin,Save shrunk current classpath snapshot,2.11,2.14,2,2,3,3,ms
:feature:timer-contact:compileDebugKotlin,Clear output,2.0,2.0,2,2,2,2,ms
:feature:timer-contact:compileDebugKotlin,Clear outputs on rebuild,1.0,1.2,1,1,1,2,ms
:feature:timer-contact:compileDebugKotlin,Store build info,2.0,2.0,2,2,2,2,ms
:feature:todo-contact:compileDebugKotlin,Sources compilation round,1280.32,1172.6,1238,1162,1600,1385,ms
:feature:todo-contact:compileDebugKotlin,Incremental compilation in daemon,1420.44,1301.84,1365,1298,1768,1594,ms
:feature:todo-contact:compileDebugKotlin,Task action before worker execution,15.66,15.86,15,16,24,24,ms
:feature:todo-contact:compileDebugKotlin,Start gradle worker,2.24,2.09,1,1,4,4,ms
:feature:todo-contact:compileDebugKotlin,Compiler initialization time,60.24,68.52,53,54,91,95,ms
:feature:todo-contact:compileDebugKotlin,Calculate output size,2.88,2.19,2,1,7,4,ms
:feature:todo-contact:compileDebugKotlin,Compiler IR lowering,119.76,123.88,121,113,166,155,ms
:feature:todo-contact:compileDebugKotlin,Compiler translation to IR,307.54,278.36,280,274,370,346,ms
:feature:todo-contact:compileDebugKotlin,Compiler backend,104.8,96.38,93,92,154,150,ms
:feature:todo-contact:compileDebugKotlin,Compiler code analysis,497.42,435.26,466,441,609,561,ms
:feature:todo-contact:compileDebugKotlin,Run compilation in Gradle worker,1478.7,1349.86,1435,1337,1909,1650,ms
:feature:todo-contact:compileDebugKotlin,Load current classpath snapshot,7.74,5.94,7,6,14,9,ms
:feature:todo-contact:compileDebugKotlin,Update caches,3.4,3.58,3,3,6,6,ms
:feature:todo-contact:compileDebugKotlin,Total Gradle task time,1636.02,1486.94,1561,1463,2121,1821,ms
:feature:todo-contact:compileDebugKotlin,Shrink and save current classpath snapshot after compilation,48.12,44.12,50,44,78,65,ms
:feature:todo-contact:compileDebugKotlin,Compiler code generation,225.04,220.76,215,205,295,288,ms
:feature:todo-contact:compileDebugKotlin,Remove duplicate classes,6.76,5.22,6,5,10,8,ms
:feature:todo-contact:compileDebugKotlin,Run compilation,1458.68,1336.16,1401,1331,1829,1640,ms
:feature:todo-contact:compileDebugKotlin,Shrink current classpath snapshot non-incrementally,37.86,35.36,39,35,60,53,ms
:feature:todo-contact:compileDebugKotlin,Spent time before task action,43.18,36.56,41,35,64,55,ms
:feature:todo-contact:compileDebugKotlin,Analysis lines per second,880,998,897,946,1043,1238,
:feature:todo-contact:compileDebugKotlin,Total size of the cache directory,545.3,545.3,545,545,545,545,KB
:feature:todo-contact:compileDebugKotlin,Number of cache hits when loading classpath entry snapshots,126,126,126,126,126,126,
:feature:todo-contact:compileDebugKotlin,Number of lines analyzed,418,418,418,418,418,418,
:feature:todo-contact:compileDebugKotlin,Size of shrunk classpath snapshot,46.4,46.4,46,46,46,46,KB
:feature:todo-contact:compileDebugKotlin,Number of cache misses when loading classpath entry snapshots,1,1,1,1,1,1,
:feature:todo-contact:compileDebugKotlin,Total compiler iteration,1,1,1,1,1,1,
:feature:todo-contact:compileDebugKotlin,Number of times classpath snapshot is shrunk and saved after compilation,1,1,1,1,1,1,
:feature:todo-contact:compileDebugKotlin,Number of times classpath snapshot is loaded,1,1,1,1,1,1,
:feature:todo-contact:compileDebugKotlin,Code generation lines per second,2027,2181,1940,2037,3198,3324,
:feature:todo-contact:compileDebugKotlin,ABI snapshot size,18.0,18.0,18,18,18,18,B
:feature:todo-contact:compileDebugKotlin,Size of classpath snapshot,6.5,6.5,7,7,7,7,MB
:feature:todo-contact:compileDebugKotlin,Number of classpath entries,127,127,127,127,127,127,
:feature:todo-contact:compileDebugKotlin,Save shrunk current classpath snapshot,2.0,2.63,2,3,3,4,ms
:feature:todo-contact:compileDebugKotlin,Clear output,3.5,1.0,2,1,9,1,ms
:feature:todo-contact:compileDebugKotlin,Store build info,2.5,,3,,3,,ms
:feature:todo-contact:compileDebugKotlin,Clear outputs on rebuild,1.0,2.0,1,2,1,2,ms
:feature:user-contact:compileDebugKotlin,Sources compilation round,1119.74,1020.1,1098,997,1356,1194,ms
:feature:user-contact:compileDebugKotlin,Incremental compilation in daemon,1248.98,1139.74,1224,1102,1530,1346,ms
:feature:user-contact:compileDebugKotlin,Task action before worker execution,18.94,15.62,18,16,26,22,ms
:feature:user-contact:compileDebugKotlin,Start gradle worker,2.44,2.16,2,1,5,4,ms
:feature:user-contact:compileDebugKotlin,Compiler initialization time,56.14,51.96,52,46,83,84,ms
:feature:user-contact:compileDebugKotlin,Calculate output size,2.49,2.36,1,1,6,6,ms
:feature:user-contact:compileDebugKotlin,Compiler IR lowering,91.62,86.24,88,81,124,129,ms
:feature:user-contact:compileDebugKotlin,Compiler translation to IR,294.06,278.1,297,271,379,338,ms
:feature:user-contact:compileDebugKotlin,Compiler backend,86.8,79.52,81,70,147,135,ms
:feature:user-contact:compileDebugKotlin,Compiler code analysis,417.28,375.84,412,387,512,465,ms
:feature:user-contact:compileDebugKotlin,Run compilation in Gradle worker,1291.08,1188.94,1278,1142,1563,1388,ms
:feature:user-contact:compileDebugKotlin,Load current classpath snapshot,6.9,6.28,6,6,12,11,ms
:feature:user-contact:compileDebugKotlin,Update caches,3.18,2.58,2,2,7,5,ms
:feature:user-contact:compileDebugKotlin,Total Gradle task time,1447.72,1321.9,1424,1286,1730,1556,ms
:feature:user-contact:compileDebugKotlin,Shrink and save current classpath snapshot after compilation,47.2,39.74,44,33,76,59,ms
:feature:user-contact:compileDebugKotlin,Compiler code generation,178.92,166.24,166,161,255,231,ms
:feature:user-contact:compileDebugKotlin,Remove duplicate classes,5.84,5.56,6,5,10,9,ms
:feature:user-contact:compileDebugKotlin,Run compilation,1282.8,1181.04,1260,1137,1551,1378,ms
:feature:user-contact:compileDebugKotlin,Shrink current classpath snapshot non-incrementally,37.44,30.9,38,25,63,47,ms
:feature:user-contact:compileDebugKotlin,Spent time before task action,55.32,47.98,46,43,73,66,ms
:feature:user-contact:compileDebugKotlin,Analysis lines per second,1038,1152,1013,1079,1284,1527,
:feature:user-contact:compileDebugKotlin,Total size of the cache directory,545.3,545.3,545,545,545,545,KB
:feature:user-contact:compileDebugKotlin,Number of cache hits when loading classpath entry snapshots,146,146,146,146,146,146,
:feature:user-contact:compileDebugKotlin,Number of lines analyzed,418,418,418,418,418,418,
:feature:user-contact:compileDebugKotlin,Size of shrunk classpath snapshot,46.4,46.4,46,46,46,46,KB
:feature:user-contact:compileDebugKotlin,Number of cache misses when loading classpath entry snapshots,1,1,1,1,1,1,
:feature:user-contact:compileDebugKotlin,Total compiler iteration,1,1,1,1,1,1,
:feature:user-contact:compileDebugKotlin,Number of times classpath snapshot is shrunk and saved after compilation,1,1,1,1,1,1,
:feature:user-contact:compileDebugKotlin,Number of times classpath snapshot is loaded,1,1,1,1,1,1,
:feature:user-contact:compileDebugKotlin,Code generation lines per second,2535,2725,2514,2592,3559,3773,
:feature:user-contact:compileDebugKotlin,ABI snapshot size,18.0,18.0,18,18,18,18,B
:feature:user-contact:compileDebugKotlin,Size of classpath snapshot,7.0,7.0,7,7,7,7,MB
:feature:user-contact:compileDebugKotlin,Number of classpath entries,147,147,147,147,147,147,
:feature:user-contact:compileDebugKotlin,Store build info,1.5,2.5,2,3,2,4,ms
:feature:user-contact:compileDebugKotlin,Save shrunk current classpath snapshot,2.67,2.6,3,3,3,5,ms
:feature:user-contact:compileDebugKotlin,Clear outputs on rebuild,2.0,,2,,2,,ms
:feature:video-contact:compileDebugKotlin,Sources compilation round,1703.86,1583.58,1734,1584,2107,2080,ms
:feature:video-contact:compileDebugKotlin,Incremental compilation in daemon,1873.42,1732.0,1884,1738,2382,2238,ms
:feature:video-contact:compileDebugKotlin,Task action before worker execution,18.2,17.5,16,16,32,29,ms
:feature:video-contact:compileDebugKotlin,Start gradle worker,5.91,2.28,2,1,5,5,ms
:feature:video-contact:compileDebugKotlin,Compiler initialization time,123.48,108.64,113,110,159,154,ms
:feature:video-contact:compileDebugKotlin,Calculate output size,3.26,2.92,2,3,7,6,ms
:feature:video-contact:compileDebugKotlin,Compiler IR lowering,160.74,148.7,158,153,232,202,ms
:feature:video-contact:compileDebugKotlin,Compiler translation to IR,379.4,369.12,368,341,534,534,ms
:feature:video-contact:compileDebugKotlin,Compiler backend,145.56,144.82,140,129,205,203,ms
:feature:video-contact:compileDebugKotlin,Compiler code analysis,656.8,581.58,642,553,829,811,ms
:feature:video-contact:compileDebugKotlin,Run compilation in Gradle worker,1956.22,1797.64,1971,1774,2482,2332,ms
:feature:video-contact:compileDebugKotlin,Load current classpath snapshot,7.68,6.48,7,6,12,11,ms
:feature:video-contact:compileDebugKotlin,Update caches,3.62,3.3,3,2,6,7,ms
:feature:video-contact:compileDebugKotlin,Total Gradle task time,2174.16,1961.22,2195,1919,2710,2484,ms
:feature:video-contact:compileDebugKotlin,Shrink and save current classpath snapshot after compilation,54.56,45.04,53,46,82,69,ms
:feature:video-contact:compileDebugKotlin,Compiler code generation,306.72,294.1,289,287,430,367,ms
:feature:video-contact:compileDebugKotlin,Remove duplicate classes,6.48,5.22,6,5,11,10,ms
:feature:video-contact:compileDebugKotlin,Run compilation,1939.52,1780.1,1940,1770,2472,2280,ms
:feature:video-contact:compileDebugKotlin,Shrink current classpath snapshot non-incrementally,43.34,35.44,42,37,67,56,ms
:feature:video-contact:compileDebugKotlin,Spent time before task action,52.12,44.08,50,44,72,61,ms
:feature:video-contact:compileDebugKotlin,Analysis lines per second,679,771,650,755,1010,1122,
:feature:video-contact:compileDebugKotlin,Total size of the cache directory,545.7,545.7,546,546,546,546,KB
:feature:video-contact:compileDebugKotlin,Number of cache hits when loading classpath entry snapshots,107,107,107,107,107,107,
:feature:video-contact:compileDebugKotlin,Number of lines analyzed,418,418,418,418,418,418,
:feature:video-contact:compileDebugKotlin,Size of shrunk classpath snapshot,46.4,46.4,46,46,46,46,KB
:feature:video-contact:compileDebugKotlin,Number of cache misses when loading classpath entry snapshots,1,1,1,1,1,1,
:feature:video-contact:compileDebugKotlin,Total compiler iteration,1,1,1,1,1,1,
:feature:video-contact:compileDebugKotlin,Number of times classpath snapshot is shrunk and saved after compilation,1,1,1,1,1,1,
:feature:video-contact:compileDebugKotlin,Number of times classpath snapshot is loaded,1,1,1,1,1,1,
:feature:video-contact:compileDebugKotlin,Code generation lines per second,1466,1583,1446,1453,2007,2255,
:feature:video-contact:compileDebugKotlin,ABI snapshot size,18.0,18.0,18,18,18,18,B
:feature:video-contact:compileDebugKotlin,Size of classpath snapshot,5.9,5.9,6,6,6,6,MB
:feature:video-contact:compileDebugKotlin,Number of classpath entries,108,108,108,108,108,108,
:feature:video-contact:compileDebugKotlin,Save shrunk current classpath snapshot,2.45,2.92,3,3,5,8,ms
:feature:video-contact:compileDebugKotlin,Store build info,1.33,3.2,1,3,2,6,ms
:feature:video-contact:compileDebugKotlin,Generate compiler reference index,4.0,1.0,4,1,4,1,ms
:feature:weather-contact:compileDebugKotlin,Sources compilation round,1413.9,1305.04,1318,1278,1988,1718,ms
:feature:weather-contact:compileDebugKotlin,Incremental compilation in daemon,1544.74,1433.72,1458,1404,2110,1846,ms
:feature:weather-contact:compileDebugKotlin,Clear outputs on rebuild,2.0,2.0,2,2,2,2,ms
:feature:weather-contact:compileDebugKotlin,Task action before worker execution,16.02,15.68,16,15,24,25,ms
:feature:weather-contact:compileDebugKotlin,Start gradle worker,2.45,2.16,2,2,7,5,ms
:feature:weather-contact:compileDebugKotlin,Compiler initialization time,59.74,60.84,55,58,94,90,ms
:feature:weather-contact:compileDebugKotlin,Calculate output size,2.29,2.57,1,1,5,7,ms
:feature:weather-contact:compileDebugKotlin,Compiler IR lowering,136.66,119.86,121,104,191,200,ms
:feature:weather-contact:compileDebugKotlin,Compiler translation to IR,372.62,333.46,344,300,501,446,ms
:feature:weather-contact:compileDebugKotlin,Compiler backend,112.22,119.6,113,107,167,148,ms
:feature:weather-contact:compileDebugKotlin,Compiler code analysis,515.02,462.84,494,448,688,609,ms
:feature:weather-contact:compileDebugKotlin,Run compilation in Gradle worker,1599.24,1488.18,1511,1439,2161,1879,ms
:feature:weather-contact:compileDebugKotlin,Load current classpath snapshot,8.96,5.42,7,5,12,9,ms
:feature:weather-contact:compileDebugKotlin,Update caches,3.08,2.84,2,2,6,5,ms
:feature:weather-contact:compileDebugKotlin,Total Gradle task time,1750.72,1636.0,1682,1565,2314,2116,ms
:feature:weather-contact:compileDebugKotlin,Shrink and save current classpath snapshot after compilation,45.56,41.48,45,44,67,68,ms
:feature:weather-contact:compileDebugKotlin,Compiler code generation,249.32,239.94,225,199,347,402,ms
:feature:weather-contact:compileDebugKotlin,Remove duplicate classes,7.68,4.42,6,4,10,9,ms
:feature:weather-contact:compileDebugKotlin,Run compilation,1583.86,1472.3,1506,1434,2146,1871,ms
:feature:weather-contact:compileDebugKotlin,Shrink current classpath snapshot non-incrementally,34.26,33.96,33,34,54,54,ms
:feature:weather-contact:compileDebugKotlin,Spent time before task action,39.2,37.96,37,37,65,59,ms
:feature:weather-contact:compileDebugKotlin,Analysis lines per second,873,950,846,932,1200,1223,
:feature:weather-contact:compileDebugKotlin,Total size of the cache directory,546.4,546.4,546,546,546,546,KB
:feature:weather-contact:compileDebugKotlin,Number of cache hits when loading classpath entry snapshots,112,112,112,112,112,112,
:feature:weather-contact:compileDebugKotlin,Number of lines analyzed,418,418,418,418,418,418,
:feature:weather-contact:compileDebugKotlin,Size of shrunk classpath snapshot,46.4,46.4,46,46,46,46,KB
:feature:weather-contact:compileDebugKotlin,Number of cache misses when loading classpath entry snapshots,1,1,1,1,1,1,
:feature:weather-contact:compileDebugKotlin,Total compiler iteration,1,1,1,1,1,1,
:feature:weather-contact:compileDebugKotlin,Number of times classpath snapshot is shrunk and saved after compilation,1,1,1,1,1,1,
:feature:weather-contact:compileDebugKotlin,Number of times classpath snapshot is loaded,1,1,1,1,1,1,
:feature:weather-contact:compileDebugKotlin,Code generation lines per second,1897,1999,1852,2098,2725,2894,
:feature:weather-contact:compileDebugKotlin,ABI snapshot size,18.0,18.0,18,18,18,18,B
:feature:weather-contact:compileDebugKotlin,Size of classpath snapshot,6.0,6.0,6,6,6,6,MB
:feature:weather-contact:compileDebugKotlin,Number of classpath entries,113,113,113,113,113,113,
:feature:weather-contact:compileDebugKotlin,Store build info,3.0,2.33,3,2,4,4,ms
:feature:weather-contact:compileDebugKotlin,Save shrunk current classpath snapshot,3.0,5.0,2,5,6,5,ms
:model:account-checkout:compileDebugKotlin,Sources compilation round,817.38,838.18,780,798,1076,1060,ms
:model:account-checkout:compileDebugKotlin,Incremental compilation in daemon,929.0,941.82,888,912,1166,1182,ms
:model:account-checkout:compileDebugKotlin,Task action before worker execution,11.66,11.04,10,11,19,17,ms
:model:account-checkout:compileDebugKotlin,Compiler initialization time,53.62,49.04,50,44,77,76,ms
:model:account-checkout:compileDebugKotlin,Calculate output size,1.94,1.83,1,1,4,4,ms
:model:account-checkout:compileDebugKotlin,Compiler IR lowering,63.22,67.82,56,61,96,107,ms
:model:account-checkout:compileDebugKotlin,Compiler translation to IR,232.78,241.48,218,225,329,296,ms
:model:account-checkout:compileDebugKotlin,Compiler backend,50.06,58.74,43,55,74,92,ms
:model:account-checkout:compileDebugKotlin,Compiler code analysis,299.7,304.88,277,290,403,412,ms
:model:account-checkout:compileDebugKotlin,Run compilation in Gradle worker,965.62,974.56,934,948,1196,1222,ms
:model:account-checkout:compileDebugKotlin,Load current classpath snapshot,16.22,14.44,13,11,25,23,ms
:model:account-checkout:compileDebugKotlin,Update caches,2.46,2.36,2,2,6,5,ms
:model:account-checkout:compileDebugKotlin,Total Gradle task time,1124.34,1112.88,1124,1099,1384,1378,ms
:model:account-checkout:compileDebugKotlin,Shrink and save current classpath snapshot after compilation,47.48,43.82,41,38,70,73,ms
:model:account-checkout:compileDebugKotlin,Compiler code generation,113.74,127.18,106,118,158,193,ms
:model:account-checkout:compileDebugKotlin,Remove duplicate classes,4.08,3.86,3,3,7,7,ms
:model:account-checkout:compileDebugKotlin,Run compilation,951.42,966.78,912,946,1189,1219,ms
:model:account-checkout:compileDebugKotlin,Shrink current classpath snapshot non-incrementally,29.38,27.3,25,23,46,46,ms
:model:account-checkout:compileDebugKotlin,Spent time before task action,73.74,59.3,64,56,124,92,ms
:model:account-checkout:compileDebugKotlin,Analysis lines per second,1461,1449,1505,1442,1782,1890,
:model:account-checkout:compileDebugKotlin,Total size of the cache directory,562.9,562.9,563,563,563,563,KB
:model:account-checkout:compileDebugKotlin,Number of cache hits when loading classpath entry snapshots,101,101,101,101,101,101,
:model:account-checkout:compileDebugKotlin,Number of lines analyzed,418,418,418,418,418,418,
:model:account-checkout:compileDebugKotlin,Size of shrunk classpath snapshot,46.4,46.4,46,46,46,46,KB
:model:account-checkout:compileDebugKotlin,Number of cache misses when loading classpath entry snapshots,33,33,33,33,33,33,
:model:account-checkout:compileDebugKotlin,Total compiler iteration,1,1,1,1,1,1,
:model:account-checkout:compileDebugKotlin,Number of times classpath snapshot is shrunk and saved after compilation,1,1,1,1,1,1,
:model:account-checkout:compileDebugKotlin,Number of times classpath snapshot is loaded,1,1,1,1,1,1,
:model:account-checkout:compileDebugKotlin,Code generation lines per second,3902,3583,3930,3534,4937,4858,
:model:account-checkout:compileDebugKotlin,ABI snapshot size,18.0,18.0,18,18,18,18,B
:model:account-checkout:compileDebugKotlin,Size of classpath snapshot,6.8,6.8,7,7,7,7,MB
:model:account-checkout:compileDebugKotlin,Number of classpath entries,134,134,134,134,134,134,
:model:account-checkout:compileDebugKotlin,Start gradle worker,1.44,1.57,1,1,3,3,ms
:model:account-checkout:compileDebugKotlin,Save shrunk current classpath snapshot,2.0,2.25,2,3,2,3,ms
:model:alarm-checkout:compileDebugKotlin,Sources compilation round,896.08,804.7,854,804,1163,977,ms
:model:alarm-checkout:compileDebugKotlin,Incremental compilation in daemon,1008.92,908.82,972,905,1273,1112,ms
:model:alarm-checkout:compileDebugKotlin,Task action before worker execution,11.16,13.8,9,10,19,18,ms
:model:alarm-checkout:compileDebugKotlin,Start gradle worker,1.61,1.63,1,1,3,4,ms
:model:alarm-checkout:compileDebugKotlin,Compiler initialization time,53.8,50.04,49,45,85,78,ms
:model:alarm-checkout:compileDebugKotlin,Calculate output size,1.78,1.83,1,1,4,4,ms
:model:alarm-checkout:compileDebugKotlin,Compiler IR lowering,70.06,71.9,65,64,98,112,ms
:model:alarm-checkout:compileDebugKotlin,Compiler translation to IR,257.74,232.48,247,225,345,284,ms
:model:alarm-checkout:compileDebugKotlin,Compiler backend,69.26,53.14,59,42,112,81,ms
:model:alarm-checkout:compileDebugKotlin,Compiler code analysis,316.06,285.6,306,283,438,354,ms
:model:alarm-checkout:compileDebugKotlin,Run compilation in Gradle worker,1056.3,949.72,1026,949,1373,1230,ms
:model:alarm-checkout:compileDebugKotlin,Load current classpath snapshot,11.28,9.88,11,9,17,16,ms
:model:alarm-checkout:compileDebugKotlin,Update caches,1.64,3.08,1,1,3,5,ms
:model:alarm-checkout:compileDebugKotlin,Total Gradle task time,1200.56,1074.92,1149,1072,1515,1403,ms
:model:alarm-checkout:compileDebugKotlin,Shrink and save current classpath snapshot after compilation,45.36,39.56,43,35,65,62,ms
:model:alarm-checkout:compileDebugKotlin,Compiler code generation,139.74,125.56,131,108,188,184,ms
:model:alarm-checkout:compileDebugKotlin,Remove duplicate classes,5.1,4.44,4,3,10,8,ms
:model:alarm-checkout:compileDebugKotlin,Run compilation,1046.26,942.12,1023,931,1369,1227,ms
:model:alarm-checkout:compileDebugKotlin,Shrink current classpath snapshot non-incrementally,32.06,27.52,29,23,46,46,ms
:model:alarm-checkout:compileDebugKotlin,Spent time before task action,51.84,43.54,43,42,85,70,ms
:model:alarm-checkout:compileDebugKotlin,Analysis lines per second,1380,1524,1363,1475,1763,1819,
:model:alarm-checkout:compileDebugKotlin,Total size of the cache directory,546.1,546.1,546,546,546,546,KB
:model:alarm-checkout:compileDebugKotlin,Number of cache hits when loading classpath entry snapshots,120,120,120,120,120,120,
:model:alarm-checkout:compileDebugKotlin,Number of lines analyzed,418,418,418,418,418,418,
:model:alarm-checkout:compileDebugKotlin,Size of shrunk classpath snapshot,46.4,46.4,46,46,46,46,KB
:model:alarm-checkout:compileDebugKotlin,Number of cache misses when loading classpath entry snapshots,14,14,15,15,15,15,
:model:alarm-checkout:compileDebugKotlin,Total compiler iteration,1,1,1,1,1,1,
:model:alarm-checkout:compileDebugKotlin,Number of times classpath snapshot is shrunk and saved after compilation,1,1,1,1,1,1,
:model:alarm-checkout:compileDebugKotlin,Number of times classpath snapshot is loaded,1,1,1,1,1,1,
:model:alarm-checkout:compileDebugKotlin,Code generation lines per second,3225,3677,3171,3864,4463,4767,
:model:alarm-checkout:compileDebugKotlin,ABI snapshot size,18.0,18.0,18,18,18,18,B
:model:alarm-checkout:compileDebugKotlin,Size of classpath snapshot,6.8,6.8,7,7,7,7,MB
:model:alarm-checkout:compileDebugKotlin,Number of classpath entries,135,135,135,135,135,135,
:model:alarm-checkout:compileDebugKotlin,Store build info,2.0,,2,,3,,ms
:model:alarm-checkout:compileDebugKotlin,Save shrunk current classpath snapshot,3.0,3.67,3,2,3,7,ms
:model:analytics-checkout:compileDebugKotlin,Sources compilation round,833.8,797.92,784,792,1063,944,ms
:model:analytics-checkout:compileDebugKotlin,Incremental compilation in daemon,942.4,895.96,926,891,1158,1061,ms
:model:analytics-checkout:compileDebugKotlin,Task action before worker execution,11.24,15.3,9,12,18,19,ms
:model:analytics-checkout:compileDebugKotlin,Start gradle worker,2.2,1.84,1,1,5,4,ms
:model:analytics-checkout:compileDebugKotlin,Compiler initialization time,40.58,42.62,39,36,66,68,ms
:model:analytics-checkout:compileDebugKotlin,Calculate output size,1.78,1.69,1,1,4,4,ms
:model:analytics-checkout:compileDebugKotlin,Compiler IR lowering,66.84,66.2,61,55,104,102,ms
:model:analytics-checkout:compileDebugKotlin,Compiler translation to IR,231.78,223.0,218,215,307,287,ms
:model:analytics-checkout:compileDebugKotlin,Compiler backend,57.22,54.9,50,49,88,79,ms
:model:analytics-checkout:compileDebugKotlin,Compiler code analysis,315.92,296.86,297,285,417,364,ms
:model:analytics-checkout:compileDebugKotlin,Run compilation in Gradle worker,979.66,927.48,957,915,1198,1089,ms
:model:analytics-checkout:compileDebugKotlin,Load current classpath snapshot,6.14,5.24,5,4,10,10,ms
:model:analytics-checkout:compileDebugKotlin,Update caches,2.1,1.47,2,1,4,2,ms
:model:analytics-checkout:compileDebugKotlin,Total Gradle task time,1098.8,1042.18,1064,1046,1331,1228,ms
:model:analytics-checkout:compileDebugKotlin,Shrink and save current classpath snapshot after compilation,36.86,36.06,31,32,58,58,ms
:model:analytics-checkout:compileDebugKotlin,Compiler code generation,124.72,121.58,114,114,179,186,ms
:model:analytics-checkout:compileDebugKotlin,Remove duplicate classes,4.8,4.14,4,3,9,8,ms
:model:analytics-checkout:compileDebugKotlin,Run compilation,973.74,922.96,953,913,1196,1083,ms
:model:analytics-checkout:compileDebugKotlin,Shrink current classpath snapshot non-incrementally,28.74,29.08,24,27,47,48,ms
:model:analytics-checkout:compileDebugKotlin,Spent time before task action,31.88,32.86,32,30,49,53,ms
:model:analytics-checkout:compileDebugKotlin,Analysis lines per second,1387,1542,1403,1466,1699,2031,
:model:analytics-checkout:compileDebugKotlin,Total size of the cache directory,563.6,563.6,564,564,564,564,KB
:model:analytics-checkout:compileDebugKotlin,Number of cache hits when loading classpath entry snapshots,110,110,111,111,111,111,
:model:analytics-checkout:compileDebugKotlin,Number of lines analyzed,418,418,418,418,418,418,
:model:analytics-checkout:compileDebugKotlin,Size of shrunk classpath snapshot,46.4,46.4,46,46,46,46,KB
:model:analytics-checkout:compileDebugKotlin,Number of cache misses when loading classpath entry snapshots,2,2,2,2,2,2,
:model:analytics-checkout:compileDebugKotlin,Total compiler iteration,1,1,1,1,1,1,
:model:analytics-checkout:compileDebugKotlin,Number of times classpath snapshot is shrunk and saved after compilation,1,1,1,1,1,1,
:model:analytics-checkout:compileDebugKotlin,Number of times classpath snapshot is loaded,1,1,1,1,1,1,
:model:analytics-checkout:compileDebugKotlin,Code generation lines per second,3561,3782,3656,3663,4560,4988,
:model:analytics-checkout:compileDebugKotlin,ABI snapshot size,18.0,18.0,18,18,18,18,B
:model:analytics-checkout:compileDebugKotlin,Size of classpath snapshot,6.1,6.1,6,6,6,6,MB
:model:analytics-checkout:compileDebugKotlin,Number of classpath entries,113,113,113,113,113,113,
:model:analytics-checkout:compileDebugKotlin,Save shrunk current classpath snapshot,3.5,1.4,4,1,5,2,ms
:model:analytics-checkout:compileDebugKotlin,Clear outputs on rebuild,2.0,,2,,2,,ms
:model:article-checkout:compileDebugKotlin,Sources compilation round,813.72,816.7,787,766,963,1171,ms
:model:article-checkout:compileDebugKotlin,Incremental compilation in daemon,908.6,910.38,872,849,1046,1289,ms
:model:article-checkout:compileDebugKotlin,Task action before worker execution,11.36,11.94,9,10,22,20,ms
:model:article-checkout:compileDebugKotlin,Compiler initialization time,40.44,43.98,36,39,68,71,ms
:model:article-checkout:compileDebugKotlin,Calculate output size,2.04,1.76,1,1,4,4,ms
:model:article-checkout:compileDebugKotlin,Compiler IR lowering,68.56,63.98,61,56,107,108,ms
:model:article-checkout:compileDebugKotlin,Compiler translation to IR,214.74,210.5,201,192,287,291,ms
:model:article-checkout:compileDebugKotlin,Compiler backend,58.6,50.86,49,44,83,76,ms
:model:article-checkout:compileDebugKotlin,Compiler code analysis,310.18,322.7,287,296,396,433,ms
:model:article-checkout:compileDebugKotlin,Run compilation in Gradle worker,941.2,943.44,897,883,1088,1389,ms
:model:article-checkout:compileDebugKotlin,Load current classpath snapshot,5.18,4.28,4,3,10,7,ms
:model:article-checkout:compileDebugKotlin,Update caches,1.52,1.52,1,1,3,2,ms
:model:article-checkout:compileDebugKotlin,Total Gradle task time,1052.14,1055.94,992,1012,1244,1576,ms
:model:article-checkout:compileDebugKotlin,Shrink and save current classpath snapshot after compilation,34.36,30.38,28,26,54,51,ms
:model:article-checkout:compileDebugKotlin,Compiler code generation,127.68,115.36,111,104,185,176,ms
:model:article-checkout:compileDebugKotlin,Remove duplicate classes,4.04,3.6,3,3,7,6,ms
:model:article-checkout:compileDebugKotlin,Run compilation,931.76,937.48,891,873,1085,1383,ms
:model:article-checkout:compileDebugKotlin,Shrink current classpath snapshot non-incrementally,27.34,24.24,21,20,43,42,ms
:model:article-checkout:compileDebugKotlin,Spent time before task action,30.98,33.06,30,33,48,48,ms
:model:article-checkout:compileDebugKotlin,Analysis lines per second,1445,1427,1457,1413,1830,1949,
:model:article-checkout:compileDebugKotlin,Total size of the cache directory,562.9,562.9,563,563,563,563,KB
:model:article-checkout:compileDebugKotlin,Number of cache hits when loading classpath entry snapshots,119,119,120,120,120,120,
:model:article-checkout:compileDebugKotlin,Number of lines analyzed,418,418,418,418,418,418,
:model:article-checkout:compileDebugKotlin,Size of shrunk classpath snapshot,46.4,46.4,46,46,46,46,KB
:model:article-checkout:compileDebugKotlin,Number of cache misses when loading classpath entry snapshots,2,2,2,2,2,2,
:model:article-checkout:compileDebugKotlin,Total compiler iteration,1,1,1,1,1,1,
:model:article-checkout:compileDebugKotlin,Number of times classpath snapshot is shrunk and saved after compilation,1,1,1,1,1,1,
:model:article-checkout:compileDebugKotlin,Number of times classpath snapshot is loaded,1,1,1,1,1,1,
:model:article-checkout:compileDebugKotlin,Code generation lines per second,3548,3928,3759,3987,4621,5280,
:model:article-checkout:compileDebugKotlin,ABI snapshot size,18.0,18.0,18,18,18,18,B
:model:article-checkout:compileDebugKotlin,Size of classpath snapshot,6.4,6.4,6,6,6,6,MB
:model:article-checkout:compileDebugKotlin,Number of classpath entries,122,122,122,122,122,122,
:model:article-checkout:compileDebugKotlin,Start gradle worker,1.69,1.7,1,1,3,4,ms
:model:article-checkout:compileDebugKotlin,Store build info,3.0,2.0,3,2,3,3,ms
:model:article-checkout:compileDebugKotlin,Save shrunk current classpath snapshot,2.0,2.0,2,1,3,5,ms
:model:article-checkout:compileDebugKotlin,Clear outputs on rebuild,1.0,,1,,1,,ms
:model:audio-checkout:compileDebugKotlin,Sources compilation round,853.9,899.48,837,873,1097,1123,ms
:model:audio-checkout:compileDebugKotlin,Incremental compilation in daemon,969.32,1022.66,944,985,1221,1330,ms
:model:audio-checkout:compileDebugKotlin,Task action before worker execution,12.88,13.56,12,13,20,22,ms
:model:audio-checkout:compileDebugKotlin,Start gradle worker,1.61,2.05,1,2,4,4,ms
:model:audio-checkout:compileDebugKotlin,Compiler initialization time,52.98,48.88,52,46,79,74,ms
:model:audio-checkout:compileDebugKotlin,Calculate output size,1.7,2.5,1,1,4,5,ms
:model:audio-checkout:compileDebugKotlin,Compiler IR lowering,70.34,80.18,63,74,99,108,ms
:model:audio-checkout:compileDebugKotlin,Compiler translation to IR,230.78,251.0,223,226,288,328,ms
:model:audio-checkout:compileDebugKotlin,Compiler backend,56.44,73.62,45,58,91,105,ms
:model:audio-checkout:compileDebugKotlin,Compiler code analysis,311.96,314.36,291,302,449,392,ms
:model:audio-checkout:compileDebugKotlin,Run compilation in Gradle worker,1003.04,1060.96,985,1028,1246,1372,ms
:model:audio-checkout:compileDebugKotlin,Load current classpath snapshot,5.34,5.78,4,4,10,10,ms
:model:audio-checkout:compileDebugKotlin,Update caches,1.58,1.58,1,1,3,3,ms
:model:audio-checkout:compileDebugKotlin,Total Gradle task time,1140.76,1192.18,1081,1159,1437,1527,ms
:model:audio-checkout:compileDebugKotlin,Shrink and save current classpath snapshot after compilation,39.22,43.2,32,39,63,71,ms
:model:audio-checkout:compileDebugKotlin,Compiler code generation,127.24,154.22,112,139,192,215,ms
:model:audio-checkout:compileDebugKotlin,Remove duplicate classes,4.18,4.66,3,4,8,8,ms
:model:audio-checkout:compileDebugKotlin,Run compilation,991.66,1052.68,961,1022,1243,1364,ms
:model:audio-checkout:compileDebugKotlin,Shrink current classpath snapshot non-incrementally,31.7,35.46,25,29,54,54,ms
:model:audio-checkout:compileDebugKotlin,Spent time before task action,43.18,43.62,37,39,64,59,ms
:model:audio-checkout:compileDebugKotlin,Analysis lines per second,1408,1391,1435,1380,1787,1711,
:model:audio-checkout:compileDebugKotlin,Total size of the cache directory,546.1,546.1,546,546,546,546,KB
:model:audio-checkout:compileDebugKotlin,Number of cache hits when loading classpath entry snapshots,130,130,130,130,131,131,
:model:audio-checkout:compileDebugKotlin,Number of lines analyzed,418,418,418,418,418,418,
:model:audio-checkout:compileDebugKotlin,Size of shrunk classpath snapshot,46.4,46.4,46,46,46,46,KB
:model:audio-checkout:compileDebugKotlin,Number of cache misses when loading classpath entry snapshots,1,1,2,2,2,2,
:model:audio-checkout:compileDebugKotlin,Total compiler iteration,1,1,1,1,1,1,
:model:audio-checkout:compileDebugKotlin,Number of times classpath snapshot is shrunk and saved after compilation,1,1,1,1,1,1,
:model:audio-checkout:compileDebugKotlin,Number of times classpath snapshot is loaded,1,1,1,1,1,1,
:model:audio-checkout:compileDebugKotlin,Code generation lines per second,3545,3223,3720,2991,4684,4710,
:model:audio-checkout:compileDebugKotlin,ABI snapshot size,18.0,18.0,18,18,18,18,B
:model:audio-checkout:compileDebugKotlin,Size of classpath snapshot,6.7,6.7,7,7,7,7,MB
:model:audio-checkout:compileDebugKotlin,Number of classpath entries,132,132,132,132,132,132,
:model:audio-checkout:compileDebugKotlin,Store build info,2.0,4.5,2,5,3,5,ms
:model:audio-checkout:compileDebugKotlin,Clear output,1.5,,2,,2,,ms
:model:audio-checkout:compileDebugKotlin,Save shrunk current classpath snapshot,2.0,2.0,2,2,3,3,ms
:model:audio-checkout:compileDebugKotlin,Clear outputs on rebuild,3.0,2.0,3,2,3,2,ms
:model:calendar-checkout:compileDebugKotlin,Sources compilation round,854.46,931.38,837,910,1053,1221,ms
:model:calendar-checkout:compileDebugKotlin,Incremental compilation in daemon,964.8,1047.78,928,1075,1245,1351,ms
:model:calendar-checkout:compileDebugKotlin,Task action before worker execution,12.78,14.06,12,13,20,25,ms
:model:calendar-checkout:compileDebugKotlin,Start gradle worker,1.77,1.73,1,1,4,4,ms
:model:calendar-checkout:compileDebugKotlin,Compiler initialization time,43.42,56.36,41,42,59,81,ms
:model:calendar-checkout:compileDebugKotlin,Calculate output size,1.55,2.17,1,1,4,4,ms
:model:calendar-checkout:compileDebugKotlin,Compiler IR lowering,71.82,74.58,64,72,102,116,ms
:model:calendar-checkout:compileDebugKotlin,Compiler translation to IR,247.3,252.84,250,236,322,365,ms
:model:calendar-checkout:compileDebugKotlin,Compiler backend,59.62,59.52,47,50,97,100,ms
:model:calendar-checkout:compileDebugKotlin,Compiler code analysis,305.48,348.06,296,324,388,502,ms
:model:calendar-checkout:compileDebugKotlin,Run compilation in Gradle worker,1002.74,1077.68,960,1112,1291,1386,ms
:model:calendar-checkout:compileDebugKotlin,Load current classpath snapshot,4.9,5.46,4,4,9,9,ms
:model:calendar-checkout:compileDebugKotlin,Update caches,1.4,1.37,1,1,2,2,ms
:model:calendar-checkout:compileDebugKotlin,Total Gradle task time,1129.62,1210.42,1099,1237,1443,1515,ms
:model:calendar-checkout:compileDebugKotlin,Shrink and save current classpath snapshot after compilation,37.36,37.32,29,30,61,62,ms
:model:calendar-checkout:compileDebugKotlin,Compiler code generation,131.9,134.52,114,126,188,214,ms
:model:calendar-checkout:compileDebugKotlin,Remove duplicate classes,4.24,4.62,3,3,8,9,ms
:model:calendar-checkout:compileDebugKotlin,Run compilation,998.1,1073.16,950,1109,1289,1384,ms
:model:calendar-checkout:compileDebugKotlin,Shrink current classpath snapshot non-incrementally,30.62,29.66,23,23,48,48,ms
:model:calendar-checkout:compileDebugKotlin,Spent time before task action,35.72,41.52,35,40,51,60,ms
:model:calendar-checkout:compileDebugKotlin,Analysis lines per second,1409,1324,1412,1291,1757,1872,
:model:calendar-checkout:compileDebugKotlin,Total size of the cache directory,563.2,563.2,563,563,563,563,KB
:model:calendar-checkout:compileDebugKotlin,Number of cache hits when loading classpath entry snapshots,130,130,131,131,131,131,
:model:calendar-checkout:compileDebugKotlin,Number of lines analyzed,418,418,418,418,418,418,
:model:calendar-checkout:compileDebugKotlin,Size of shrunk classpath snapshot,46.4,46.4,46,46,46,46,KB
:model:calendar-checkout:compileDebugKotlin,Number of cache misses when loading classpath entry snapshots,1,1,1,1,2,2,
:model:calendar-checkout:compileDebugKotlin,Total compiler iteration,1,1,1,1,1,1,
:model:calendar-checkout:compileDebugKotlin,Number of times classpath snapshot is shrunk and saved after compilation,1,1,1,1,1,1,
:model:calendar-checkout:compileDebugKotlin,Number of times classpath snapshot is loaded,1,1,1,1,1,1,
:model:calendar-checkout:compileDebugKotlin,Code generation lines per second,3478,3478,3647,3318,4715,4876,
:model:calendar-checkout:compileDebugKotlin,ABI snapshot size,18.0,18.0,18,18,18,18,B
:model:calendar-checkout:compileDebugKotlin,Size of classpath snapshot,6.7,6.7,7,7,7,7,MB
:model:calendar-checkout:compileDebugKotlin,Number of classpath entries,132,132,132,132,132,132,
:model:calendar-checkout:compileDebugKotlin,Save shrunk current classpath snapshot,3.25,3.0,2,3,9,3,ms
:model:calendar-checkout:compileDebugKotlin,Clear outputs on rebuild,1.0,2.0,1,2,1,2,ms
:model:calendar-checkout:compileDebugKotlin,Store build info,1.0,,1,,1,,ms
:model:cart-checkout:compileDebugKotlin,Sources compilation round,843.68,907.16,791,857,1081,1215,ms
:model:cart-checkout:compileDebugKotlin,Incremental compilation in daemon,934.8,1000.4,885,964,1198,1345,ms
:model:cart-checkout:compileDebugKotlin,Task action before worker execution,21.32,13.28,13,13,19,21,ms
:model:cart-checkout:compileDebugKotlin,Start gradle worker,1.91,1.49,1,1,3,3,ms
:model:cart-checkout:compileDebugKotlin,Compiler initialization time,35.64,52.7,34,42,53,70,ms
:model:cart-checkout:compileDebugKotlin,Calculate output size,1.33,1.22,1,1,3,2,ms
:model:cart-checkout:compileDebugKotlin,Compiler IR lowering,67.8,70.94,59,60,98,123,ms
:model:cart-checkout:compileDebugKotlin,Compiler translation to IR,238.8,247.06,232,233,324,349,ms
:model:cart-checkout:compileDebugKotlin,Compiler backend,51.78,55.7,44,48,89,93,ms
:model:cart-checkout:compileDebugKotlin,Compiler code analysis,320.12,340.8,303,326,441,470,ms
:model:cart-checkout:compileDebugKotlin,Run compilation in Gradle worker,968.9,1043.86,912,995,1332,1362,ms
:model:cart-checkout:compileDebugKotlin,Load current classpath snapshot,4.12,4.6,3,3,7,10,ms
:model:cart-checkout:compileDebugKotlin,Update caches,1.44,1.64,1,1,3,3,ms
:model:cart-checkout:compileDebugKotlin,Total Gradle task time,1091.42,1155.84,1030,1115,1483,1483,ms
:model:cart-checkout:compileDebugKotlin,Shrink and save current classpath snapshot after compilation,29.38,31.92,27,27,50,52,ms
:model:cart-checkout:compileDebugKotlin,Compiler code generation,120.06,127.1,104,112,201,225,ms
:model:cart-checkout:compileDebugKotlin,Remove duplicate classes,3.72,4.08,3,3,6,8,ms
:model:cart-checkout:compileDebugKotlin,Run compilation,965.3,1040.46,909,993,1330,1359,ms
:model:cart-checkout:compileDebugKotlin,Shrink current classpath snapshot non-incrementally,23.46,25.5,21,22,42,41,ms
:model:cart-checkout:compileDebugKotlin,Spent time before task action,36.7,42.36,37,39,54,60,ms
:model:cart-checkout:compileDebugKotlin,Analysis lines per second,1372,1290,1378,1281,1870,1737,
:model:cart-checkout:compileDebugKotlin,Total size of the cache directory,545.8,545.8,546,546,546,546,KB
:model:cart-checkout:compileDebugKotlin,Number of cache hits when loading classpath entry snapshots,137,137,138,138,138,138,
:model:cart-checkout:compileDebugKotlin,Number of lines analyzed,418,418,418,418,418,418,
:model:cart-checkout:compileDebugKotlin,Size of shrunk classpath snapshot,46.4,46.4,46,46,46,46,KB
:model:cart-checkout:compileDebugKotlin,Number of cache misses when loading classpath entry snapshots,1,1,1,1,1,1,
:model:cart-checkout:compileDebugKotlin,Total compiler iteration,1,1,1,1,1,1,
:model:cart-checkout:compileDebugKotlin,Number of times classpath snapshot is shrunk and saved after compilation,1,1,1,1,1,1,
:model:cart-checkout:compileDebugKotlin,Number of times classpath snapshot is loaded,1,1,1,1,1,1,
:model:cart-checkout:compileDebugKotlin,Code generation lines per second,3833,3716,4018,3734,4903,4947,
:model:cart-checkout:compileDebugKotlin,ABI snapshot size,18.0,18.0,18,18,18,18,B
:model:cart-checkout:compileDebugKotlin,Size of classpath snapshot,6.9,6.9,7,7,7,7,MB
:model:cart-checkout:compileDebugKotlin,Number of classpath entries,139,139,139,139,139,139,
:model:cart-checkout:compileDebugKotlin,Save shrunk current classpath snapshot,1.0,2.0,1,2,1,3,ms
:model:checkout-cart:compileDebugKotlin,Sources compilation round,889.2,865.9,830,819,1111,1084,ms
:model:checkout-cart:compileDebugKotlin,Incremental compilation in daemon,983.3,977.36,916,952,1228,1199,ms
:model:checkout-cart:compileDebugKotlin,Task action before worker execution,13.12,13.26,13,14,22,20,ms
:model:checkout-cart:compileDebugKotlin,Start gradle worker,1.7,1.86,1,1,3,4,ms
:model:checkout-cart:compileDebugKotlin,Compiler initialization time,46.26,43.7,42,42,76,66,ms
:model:checkout-cart:compileDebugKotlin,Calculate output size,1.65,1.86,1,1,4,4,ms
:model:checkout-cart:compileDebugKotlin,Compiler IR lowering,71.3,70.14,58,63,109,106,ms
:model:checkout-cart:compileDebugKotlin,Compiler translation to IR,251.56,230.02,231,228,336,286,ms
:model:checkout-cart:compileDebugKotlin,Compiler backend,58.98,63.62,51,61,89,92,ms
:model:checkout-cart:compileDebugKotlin,Compiler code analysis,326.4,324.1,298,308,386,430,ms
:model:checkout-cart:compileDebugKotlin,Run compilation in Gradle worker,1014.86,1006.42,948,978,1264,1229,ms
:model:checkout-cart:compileDebugKotlin,Load current classpath snapshot,4.6,4.82,4,4,8,9,ms
:model:checkout-cart:compileDebugKotlin,Update caches,1.36,1.62,1,1,2,3,ms
:model:checkout-cart:compileDebugKotlin,Total Gradle task time,1138.28,1129.18,1071,1095,1479,1369,ms
:model:checkout-cart:compileDebugKotlin,Shrink and save current classpath snapshot after compilation,35.32,35.24,26,33,59,54,ms
:model:checkout-cart:compileDebugKotlin,Compiler code generation,130.74,134.32,118,132,182,191,ms
:model:checkout-cart:compileDebugKotlin,Remove duplicate classes,3.78,3.82,3,3,7,6,ms
:model:checkout-cart:compileDebugKotlin,Run compilation,1009.64,1000.54,937,975,1261,1222,ms
:model:checkout-cart:compileDebugKotlin,Shrink current classpath snapshot non-incrementally,28.7,28.08,21,25,47,45,ms
:model:checkout-cart:compileDebugKotlin,Spent time before task action,39.66,36.74,38,36,58,54,ms
:model:checkout-cart:compileDebugKotlin,Analysis lines per second,1349,1346,1399,1358,1632,1679,
:model:checkout-cart:compileDebugKotlin,Total size of the cache directory,545.8,545.8,546,546,546,546,KB
:model:checkout-cart:compileDebugKotlin,Number of cache hits when loading classpath entry snapshots,116,116,116,116,116,116,
:model:checkout-cart:compileDebugKotlin,Number of lines analyzed,418,418,418,418,418,418,
:model:checkout-cart:compileDebugKotlin,Size of shrunk classpath snapshot,46.4,46.4,46,46,46,46,KB
:model:checkout-cart:compileDebugKotlin,Number of cache misses when loading classpath entry snapshots,2,2,2,2,2,2,
:model:checkout-cart:compileDebugKotlin,Total compiler iteration,1,1,1,1,1,1,
:model:checkout-cart:compileDebugKotlin,Number of times classpath snapshot is shrunk and saved after compilation,1,1,1,1,1,1,
:model:checkout-cart:compileDebugKotlin,Number of times classpath snapshot is loaded,1,1,1,1,1,1,
:model:checkout-cart:compileDebugKotlin,Code generation lines per second,3460,3486,3520,3148,4383,4998,
:model:checkout-cart:compileDebugKotlin,ABI snapshot size,18.0,18.0,18,18,18,18,B
:model:checkout-cart:compileDebugKotlin,Size of classpath snapshot,6.2,6.2,6,6,6,6,MB
:model:checkout-cart:compileDebugKotlin,Number of classpath entries,118,118,118,118,118,118,
:model:checkout-cart:compileDebugKotlin,Clear output,2.0,1.5,2,2,2,2,ms
:model:checkout-cart:compileDebugKotlin,Store build info,3.0,2.5,3,3,3,3,ms
:model:checkout-cart:compileDebugKotlin,Save shrunk current classpath snapshot,2.67,5.4,1,3,6,10,ms
:model:checkout-checkout:compileDebugKotlin,Sources compilation round,792.5,825.72,780,776,983,1057,ms
:model:checkout-checkout:compileDebugKotlin,Incremental compilation in daemon,885.72,912.46,871,863,1088,1214,ms
:model:checkout-checkout:compileDebugKotlin,Task action before worker execution,11.94,15.62,8,12,22,19,ms
:model:checkout-checkout:compileDebugKotlin,Start gradle worker,1.55,1.65,1,1,3,3,ms
:model:checkout-checkout:compileDebugKotlin,Compiler initialization time,42.72,43.22,39,40,66,63,ms
:model:checkout-checkout:compileDebugKotlin,Calculate output size,1.73,1.38,1,1,4,3,ms
:model:checkout-checkout:compileDebugKotlin,Compiler IR lowering,62.94,70.82,55,61,104,95,ms
:model:checkout-checkout:compileDebugKotlin,Compiler translation to IR,233.92,225.58,222,219,340,308,ms
:model:checkout-checkout:compileDebugKotlin,Compiler backend,55.96,51.7,51,44,85,91,ms
:model:checkout-checkout:compileDebugKotlin,Compiler code analysis,284.52,312.2,275,284,355,418,ms
:model:checkout-checkout:compileDebugKotlin,Run compilation in Gradle worker,913.34,943.7,903,881,1107,1238,ms
:model:checkout-checkout:compileDebugKotlin,Load current classpath snapshot,4.16,4.06,3,3,7,8,ms
:model:checkout-checkout:compileDebugKotlin,Update caches,1.62,1.76,1,1,4,3,ms
:model:checkout-checkout:compileDebugKotlin,Total Gradle task time,1018.68,1055.08,994,985,1197,1394,ms
:model:checkout-checkout:compileDebugKotlin,Shrink and save current classpath snapshot after compilation,33.78,30.56,27,25,55,52,ms
:model:checkout-checkout:compileDebugKotlin,Compiler code generation,119.32,122.96,112,113,169,186,ms
:model:checkout-checkout:compileDebugKotlin,Remove duplicate classes,3.62,3.62,3,3,7,7,ms
:model:checkout-checkout:compileDebugKotlin,Run compilation,906.84,937.72,898,877,1105,1235,ms
:model:checkout-checkout:compileDebugKotlin,Shrink current classpath snapshot non-incrementally,27.7,24.88,21,19,48,42,ms
:model:checkout-checkout:compileDebugKotlin,Spent time before task action,30.48,30.64,29,29,48,45,ms
:model:checkout-checkout:compileDebugKotlin,Analysis lines per second,1528,1486,1522,1474,1937,1933,
:model:checkout-checkout:compileDebugKotlin,Total size of the cache directory,563.2,563.2,563,563,563,563,KB
:model:checkout-checkout:compileDebugKotlin,Number of cache hits when loading classpath entry snapshots,108,108,108,108,108,108,
:model:checkout-checkout:compileDebugKotlin,Number of lines analyzed,418,418,418,418,418,418,
:model:checkout-checkout:compileDebugKotlin,Size of shrunk classpath snapshot,46.4,46.4,46,46,46,46,KB
:model:checkout-checkout:compileDebugKotlin,Number of cache misses when loading classpath entry snapshots,1,1,1,1,1,1,
:model:checkout-checkout:compileDebugKotlin,Total compiler iteration,1,1,1,1,1,1,
:model:checkout-checkout:compileDebugKotlin,Number of times classpath snapshot is shrunk and saved after compilation,1,1,1,1,1,1,
:model:checkout-checkout:compileDebugKotlin,Number of times classpath snapshot is loaded,1,1,1,1,1,1,
:model:checkout-checkout:compileDebugKotlin,Code generation lines per second,3813,3686,3724,3692,5356,4674,
:model:checkout-checkout:compileDebugKotlin,ABI snapshot size,18.0,18.0,18,18,18,18,B
:model:checkout-checkout:compileDebugKotlin,Size of classpath snapshot,6.0,6.0,6,6,6,6,MB
:model:checkout-checkout:compileDebugKotlin,Number of classpath entries,109,109,109,109,109,109,
:model:checkout-checkout:compileDebugKotlin,Save shrunk current classpath snapshot,3.0,2.0,3,2,3,2,ms
:model:checkout-checkout:compileDebugKotlin,Clear outputs on rebuild,1.0,,1,,1,,ms
:model:comment-checkout:compileDebugKotlin,Sources compilation round,809.32,796.36,792,775,1044,1019,ms
:model:comment-checkout:compileDebugKotlin,Incremental compilation in daemon,906.0,894.34,876,891,1153,1126,ms
:model:comment-checkout:compileDebugKotlin,Task action before worker execution,14.66,12.74,10,12,24,21,ms
:model:comment-checkout:compileDebugKotlin,Start gradle worker,1.33,1.55,1,1,2,3,ms
:model:comment-checkout:compileDebugKotlin,Compiler initialization time,45.62,42.46,41,38,72,77,ms
:model:comment-checkout:compileDebugKotlin,Calculate output size,1.6,1.96,1,1,3,4,ms
:model:comment-checkout:compileDebugKotlin,Compiler IR lowering,62.34,69.16,58,59,86,98,ms
:model:comment-checkout:compileDebugKotlin,Compiler translation to IR,214.56,221.76,208,212,272,310,ms
:model:comment-checkout:compileDebugKotlin,Compiler backend,53.1,54.76,45,46,76,90,ms
:model:comment-checkout:compileDebugKotlin,Compiler code analysis,312.26,292.8,298,284,403,392,ms
:model:comment-checkout:compileDebugKotlin,Run compilation in Gradle worker,935.66,922.5,902,916,1180,1148,ms
:model:comment-checkout:compileDebugKotlin,Load current classpath snapshot,4.74,4.98,4,4,9,10,ms
:model:comment-checkout:compileDebugKotlin,Update caches,1.48,1.28,1,1,2,2,ms
:model:comment-checkout:compileDebugKotlin,Total Gradle task time,1050.34,1036.26,1017,1016,1298,1314,ms
:model:comment-checkout:compileDebugKotlin,Shrink and save current classpath snapshot after compilation,36.04,35.12,28,28,61,60,ms
:model:comment-checkout:compileDebugKotlin,Compiler code generation,116.08,124.26,111,108,153,176,ms
:model:comment-checkout:compileDebugKotlin,Remove duplicate classes,4.36,4.62,4,3,8,9,ms
:model:comment-checkout:compileDebugKotlin,Run compilation,926.86,918.02,894,913,1178,1146,ms
:model:comment-checkout:compileDebugKotlin,Shrink current classpath snapshot non-incrementally,28.62,27.82,22,22,51,47,ms
:model:comment-checkout:compileDebugKotlin,Spent time before task action,32.98,33.28,29,28,54,51,ms
:model:comment-checkout:compileDebugKotlin,Analysis lines per second,1413,1495,1404,1470,1939,1817,
:model:comment-checkout:compileDebugKotlin,Total size of the cache directory,562.9,562.9,563,563,563,563,KB
:model:comment-checkout:compileDebugKotlin,Number of cache hits when loading classpath entry snapshots,149,149,149,149,149,149,
:model:comment-checkout:compileDebugKotlin,Number of lines analyzed,418,418,418,418,418,418,
:model:comment-checkout:compileDebugKotlin,Size of shrunk classpath snapshot,46.4,46.4,46,46,46,46,KB
:model:comment-checkout:compileDebugKotlin,Number of cache misses when loading classpath entry snapshots,1,1,1,1,1,1,
:model:comment-checkout:compileDebugKotlin,Total compiler iteration,1,1,1,1,1,1,
:model:comment-checkout:compileDebugKotlin,Number of times classpath snapshot is shrunk and saved after compilation,1,1,1,1,1,1,
:model:comment-checkout:compileDebugKotlin,Number of times classpath snapshot is loaded,1,1,1,1,1,1,
:model:comment-checkout:compileDebugKotlin,Code generation lines per second,3860,3735,3781,3870,5086,5195,
:model:comment-checkout:compileDebugKotlin,ABI snapshot size,18.0,18.0,18,18,18,18,B
:model:comment-checkout:compileDebugKotlin,Size of classpath snapshot,7.3,7.3,7,7,7,7,MB
:model:comment-checkout:compileDebugKotlin,Number of classpath entries,150,150,150,150,150,150,
:model:comment-checkout:compileDebugKotlin,Save shrunk current classpath snapshot,14.5,6.5,15,4,26,16,ms
:model:comment-checkout:compileDebugKotlin,Store build info,2.0,1.0,2,1,2,1,ms
:model:comment-checkout:compileDebugKotlin,Clear outputs on rebuild,1.0,,1,,1,,ms
:model:contact-cart:compileDebugKotlin,Sources compilation round,878.98,818.98,820,793,1145,1107,ms
:model:contact-cart:compileDebugKotlin,Incremental compilation in daemon,976.44,911.52,930,898,1271,1193,ms
:model:contact-cart:compileDebugKotlin,Task action before worker execution,12.72,12.72,11,12,19,20,ms
:model:contact-cart:compileDebugKotlin,Start gradle worker,1.52,1.47,1,1,3,3,ms
:model:contact-cart:compileDebugKotlin,Compiler initialization time,48.78,44.68,44,41,73,70,ms
:model:contact-cart:compileDebugKotlin,Calculate output size,1.4,1.64,1,1,3,4,ms
:model:contact-cart:compileDebugKotlin,Compiler IR lowering,78.34,75.0,75,69,112,108,ms
:model:contact-cart:compileDebugKotlin,Compiler translation to IR,248.72,228.32,234,217,345,308,ms
:model:contact-cart:compileDebugKotlin,Compiler backend,54.44,51.5,46,43,79,82,ms
:model:contact-cart:compileDebugKotlin,Compiler code analysis,319.84,294.2,295,282,473,399,ms
:model:contact-cart:compileDebugKotlin,Run compilation in Gradle worker,1008.4,939.6,962,933,1325,1215,ms
:model:contact-cart:compileDebugKotlin,Load current classpath snapshot,4.92,4.4,4,3,9,8,ms
:model:contact-cart:compileDebugKotlin,Update caches,1.48,1.68,1,1,2,4,ms
:model:contact-cart:compileDebugKotlin,Total Gradle task time,1127.48,1056.44,1083,1056,1465,1321,ms
:model:contact-cart:compileDebugKotlin,Shrink and save current classpath snapshot after compilation,36.16,31.92,31,26,60,56,ms
:model:contact-cart:compileDebugKotlin,Compiler code generation,133.3,126.92,127,119,190,179,ms
:model:contact-cart:compileDebugKotlin,Remove duplicate classes,4.56,3.92,3,3,8,7,ms
:model:contact-cart:compileDebugKotlin,Run compilation,998.0,933.58,952,931,1297,1213,ms
:model:contact-cart:compileDebugKotlin,Shrink current classpath snapshot non-incrementally,28.78,25.82,25,20,49,48,ms
:model:contact-cart:compileDebugKotlin,Spent time before task action,33.22,37.74,31,35,49,56,ms
:model:contact-cart:compileDebugKotlin,Analysis lines per second,1378,1492,1416,1480,1778,1807,
:model:contact-cart:compileDebugKotlin,Total size of the cache directory,545.4,545.4,545,545,545,545,KB
:model:contact-cart:compileDebugKotlin,Number of cache hits when loading classpath entry snapshots,141,141,141,141,141,141,
:model:contact-cart:compileDebugKotlin,Number of lines analyzed,418,418,418,418,418,418,
:model:contact-cart:compileDebugKotlin,Size of shrunk classpath snapshot,46.4,46.4,46,46,46,46,KB
:model:contact-cart:compileDebugKotlin,Number of cache misses when loading classpath entry snapshots,1,1,1,1,1,1,
:model:contact-cart:compileDebugKotlin,Total compiler iteration,1,1,1,1,1,1,
:model:contact-cart:compileDebugKotlin,Number of times classpath snapshot is shrunk and saved after compilation,1,1,1,1,1,1,
:model:contact-cart:compileDebugKotlin,Number of times classpath snapshot is loaded,1,1,1,1,1,1,
:model:contact-cart:compileDebugKotlin,Code generation lines per second,3421,3594,3296,3495,4721,5131,
:model:contact-cart:compileDebugKotlin,ABI snapshot size,18.0,18.0,18,18,18,18,B
:model:contact-cart:compileDebugKotlin,Size of classpath snapshot,7.0,7.0,7,7,7,7,MB
:model:contact-cart:compileDebugKotlin,Number of classpath entries,142,142,142,142,142,142,
:model:contact-cart:compileDebugKotlin,Clear output,3.0,4.0,3,4,3,6,ms
:model:contact-cart:compileDebugKotlin,Save shrunk current classpath snapshot,1.0,1.0,1,1,1,1,ms
:model:document-checkout:compileDebugKotlin,Sources compilation round,833.84,784.24,794,769,1091,930,ms
:model:document-checkout:compileDebugKotlin,Incremental compilation in daemon,927.26,875.0,904,867,1195,1034,ms
:model:document-checkout:compileDebugKotlin,Task action before worker execution,12.72,12.18,12,11,18,19,ms
:model:document-checkout:compileDebugKotlin,Start gradle worker,1.61,1.62,1,1,4,3,ms
:model:document-checkout:compileDebugKotlin,Compiler initialization time,39.38,38.92,38,36,59,58,ms
:model:document-checkout:compileDebugKotlin,Calculate output size,1.71,1.6,1,1,5,4,ms
:model:document-checkout:compileDebugKotlin,Compiler IR lowering,71.6,63.92,59,55,112,99,ms
:model:document-checkout:compileDebugKotlin,Compiler translation to IR,229.6,220.62,218,211,280,289,ms
:model:document-checkout:compileDebugKotlin,Compiler backend,54.78,52.96,50,44,82,84,ms
:model:document-checkout:compileDebugKotlin,Compiler code analysis,309.86,290.84,293,276,428,366,ms
:model:document-checkout:compileDebugKotlin,Run compilation in Gradle worker,958.26,909.12,924,895,1228,1241,ms
:model:document-checkout:compileDebugKotlin,Load current classpath snapshot,4.52,5.76,4,3,9,9,ms
:model:document-checkout:compileDebugKotlin,Update caches,1.92,1.56,1,1,4,3,ms
:model:document-checkout:compileDebugKotlin,Total Gradle task time,1075.18,1014.26,1038,1002,1356,1367,ms
:model:document-checkout:compileDebugKotlin,Shrink and save current classpath snapshot after compilation,33.6,32.44,28,27,54,52,ms
:model:document-checkout:compileDebugKotlin,Compiler code generation,126.78,117.48,118,107,182,181,ms
:model:document-checkout:compileDebugKotlin,Remove duplicate classes,3.98,5.32,3,3,7,8,ms
:model:document-checkout:compileDebugKotlin,Run compilation,954.08,904.4,922,892,1226,1239,ms
:model:document-checkout:compileDebugKotlin,Shrink current classpath snapshot non-incrementally,27.16,24.84,23,20,44,42,ms
:model:document-checkout:compileDebugKotlin,Spent time before task action,34.8,29.92,34,24,52,47,ms
:model:document-checkout:compileDebugKotlin,Analysis lines per second,1407,1493,1426,1514,1785,1745,
:model:document-checkout:compileDebugKotlin,Total size of the cache directory,563.2,563.2,563,563,563,563,KB
:model:document-checkout:compileDebugKotlin,Number of cache hits when loading classpath entry snapshots,111,111,111,111,111,111,
:model:document-checkout:compileDebugKotlin,Number of lines analyzed,418,418,418,418,418,418,
:model:document-checkout:compileDebugKotlin,Size of shrunk classpath snapshot,46.4,46.4,46,46,46,46,KB
:model:document-checkout:compileDebugKotlin,Number of cache misses when loading classpath entry snapshots,1,1,1,1,1,1,
:model:document-checkout:compileDebugKotlin,Total compiler iteration,1,1,1,1,1,1,
:model:document-checkout:compileDebugKotlin,Number of times classpath snapshot is shrunk and saved after compilation,1,1,1,1,1,1,
:model:document-checkout:compileDebugKotlin,Number of times classpath snapshot is loaded,1,1,1,1,1,1,
:model:document-checkout:compileDebugKotlin,Code generation lines per second,3607,3842,3530,3910,4910,5016,
:model:document-checkout:compileDebugKotlin,ABI snapshot size,18.0,18.0,18,18,18,18,B
:model:document-checkout:compileDebugKotlin,Size of classpath snapshot,6.0,6.0,6,6,6,6,MB
:model:document-checkout:compileDebugKotlin,Number of classpath entries,112,112,112,112,112,112,
:model:document-checkout:compileDebugKotlin,Save shrunk current classpath snapshot,2.2,2.67,2,3,3,3,ms
:model:document-checkout:compileDebugKotlin,Clear output,1.0,2.5,1,3,1,4,ms
:model:event-checkout:compileDebugKotlin,Sources compilation round,845.86,794.88,852,795,1046,994,ms
:model:event-checkout:compileDebugKotlin,Incremental compilation in daemon,938.44,878.72,955,895,1163,1078,ms
:model:event-checkout:compileDebugKotlin,Task action before worker execution,13.58,12.1,13,11,21,19,ms
:model:event-checkout:compileDebugKotlin,Start gradle worker,1.85,2.12,1,1,4,5,ms
:model:event-checkout:compileDebugKotlin,Compiler initialization time,44.62,48.22,39,44,75,78,ms
:model:event-checkout:compileDebugKotlin,Calculate output size,1.83,1.66,1,1,4,4,ms
:model:event-checkout:compileDebugKotlin,Compiler IR lowering,64.26,57.92,57,55,102,77,ms
:model:event-checkout:compileDebugKotlin,Compiler translation to IR,229.54,203.4,212,198,305,264,ms
:model:event-checkout:compileDebugKotlin,Compiler backend,49.52,43.58,44,41,80,63,ms
:model:event-checkout:compileDebugKotlin,Compiler code analysis,333.82,313.64,317,305,448,406,ms
:model:event-checkout:compileDebugKotlin,Run compilation in Gradle worker,968.66,907.74,986,924,1195,1122,ms
:model:event-checkout:compileDebugKotlin,Load current classpath snapshot,4.1,4.22,3,3,7,8,ms
:model:event-checkout:compileDebugKotlin,Update caches,1.26,1.44,1,1,2,3,ms
:model:event-checkout:compileDebugKotlin,Total Gradle task time,1090.0,1014.08,1080,1017,1346,1248,ms
:model:event-checkout:compileDebugKotlin,Shrink and save current classpath snapshot after compilation,33.24,30.0,27,28,53,44,ms
:model:event-checkout:compileDebugKotlin,Compiler code generation,114.2,101.96,105,98,182,139,ms
:model:event-checkout:compileDebugKotlin,Remove duplicate classes,3.76,3.98,3,3,7,8,ms
:model:event-checkout:compileDebugKotlin,Run compilation,963.92,900.36,983,919,1193,1100,ms
:model:event-checkout:compileDebugKotlin,Shrink current classpath snapshot non-incrementally,27.2,23.76,22,22,44,38,ms
:model:event-checkout:compileDebugKotlin,Spent time before task action,40.46,36.54,40,37,59,51,ms
:model:event-checkout:compileDebugKotlin,Analysis lines per second,1305,1418,1316,1370,1698,1812,
:model:event-checkout:compileDebugKotlin,Total size of the cache directory,546.1,546.1,546,546,546,546,KB
:model:event-checkout:compileDebugKotlin,Number of cache hits when loading classpath entry snapshots,145,145,145,145,145,145,
:model:event-checkout:compileDebugKotlin,Number of lines analyzed,418,418,418,418,418,418,
:model:event-checkout:compileDebugKotlin,Size of shrunk classpath snapshot,46.4,46.4,46,46,46,46,KB
:model:event-checkout:compileDebugKotlin,Number of cache misses when loading classpath entry snapshots,1,1,1,1,1,1,
:model:event-checkout:compileDebugKotlin,Total compiler iteration,1,1,1,1,1,1,
:model:event-checkout:compileDebugKotlin,Number of times classpath snapshot is shrunk and saved after compilation,1,1,1,1,1,1,
:model:event-checkout:compileDebugKotlin,Number of times classpath snapshot is loaded,1,1,1,1,1,1,
:model:event-checkout:compileDebugKotlin,Code generation lines per second,3941,4342,3978,4254,5061,6022,
:model:event-checkout:compileDebugKotlin,ABI snapshot size,18.0,18.0,18,18,18,18,B
:model:event-checkout:compileDebugKotlin,Size of classpath snapshot,7.2,7.2,7,7,7,7,MB
:model:event-checkout:compileDebugKotlin,Number of classpath entries,146,146,146,146,146,146,
:model:event-checkout:compileDebugKotlin,Save shrunk current classpath snapshot,2.5,2.67,3,3,3,3,ms
:model:event-checkout:compileDebugKotlin,Store build info,3.0,,3,,3,,ms
:model:event-checkout:compileDebugKotlin,Clear outputs on rebuild,1.0,3.0,1,3,1,3,ms
:model:event-checkout:compileDebugKotlin,Clear output,1.0,3.0,1,3,1,3,ms
:model:feed-checkout:compileDebugKotlin,Sources compilation round,842.9,818.46,786,781,1065,1051,ms
:model:feed-checkout:compileDebugKotlin,Incremental compilation in daemon,929.74,908.72,876,884,1169,1178,ms
:model:feed-checkout:compileDebugKotlin,Task action before worker execution,12.5,10.22,9,8,19,18,ms
:model:feed-checkout:compileDebugKotlin,Compiler initialization time,47.6,43.96,42,40,70,75,ms
:model:feed-checkout:compileDebugKotlin,Calculate output size,1.6,1.26,1,1,4,2,ms
:model:feed-checkout:compileDebugKotlin,Compiler IR lowering,75.38,69.62,66,64,107,99,ms
:model:feed-checkout:compileDebugKotlin,Compiler translation to IR,227.6,212.6,227,202,291,278,ms
:model:feed-checkout:compileDebugKotlin,Compiler backend,52.32,55.68,46,46,80,86,ms
:model:feed-checkout:compileDebugKotlin,Compiler code analysis,316.92,319.5,293,291,415,430,ms
:model:feed-checkout:compileDebugKotlin,Run compilation in Gradle worker,965.76,934.88,913,908,1237,1208,ms
:model:feed-checkout:compileDebugKotlin,Load current classpath snapshot,4.22,4.56,3,4,8,9,ms
:model:feed-checkout:compileDebugKotlin,Update caches,1.5,1.55,1,1,2,3,ms
:model:feed-checkout:compileDebugKotlin,Total Gradle task time,1075.2,1042.64,1011,993,1397,1379,ms
:model:feed-checkout:compileDebugKotlin,Shrink and save current classpath snapshot after compilation,31.86,33.18,28,28,48,57,ms
:model:feed-checkout:compileDebugKotlin,Compiler code generation,128.1,125.86,119,116,177,185,ms
:model:feed-checkout:compileDebugKotlin,Remove duplicate classes,3.72,4.12,3,3,6,8,ms
:model:feed-checkout:compileDebugKotlin,Run compilation,958.9,930.92,905,904,1232,1203,ms
:model:feed-checkout:compileDebugKotlin,Shrink current classpath snapshot non-incrementally,25.74,26.66,22,21,39,48,ms
:model:feed-checkout:compileDebugKotlin,Spent time before task action,31.34,33.5,28,26,52,55,ms
:model:feed-checkout:compileDebugKotlin,Analysis lines per second,1378,1425,1424,1437,1722,1798,
:model:feed-checkout:compileDebugKotlin,Total size of the cache directory,545.8,545.8,546,546,546,546,KB
:model:feed-checkout:compileDebugKotlin,Number of cache hits when loading classpath entry snapshots,140,140,140,140,140,140,
:model:feed-checkout:compileDebugKotlin,Number of lines analyzed,418,418,418,418,418,418,
:model:feed-checkout:compileDebugKotlin,Size of shrunk classpath snapshot,46.4,46.4,46,46,46,46,KB
:model:feed-checkout:compileDebugKotlin,Number of cache misses when loading classpath entry snapshots,1,1,1,1,1,1,
:model:feed-checkout:compileDebugKotlin,Total compiler iteration,1,1,1,1,1,1,
:model:feed-checkout:compileDebugKotlin,Number of times classpath snapshot is shrunk and saved after compilation,1,1,1,1,1,1,
:model:feed-checkout:compileDebugKotlin,Number of times classpath snapshot is loaded,1,1,1,1,1,1,
:model:feed-checkout:compileDebugKotlin,Code generation lines per second,3562,3570,3498,3585,4734,4768,
:model:feed-checkout:compileDebugKotlin,ABI snapshot size,18.0,18.0,18,18,18,18,B
:model:feed-checkout:compileDebugKotlin,Size of classpath snapshot,7.0,7.0,7,7,7,7,MB
:model:feed-checkout:compileDebugKotlin,Number of classpath entries,141,141,141,141,141,141,
:model:feed-checkout:compileDebugKotlin,Start gradle worker,1.46,1.46,1,1,2,2,ms
:model:feed-checkout:compileDebugKotlin,Save shrunk current classpath snapshot,3.0,3.5,3,4,5,4,ms
:model:feed-checkout:compileDebugKotlin,Clear output,2.0,,2,,2,,ms
:model:file-checkout:compileDebugKotlin,Sources compilation round,809.42,837.18,766,825,990,1108,ms
:model:file-checkout:compileDebugKotlin,Incremental compilation in daemon,906.42,934.68,891,918,1130,1217,ms
:model:file-checkout:compileDebugKotlin,Task action before worker execution,12.24,12.14,11,10,18,21,ms
:model:file-checkout:compileDebugKotlin,Start gradle worker,1.45,1.7,1,1,3,4,ms
:model:file-checkout:compileDebugKotlin,Compiler initialization time,40.96,40.02,40,39,58,60,ms
:model:file-checkout:compileDebugKotlin,Calculate output size,1.81,1.6,1,1,4,3,ms
:model:file-checkout:compileDebugKotlin,Compiler IR lowering,71.28,74.52,64,67,101,112,ms
:model:file-checkout:compileDebugKotlin,Compiler translation to IR,220.38,231.88,212,219,281,303,ms
:model:file-checkout:compileDebugKotlin,Compiler backend,54.02,57.36,49,47,79,83,ms
:model:file-checkout:compileDebugKotlin,Compiler code analysis,297.98,304.76,284,285,374,441,ms
:model:file-checkout:compileDebugKotlin,Run compilation in Gradle worker,934.18,968.18,922,941,1158,1265,ms
:model:file-checkout:compileDebugKotlin,Load current classpath snapshot,4.58,4.64,4,3,8,8,ms
:model:file-checkout:compileDebugKotlin,Update caches,1.44,1.48,1,1,3,2,ms
:model:file-checkout:compileDebugKotlin,Total Gradle task time,1057.92,1079.56,1024,1053,1310,1391,ms
:model:file-checkout:compileDebugKotlin,Shrink and save current classpath snapshot after compilation,36.12,33.28,28,26,55,54,ms
:model:file-checkout:compileDebugKotlin,Compiler code generation,125.98,132.3,115,118,176,208,ms
:model:file-checkout:compileDebugKotlin,Remove duplicate classes,4.06,4.28,3,3,7,8,ms
:model:file-checkout:compileDebugKotlin,Run compilation,927.92,962.82,911,939,1151,1262,ms
:model:file-checkout:compileDebugKotlin,Shrink current classpath snapshot non-incrementally,29.28,26.64,23,21,42,42,ms
:model:file-checkout:compileDebugKotlin,Spent time before task action,33.54,30.58,32,33,48,48,ms
:model:file-checkout:compileDebugKotlin,Analysis lines per second,1448,1469,1469,1463,1796,2011,
:model:file-checkout:compileDebugKotlin,Total size of the cache directory,545.8,545.8,546,546,546,546,KB
:model:file-checkout:compileDebugKotlin,Number of cache hits when loading classpath entry snapshots,128,128,128,128,128,128,
:model:file-checkout:compileDebugKotlin,Number of lines analyzed,418,418,418,418,418,418,
:model:file-checkout:compileDebugKotlin,Size of shrunk classpath snapshot,46.4,46.4,46,46,46,46,KB
:model:file-checkout:compileDebugKotlin,Number of cache misses when loading classpath entry snapshots,1,1,1,1,1,1,
:model:file-checkout:compileDebugKotlin,Total compiler iteration,1,1,1,1,1,1,
:model:file-checkout:compileDebugKotlin,Number of times classpath snapshot is shrunk and saved after compilation,1,1,1,1,1,1,
:model:file-checkout:compileDebugKotlin,Number of times classpath snapshot is loaded,1,1,1,1,1,1,
:model:file-checkout:compileDebugKotlin,Code generation lines per second,3537,3507,3623,3535,4596,4936,
:model:file-checkout:compileDebugKotlin,ABI snapshot size,18.0,18.0,18,18,18,18,B
:model:file-checkout:compileDebugKotlin,Size of classpath snapshot,6.6,6.6,7,7,7,7,MB
:model:file-checkout:compileDebugKotlin,Number of classpath entries,129,129,129,129,129,129,
:model:file-checkout:compileDebugKotlin,Save shrunk current classpath snapshot,3.4,2.67,3,2,5,4,ms
:model:file-checkout:compileDebugKotlin,Clear output,3.0,3.5,3,4,3,6,ms
:model:forecast-checkout:compileDebugKotlin,Sources compilation round,812.82,824.18,763,810,1017,1031,ms
:model:forecast-checkout:compileDebugKotlin,Incremental compilation in daemon,917.16,940.0,889,916,1145,1185,ms
:model:forecast-checkout:compileDebugKotlin,Task action before worker execution,13.16,11.64,10,11,19,18,ms
:model:forecast-checkout:compileDebugKotlin,Start gradle worker,1.56,4.28,1,1,3,3,ms
:model:forecast-checkout:compileDebugKotlin,Compiler initialization time,44.18,45.54,39,43,65,68,ms
:model:forecast-checkout:compileDebugKotlin,Calculate output size,1.67,1.87,1,1,4,4,ms
:model:forecast-checkout:compileDebugKotlin,Compiler IR lowering,74.88,77.58,73,68,107,124,ms
:model:forecast-checkout:compileDebugKotlin,Compiler translation to IR,228.46,223.64,217,213,305,327,ms
:model:forecast-checkout:compileDebugKotlin,Compiler backend,62.42,58.78,53,50,95,94,ms
:model:forecast-checkout:compileDebugKotlin,Compiler code analysis,291.94,296.46,278,287,389,380,ms
:model:forecast-checkout:compileDebugKotlin,Run compilation in Gradle worker,946.06,972.24,922,957,1172,1227,ms
:model:forecast-checkout:compileDebugKotlin,Load current classpath snapshot,6.02,5.28,6,5,10,9,ms
:model:forecast-checkout:compileDebugKotlin,Update caches,1.74,1.94,1,1,4,4,ms
:model:forecast-checkout:compileDebugKotlin,Total Gradle task time,1064.26,1090.56,1031,1071,1272,1345,ms
:model:forecast-checkout:compileDebugKotlin,Shrink and save current classpath snapshot after compilation,41.76,37.72,35,36,60,57,ms
:model:forecast-checkout:compileDebugKotlin,Compiler code generation,137.82,136.98,137,122,194,217,ms
:model:forecast-checkout:compileDebugKotlin,Remove duplicate classes,5.3,4.46,5,4,10,8,ms
:model:forecast-checkout:compileDebugKotlin,Run compilation,938.74,962.76,907,949,1170,1211,ms
:model:forecast-checkout:compileDebugKotlin,Shrink current classpath snapshot non-incrementally,33.5,30.4,26,29,49,46,ms
:model:forecast-checkout:compileDebugKotlin,Spent time before task action,33.88,35.4,33,36,54,49,ms
:model:forecast-checkout:compileDebugKotlin,Analysis lines per second,1471,1473,1503,1453,1752,1911,
:model:forecast-checkout:compileDebugKotlin,Total size of the cache directory,563.2,563.2,563,563,563,563,KB
:model:forecast-checkout:compileDebugKotlin,Number of cache hits when loading classpath entry snapshots,146,146,146,146,146,146,
:model:forecast-checkout:compileDebugKotlin,Number of lines analyzed,418,418,418,418,418,418,
:model:forecast-checkout:compileDebugKotlin,Size of shrunk classpath snapshot,46.4,46.4,46,46,46,46,KB
:model:forecast-checkout:compileDebugKotlin,Number of cache misses when loading classpath entry snapshots,1,1,1,1,1,1,
:model:forecast-checkout:compileDebugKotlin,Total compiler iteration,1,1,1,1,1,1,
:model:forecast-checkout:compileDebugKotlin,Number of times classpath snapshot is shrunk and saved after compilation,1,1,1,1,1,1,
:model:forecast-checkout:compileDebugKotlin,Number of times classpath snapshot is loaded,1,1,1,1,1,1,
:model:forecast-checkout:compileDebugKotlin,Code generation lines per second,3301,3401,3059,3421,4672,4457,
:model:forecast-checkout:compileDebugKotlin,ABI snapshot size,18.0,18.0,18,18,18,18,B
:model:forecast-checkout:compileDebugKotlin,Size of classpath snapshot,7.2,7.2,7,7,7,7,MB
:model:forecast-checkout:compileDebugKotlin,Number of classpath entries,147,147,147,147,147,147,
:model:forecast-checkout:compileDebugKotlin,Save shrunk current classpath snapshot,2.25,2.5,3,2,3,5,ms
:model:gallery-checkout:compileDebugKotlin,Sources compilation round,805.24,815.78,785,806,1004,1058,ms
:model:gallery-checkout:compileDebugKotlin,Incremental compilation in daemon,906.98,924.22,885,903,1125,1238,ms
:model:gallery-checkout:compileDebugKotlin,Task action before worker execution,12.56,13.16,10,14,20,19,ms
:model:gallery-checkout:compileDebugKotlin,Start gradle worker,1.73,1.7,1,1,3,4,ms
:model:gallery-checkout:compileDebugKotlin,Compiler initialization time,42.3,55.06,38,39,79,93,ms
:model:gallery-checkout:compileDebugKotlin,Calculate output size,1.98,1.79,1,1,4,4,ms
:model:gallery-checkout:compileDebugKotlin,Compiler IR lowering,67.46,73.64,60,57,103,107,ms
:model:gallery-checkout:compileDebugKotlin,Compiler translation to IR,223.04,217.34,214,208,293,309,ms
:model:gallery-checkout:compileDebugKotlin,Compiler backend,48.9,47.28,43,41,78,79,ms
:model:gallery-checkout:compileDebugKotlin,Compiler code analysis,308.78,300.88,307,285,385,398,ms
:model:gallery-checkout:compileDebugKotlin,Run compilation in Gradle worker,932.18,956.18,907,938,1156,1271,ms
:model:gallery-checkout:compileDebugKotlin,Load current classpath snapshot,5.98,4.9,5,4,11,10,ms
:model:gallery-checkout:compileDebugKotlin,Update caches,1.58,1.6,1,1,4,4,ms
:model:gallery-checkout:compileDebugKotlin,Total Gradle task time,1058.18,1077.86,1032,1061,1302,1369,ms
:model:gallery-checkout:compileDebugKotlin,Shrink and save current classpath snapshot after compilation,38.42,31.4,34,26,57,52,ms
:model:gallery-checkout:compileDebugKotlin,Compiler code generation,116.86,121.42,108,101,167,175,ms
:model:gallery-checkout:compileDebugKotlin,Remove duplicate classes,5.4,4.24,4,3,10,9,ms
:model:gallery-checkout:compileDebugKotlin,Run compilation,927.88,952.32,904,931,1150,1268,ms
:model:gallery-checkout:compileDebugKotlin,Shrink current classpath snapshot non-incrementally,30.22,24.46,27,20,47,40,ms
:model:gallery-checkout:compileDebugKotlin,Spent time before task action,36.32,37.64,35,35,52,55,ms
:model:gallery-checkout:compileDebugKotlin,Analysis lines per second,1389,1477,1360,1464,1766,1996,
:model:gallery-checkout:compileDebugKotlin,Total size of the cache directory,562.9,562.9,563,563,563,563,KB
:model:gallery-checkout:compileDebugKotlin,Number of cache hits when loading classpath entry snapshots,142,142,142,142,142,142,
:model:gallery-checkout:compileDebugKotlin,Number of lines analyzed,418,418,418,418,418,418,
:model:gallery-checkout:compileDebugKotlin,Size of shrunk classpath snapshot,46.4,46.4,46,46,46,46,KB
:model:gallery-checkout:compileDebugKotlin,Number of cache misses when loading classpath entry snapshots,1,1,1,1,1,1,
:model:gallery-checkout:compileDebugKotlin,Total compiler iteration,1,1,1,1,1,1,
:model:gallery-checkout:compileDebugKotlin,Number of times classpath snapshot is shrunk and saved after compilation,1,1,1,1,1,1,
:model:gallery-checkout:compileDebugKotlin,Number of times classpath snapshot is loaded,1,1,1,1,1,1,
:model:gallery-checkout:compileDebugKotlin,Code generation lines per second,3835,4049,3864,4129,5088,5594,
:model:gallery-checkout:compileDebugKotlin,ABI snapshot size,18.0,18.0,18,18,18,18,B
:model:gallery-checkout:compileDebugKotlin,Size of classpath snapshot,7.1,7.1,7,7,7,7,MB
:model:gallery-checkout:compileDebugKotlin,Number of classpath entries,143,143,143,143,143,143,
:model:gallery-checkout:compileDebugKotlin,Save shrunk current classpath snapshot,2.2,2.2,2,3,3,3,ms
:model:gallery-checkout:compileDebugKotlin,Clear outputs on rebuild,2.0,1.0,2,1,2,1,ms
:model:gallery-checkout:compileDebugKotlin,Store build info,1.5,,2,,2,,ms
:model:group-checkout:compileDebugKotlin,Sources compilation round,826.56,801.96,781,780,1074,963,ms
:model:group-checkout:compileDebugKotlin,Incremental compilation in daemon,916.26,901.72,867,892,1175,1148,ms
:model:group-checkout:compileDebugKotlin,Task action before worker execution,14.08,11.92,10,12,18,19,ms
:model:group-checkout:compileDebugKotlin,Start gradle worker,1.63,1.78,1,1,3,3,ms
:model:group-checkout:compileDebugKotlin,Compiler initialization time,44.42,43.18,40,37,67,80,ms
:model:group-checkout:compileDebugKotlin,Calculate output size,1.74,1.87,1,1,4,4,ms
:model:group-checkout:compileDebugKotlin,Compiler IR lowering,64.68,63.58,56,57,92,93,ms
:model:group-checkout:compileDebugKotlin,Compiler translation to IR,231.3,229.5,225,209,309,278,ms
:model:group-checkout:compileDebugKotlin,Compiler backend,51.48,47.96,48,43,79,76,ms
:model:group-checkout:compileDebugKotlin,Compiler code analysis,308.1,293.18,297,288,403,370,ms
:model:group-checkout:compileDebugKotlin,Run compilation in Gradle worker,947.64,934.04,900,916,1233,1209,ms
:model:group-checkout:compileDebugKotlin,Load current classpath snapshot,3.82,3.54,3,3,6,6,ms
:model:group-checkout:compileDebugKotlin,Update caches,1.7,1.54,1,1,4,3,ms
:model:group-checkout:compileDebugKotlin,Total Gradle task time,1058.72,1042.78,1011,1017,1342,1367,ms
:model:group-checkout:compileDebugKotlin,Shrink and save current classpath snapshot after compilation,30.22,30.22,25,24,45,47,ms
:model:group-checkout:compileDebugKotlin,Compiler code generation,116.7,112.08,106,104,155,170,ms
:model:group-checkout:compileDebugKotlin,Remove duplicate classes,3.3,3.12,3,3,5,6,ms
:model:group-checkout:compileDebugKotlin,Run compilation,940.8,930.26,883,911,1198,1207,ms
:model:group-checkout:compileDebugKotlin,Shrink current classpath snapshot non-incrementally,25.0,25.1,20,20,38,41,ms
:model:group-checkout:compileDebugKotlin,Spent time before task action,28.8,30.92,29,31,43,49,ms
:model:group-checkout:compileDebugKotlin,Analysis lines per second,1412,1481,1408,1453,1800,1888,
:model:group-checkout:compileDebugKotlin,Total size of the cache directory,546.1,546.1,546,546,546,546,KB
:model:group-checkout:compileDebugKotlin,Number of cache hits when loading classpath entry snapshots,102,102,102,102,102,102,
:model:group-checkout:compileDebugKotlin,Number of lines analyzed,418,418,418,418,418,418,
:model:group-checkout:compileDebugKotlin,Size of shrunk classpath snapshot,46.4,46.4,46,46,46,46,KB
:model:group-checkout:compileDebugKotlin,Number of cache misses when loading classpath entry snapshots,1,1,1,1,1,1,
:model:group-checkout:compileDebugKotlin,Total compiler iteration,1,1,1,1,1,1,
:model:group-checkout:compileDebugKotlin,Number of times classpath snapshot is shrunk and saved after compilation,1,1,1,1,1,1,
:model:group-checkout:compileDebugKotlin,Number of times classpath snapshot is loaded,1,1,1,1,1,1,
:model:group-checkout:compileDebugKotlin,Code generation lines per second,3836,3944,3913,4012,4774,5181,
:model:group-checkout:compileDebugKotlin,ABI snapshot size,18.0,18.0,18,18,18,18,B
:model:group-checkout:compileDebugKotlin,Size of classpath snapshot,5.8,5.8,6,6,6,6,MB
:model:group-checkout:compileDebugKotlin,Number of classpath entries,103,103,103,103,103,103,
:model:group-checkout:compileDebugKotlin,Store build info,2.0,,2,,2,,ms
:model:identity-cart:compileDebugKotlin,Sources compilation round,866.7,773.26,787,745,1109,970,ms
:model:identity-cart:compileDebugKotlin,Incremental compilation in daemon,965.08,876.36,888,852,1218,1126,ms
:model:identity-cart:compileDebugKotlin,Task action before worker execution,12.96,15.5,12,10,23,19,ms
:model:identity-cart:compileDebugKotlin,Start gradle worker,2.02,1.64,1,1,5,3,ms
:model:identity-cart:compileDebugKotlin,Compiler initialization time,44.0,40.44,39,40,71,64,ms
:model:identity-cart:compileDebugKotlin,Calculate output size,2.08,3.48,1,1,4,5,ms
:model:identity-cart:compileDebugKotlin,Compiler IR lowering,64.74,61.3,56,55,99,93,ms
:model:identity-cart:compileDebugKotlin,Compiler translation to IR,266.44,214.16,220,198,333,267,ms
:model:identity-cart:compileDebugKotlin,Compiler backend,49.9,44.68,43,42,82,69,ms
:model:identity-cart:compileDebugKotlin,Compiler code analysis,320.8,300.0,315,286,434,371,ms
:model:identity-cart:compileDebugKotlin,Run compilation in Gradle worker,994.36,907.8,915,876,1247,1175,ms
:model:identity-cart:compileDebugKotlin,Load current classpath snapshot,5.64,4.84,4,4,10,9,ms
:model:identity-cart:compileDebugKotlin,Update caches,1.6,1.64,1,1,3,4,ms
:model:identity-cart:compileDebugKotlin,Total Gradle task time,1121.56,1022.72,1050,989,1388,1334,ms
:model:identity-cart:compileDebugKotlin,Shrink and save current classpath snapshot after compilation,36.4,33.5,28,30,65,52,ms
:model:identity-cart:compileDebugKotlin,Compiler code generation,115.1,106.48,101,102,177,135,ms
:model:identity-cart:compileDebugKotlin,Remove duplicate classes,5.0,4.34,4,3,9,9,ms
:model:identity-cart:compileDebugKotlin,Run compilation,987.28,901.9,910,874,1236,1153,ms
:model:identity-cart:compileDebugKotlin,Shrink current classpath snapshot non-incrementally,28.68,26.5,22,23,51,44,ms
:model:identity-cart:compileDebugKotlin,Spent time before task action,36.48,34.9,37,32,53,49,ms
:model:identity-cart:compileDebugKotlin,Analysis lines per second,1349,1497,1324,1462,1708,2104,
:model:identity-cart:compileDebugKotlin,Total size of the cache directory,545.8,545.8,546,546,546,546,KB
:model:identity-cart:compileDebugKotlin,Number of cache hits when loading classpath entry snapshots,136,136,136,136,136,136,
:model:identity-cart:compileDebugKotlin,Number of lines analyzed,418,418,418,418,418,418,
:model:identity-cart:compileDebugKotlin,Size of shrunk classpath snapshot,46.4,46.4,46,46,46,46,KB
:model:identity-cart:compileDebugKotlin,Number of cache misses when loading classpath entry snapshots,1,1,1,1,1,1,
:model:identity-cart:compileDebugKotlin,Total compiler iteration,1,1,1,1,1,1,
:model:identity-cart:compileDebugKotlin,Number of times classpath snapshot is shrunk and saved after compilation,1,1,1,1,1,1,
:model:identity-cart:compileDebugKotlin,Number of times classpath snapshot is loaded,1,1,1,1,1,1,
:model:identity-cart:compileDebugKotlin,Code generation lines per second,3913,4136,4141,4086,4938,5361,
:model:identity-cart:compileDebugKotlin,ABI snapshot size,18.0,18.0,18,18,18,18,B
:model:identity-cart:compileDebugKotlin,Size of classpath snapshot,6.9,6.9,7,7,7,7,MB
:model:identity-cart:compileDebugKotlin,Number of classpath entries,137,137,137,137,137,137,
:model:identity-cart:compileDebugKotlin,Clear output,1.0,3.0,1,3,1,4,ms
:model:identity-cart:compileDebugKotlin,Save shrunk current classpath snapshot,2.75,2.57,3,3,4,3,ms
:model:identity-cart:compileDebugKotlin,Store build info,3.0,,3,,3,,ms
:model:list-checkout:compileDebugKotlin,Sources compilation round,888.74,830.38,828,802,1185,1135,ms
:model:list-checkout:compileDebugKotlin,Incremental compilation in daemon,985.26,924.98,919,888,1281,1280,ms
:model:list-checkout:compileDebugKotlin,Task action before worker execution,14.16,11.52,15,9,21,20,ms
:model:list-checkout:compileDebugKotlin,Start gradle worker,1.91,1.71,1,1,4,4,ms
:model:list-checkout:compileDebugKotlin,Compiler initialization time,51.1,43.84,42,38,85,79,ms
:model:list-checkout:compileDebugKotlin,Calculate output size,1.83,1.52,1,1,4,4,ms
:model:list-checkout:compileDebugKotlin,Compiler IR lowering,68.36,64.12,66,56,94,99,ms
:model:list-checkout:compileDebugKotlin,Compiler translation to IR,246.54,219.26,222,210,344,275,ms
:model:list-checkout:compileDebugKotlin,Compiler backend,54.88,61.3,47,43,74,79,ms
:model:list-checkout:compileDebugKotlin,Compiler code analysis,324.22,316.34,301,304,432,434,ms
:model:list-checkout:compileDebugKotlin,Run compilation in Gradle worker,1016.72,957.02,948,917,1347,1310,ms
:model:list-checkout:compileDebugKotlin,Load current classpath snapshot,5.52,5.24,5,5,10,9,ms
:model:list-checkout:compileDebugKotlin,Update caches,1.74,1.68,1,1,4,4,ms
:model:list-checkout:compileDebugKotlin,Total Gradle task time,1154.0,1075.92,1113,1047,1528,1456,ms
:model:list-checkout:compileDebugKotlin,Shrink and save current classpath snapshot after compilation,36.56,33.84,32,29,60,54,ms
:model:list-checkout:compileDebugKotlin,Compiler code generation,123.9,125.96,121,101,168,167,ms
:model:list-checkout:compileDebugKotlin,Remove duplicate classes,4.72,4.4,4,4,9,6,ms
:model:list-checkout:compileDebugKotlin,Run compilation,1007.86,951.94,944,912,1304,1307,ms
:model:list-checkout:compileDebugKotlin,Shrink current classpath snapshot non-incrementally,29.02,26.58,25,22,47,42,ms
:model:list-checkout:compileDebugKotlin,Save shrunk current classpath snapshot,1.8,2.25,2,3,3,3,ms
:model:list-checkout:compileDebugKotlin,Spent time before task action,45.24,30.56,39,33,60,42,ms
:model:list-checkout:compileDebugKotlin,Analysis lines per second,1356,1434,1389,1375,1760,1922,
:model:list-checkout:compileDebugKotlin,Total size of the cache directory,545.8,545.8,546,546,546,546,KB
:model:list-checkout:compileDebugKotlin,Number of cache hits when loading classpath entry snapshots,133,133,133,133,133,133,
:model:list-checkout:compileDebugKotlin,Number of lines analyzed,418,418,418,418,418,418,
:model:list-checkout:compileDebugKotlin,Size of shrunk classpath snapshot,46.4,46.4,46,46,46,46,KB
:model:list-checkout:compileDebugKotlin,Number of cache misses when loading classpath entry snapshots,1,1,1,1,1,1,
:model:list-checkout:compileDebugKotlin,Total compiler iteration,1,1,1,1,1,1,
:model:list-checkout:compileDebugKotlin,Number of times classpath snapshot is shrunk and saved after compilation,1,1,1,1,1,1,
:model:list-checkout:compileDebugKotlin,Number of times classpath snapshot is loaded,1,1,1,1,1,1,
:model:list-checkout:compileDebugKotlin,Code generation lines per second,3545,3900,3438,4135,4692,5011,
:model:list-checkout:compileDebugKotlin,ABI snapshot size,18.0,18.0,18,18,18,18,B
:model:list-checkout:compileDebugKotlin,Size of classpath snapshot,6.8,6.8,7,7,7,7,MB
:model:list-checkout:compileDebugKotlin,Number of classpath entries,134,134,134,134,134,134,
:model:list-checkout:compileDebugKotlin,Store build info,3.5,3.5,4,4,4,4,ms
:model:list-checkout:compileDebugKotlin,Clear outputs on rebuild,1.0,,1,,1,,ms
:model:location-checkout:compileDebugKotlin,Sources compilation round,834.42,825.94,809,778,1099,1142,ms
:model:location-checkout:compileDebugKotlin,Incremental compilation in daemon,939.14,922.74,918,869,1239,1259,ms
:model:location-checkout:compileDebugKotlin,Task action before worker execution,13.8,12.4,12,10,20,21,ms
:model:location-checkout:compileDebugKotlin,Start gradle worker,1.64,1.93,1,1,3,4,ms
:model:location-checkout:compileDebugKotlin,Compiler initialization time,39.92,51.8,41,42,55,66,ms
:model:location-checkout:compileDebugKotlin,Calculate output size,1.76,1.63,1,1,4,4,ms
:model:location-checkout:compileDebugKotlin,Compiler IR lowering,66.86,68.94,59,58,100,114,ms
:model:location-checkout:compileDebugKotlin,Compiler translation to IR,240.44,222.98,226,209,320,305,ms
:model:location-checkout:compileDebugKotlin,Compiler backend,48.92,45.92,43,41,75,69,ms
:model:location-checkout:compileDebugKotlin,Compiler code analysis,314.92,307.14,287,299,449,441,ms
:model:location-checkout:compileDebugKotlin,Run compilation in Gradle worker,969.32,947.7,950,892,1274,1290,ms
:model:location-checkout:compileDebugKotlin,Load current classpath snapshot,5.0,4.42,4,3,8,7,ms
:model:location-checkout:compileDebugKotlin,Update caches,1.82,1.74,1,1,4,3,ms
:model:location-checkout:compileDebugKotlin,Total Gradle task time,1092.56,1059.8,1061,1015,1417,1376,ms
:model:location-checkout:compileDebugKotlin,Shrink and save current classpath snapshot after compilation,37.34,32.96,32,28,62,51,ms
:model:location-checkout:compileDebugKotlin,Compiler code generation,116.26,115.42,105,101,177,174,ms
:model:location-checkout:compileDebugKotlin,Remove duplicate classes,4.46,4.04,3,3,7,6,ms
:model:location-checkout:compileDebugKotlin,Run compilation,963.9,942.9,946,886,1267,1288,ms
:model:location-checkout:compileDebugKotlin,Shrink current classpath snapshot non-incrementally,30.3,26.68,24,22,52,42,ms
:model:location-checkout:compileDebugKotlin,Save shrunk current classpath snapshot,2.5,1.33,3,1,3,2,ms
:model:location-checkout:compileDebugKotlin,Spent time before task action,39.26,33.5,37,32,64,52,ms
:model:location-checkout:compileDebugKotlin,Analysis lines per second,1399,1438,1452,1397,1745,1897,
:model:location-checkout:compileDebugKotlin,Total size of the cache directory,563.2,563.2,563,563,563,563,KB
:model:location-checkout:compileDebugKotlin,Number of cache hits when loading classpath entry snapshots,142,142,142,142,142,142,
:model:location-checkout:compileDebugKotlin,Number of lines analyzed,418,418,418,418,418,418,
:model:location-checkout:compileDebugKotlin,Size of shrunk classpath snapshot,46.4,46.4,46,46,46,46,KB
:model:location-checkout:compileDebugKotlin,Number of cache misses when loading classpath entry snapshots,1,1,1,1,1,1,
:model:location-checkout:compileDebugKotlin,Total compiler iteration,1,1,1,1,1,1,
:model:location-checkout:compileDebugKotlin,Number of times classpath snapshot is shrunk and saved after compilation,1,1,1,1,1,1,
:model:location-checkout:compileDebugKotlin,Number of times classpath snapshot is loaded,1,1,1,1,1,1,
:model:location-checkout:compileDebugKotlin,Code generation lines per second,3857,4050,3965,4113,5108,5728,
:model:location-checkout:compileDebugKotlin,ABI snapshot size,18.0,18.0,18,18,18,18,B
:model:location-checkout:compileDebugKotlin,Size of classpath snapshot,7.1,7.1,7,7,7,7,MB
:model:location-checkout:compileDebugKotlin,Number of classpath entries,143,143,143,143,143,143,
:model:location-checkout:compileDebugKotlin,Store build info,2.0,2.0,2,2,2,2,ms
:model:location-checkout:compileDebugKotlin,Clear output,2.25,3.0,2,3,5,3,ms
:model:location-checkout:compileDebugKotlin,Clear outputs on rebuild,1.0,1.0,1,1,1,1,ms
:model:log-checkout:compileDebugKotlin,Sources compilation round,813.96,823.58,777,803,978,1037,ms
:model:log-checkout:compileDebugKotlin,Incremental compilation in daemon,909.48,920.7,870,894,1080,1191,ms
:model:log-checkout:compileDebugKotlin,Task action before worker execution,19.26,12.54,12,10,21,21,ms
:model:log-checkout:compileDebugKotlin,Start gradle worker,1.53,1.93,1,1,3,5,ms
:model:log-checkout:compileDebugKotlin,Compiler initialization time,46.02,51.34,43,45,74,75,ms
:model:log-checkout:compileDebugKotlin,Calculate output size,2.08,1.71,1,1,4,4,ms
:model:log-checkout:compileDebugKotlin,Compiler IR lowering,73.1,71.8,59,59,81,115,ms
:model:log-checkout:compileDebugKotlin,Compiler translation to IR,222.4,220.98,212,209,296,287,ms
:model:log-checkout:compileDebugKotlin,Compiler backend,51.24,49.82,45,47,70,72,ms
:model:log-checkout:compileDebugKotlin,Compiler code analysis,300.72,306.62,285,289,397,386,ms
:model:log-checkout:compileDebugKotlin,Run compilation in Gradle worker,939.32,961.6,904,943,1108,1236,ms
:model:log-checkout:compileDebugKotlin,Load current classpath snapshot,4.9,4.94,4,4,9,9,ms
:model:log-checkout:compileDebugKotlin,Update caches,1.46,1.4,1,1,2,3,ms
:model:log-checkout:compileDebugKotlin,Total Gradle task time,1055.0,1078.26,1023,1068,1245,1356,ms
:model:log-checkout:compileDebugKotlin,Shrink and save current classpath snapshot after compilation,35.6,36.04,29,29,58,61,ms
:model:log-checkout:compileDebugKotlin,Compiler code generation,124.8,122.2,106,112,150,175,ms
:model:log-checkout:compileDebugKotlin,Remove duplicate classes,4.46,4.48,3,3,8,8,ms
:model:log-checkout:compileDebugKotlin,Run compilation,933.94,957.98,899,940,1105,1234,ms
:model:log-checkout:compileDebugKotlin,Shrink current classpath snapshot non-incrementally,28.66,29.1,24,23,47,51,ms
:model:log-checkout:compileDebugKotlin,Spent time before task action,35.26,33.52,35,31,54,53,ms
:model:log-checkout:compileDebugKotlin,Analysis lines per second,1433,1429,1466,1444,1811,1848,
:model:log-checkout:compileDebugKotlin,Total size of the cache directory,545.4,545.4,545,545,545,545,KB
:model:log-checkout:compileDebugKotlin,Number of cache hits when loading classpath entry snapshots,146,146,146,146,146,146,
:model:log-checkout:compileDebugKotlin,Number of lines analyzed,418,418,418,418,418,418,
:model:log-checkout:compileDebugKotlin,Size of shrunk classpath snapshot,46.4,46.4,46,46,46,46,KB
:model:log-checkout:compileDebugKotlin,Number of cache misses when loading classpath entry snapshots,1,1,1,1,1,1,
:model:log-checkout:compileDebugKotlin,Total compiler iteration,1,1,1,1,1,1,
:model:log-checkout:compileDebugKotlin,Number of times classpath snapshot is shrunk and saved after compilation,1,1,1,1,1,1,
:model:log-checkout:compileDebugKotlin,Number of times classpath snapshot is loaded,1,1,1,1,1,1,
:model:log-checkout:compileDebugKotlin,Code generation lines per second,3831,3714,3922,3711,4966,4900,
:model:log-checkout:compileDebugKotlin,ABI snapshot size,18.0,18.0,18,18,18,18,B
:model:log-checkout:compileDebugKotlin,Size of classpath snapshot,7.2,7.2,7,7,7,7,MB
:model:log-checkout:compileDebugKotlin,Number of classpath entries,147,147,147,147,147,147,
:model:log-checkout:compileDebugKotlin,Store build info,2.0,1.0,2,1,2,1,ms
:model:log-checkout:compileDebugKotlin,Save shrunk current classpath snapshot,3.0,2.25,3,2,3,5,ms
:model:login-cart:compileDebugKotlin,Sources compilation round,862.2,864.24,828,830,1131,1133,ms
:model:login-cart:compileDebugKotlin,Incremental compilation in daemon,966.08,968.02,950,923,1230,1252,ms
:model:login-cart:compileDebugKotlin,Task action before worker execution,11.22,12.08,10,10,18,19,ms
:model:login-cart:compileDebugKotlin,Start gradle worker,1.53,1.8,1,1,3,4,ms
:model:login-cart:compileDebugKotlin,Compiler initialization time,51.36,53.0,46,47,78,95,ms
:model:login-cart:compileDebugKotlin,Calculate output size,2.15,1.76,1,1,4,4,ms
:model:login-cart:compileDebugKotlin,Compiler IR lowering,65.24,62.02,59,58,86,82,ms
:model:login-cart:compileDebugKotlin,Compiler translation to IR,241.66,259.22,223,224,306,388,ms
:model:login-cart:compileDebugKotlin,Compiler backend,54.54,51.06,48,46,76,77,ms
:model:login-cart:compileDebugKotlin,Compiler code analysis,316.2,314.64,307,308,393,397,ms
:model:login-cart:compileDebugKotlin,Run compilation in Gradle worker,1002.58,1005.7,971,940,1313,1361,ms
:model:login-cart:compileDebugKotlin,Load current classpath snapshot,6.58,4.98,6,5,10,8,ms
:model:login-cart:compileDebugKotlin,Update caches,1.74,1.72,1,1,4,4,ms
:model:login-cart:compileDebugKotlin,Total Gradle task time,1120.94,1121.24,1093,1041,1454,1500,ms
:model:login-cart:compileDebugKotlin,Shrink and save current classpath snapshot after compilation,40.02,36.38,33,31,70,62,ms
:model:login-cart:compileDebugKotlin,Compiler code generation,120.26,113.64,108,108,168,151,ms
:model:login-cart:compileDebugKotlin,Remove duplicate classes,5.96,4.58,5,5,9,8,ms
:model:login-cart:compileDebugKotlin,Run compilation,991.94,1000.88,969,937,1261,1352,ms
:model:login-cart:compileDebugKotlin,Shrink current classpath snapshot non-incrementally,31.56,28.98,27,23,49,49,ms
:model:login-cart:compileDebugKotlin,Spent time before task action,42.66,35.2,36,34,55,48,ms
:model:login-cart:compileDebugKotlin,Analysis lines per second,1371,1408,1359,1358,1707,1839,
:model:login-cart:compileDebugKotlin,Total size of the cache directory,544.6,544.6,545,545,545,545,KB
:model:login-cart:compileDebugKotlin,Number of cache hits when loading classpath entry snapshots,124,124,124,124,124,124,
:model:login-cart:compileDebugKotlin,Number of lines analyzed,418,418,418,418,418,418,
:model:login-cart:compileDebugKotlin,Size of shrunk classpath snapshot,46.4,46.4,46,46,46,46,KB
:model:login-cart:compileDebugKotlin,Number of cache misses when loading classpath entry snapshots,1,1,1,1,1,1,
:model:login-cart:compileDebugKotlin,Total compiler iteration,1,1,1,1,1,1,
:model:login-cart:compileDebugKotlin,Number of times classpath snapshot is shrunk and saved after compilation,1,1,1,1,1,1,
:model:login-cart:compileDebugKotlin,Number of times classpath snapshot is loaded,1,1,1,1,1,1,
:model:login-cart:compileDebugKotlin,Code generation lines per second,3723,3890,3877,3880,4711,4911,
:model:login-cart:compileDebugKotlin,ABI snapshot size,18.0,18.0,18,18,18,18,B
:model:login-cart:compileDebugKotlin,Size of classpath snapshot,6.5,6.5,7,7,7,7,MB
:model:login-cart:compileDebugKotlin,Number of classpath entries,125,125,125,125,125,125,
:model:login-cart:compileDebugKotlin,Store build info,3.0,2.67,3,2,5,5,ms
:model:login-cart:compileDebugKotlin,Clear output,1.0,2.33,1,2,1,3,ms
:model:login-cart:compileDebugKotlin,Save shrunk current classpath snapshot,1.6,2.33,1,3,3,4,ms
:model:map-checkout:compileDebugKotlin,Sources compilation round,871.38,849.26,834,815,1134,1078,ms
:model:map-checkout:compileDebugKotlin,Incremental compilation in daemon,982.26,950.72,925,904,1269,1195,ms
:model:map-checkout:compileDebugKotlin,Task action before worker execution,13.08,11.3,12,10,22,18,ms
:model:map-checkout:compileDebugKotlin,Start gradle worker,1.63,1.83,1,1,3,3,ms
:model:map-checkout:compileDebugKotlin,Compiler initialization time,45.96,43.96,43,42,63,68,ms
:model:map-checkout:compileDebugKotlin,Calculate output size,1.57,2.09,1,1,3,4,ms
:model:map-checkout:compileDebugKotlin,Compiler IR lowering,71.54,68.6,66,64,107,105,ms
:model:map-checkout:compileDebugKotlin,Compiler translation to IR,240.22,222.02,218,221,323,295,ms
:model:map-checkout:compileDebugKotlin,Compiler backend,57.08,57.58,50,51,84,89,ms
:model:map-checkout:compileDebugKotlin,Compiler code analysis,323.24,318.94,321,301,410,423,ms
:model:map-checkout:compileDebugKotlin,Run compilation in Gradle worker,1013.36,981.08,956,954,1291,1260,ms
:model:map-checkout:compileDebugKotlin,Load current classpath snapshot,5.04,4.6,4,4,8,8,ms
:model:map-checkout:compileDebugKotlin,Update caches,1.84,1.74,1,1,4,4,ms
:model:map-checkout:compileDebugKotlin,Total Gradle task time,1130.04,1095.52,1072,1060,1453,1400,ms
:model:map-checkout:compileDebugKotlin,Shrink and save current classpath snapshot after compilation,37.06,32.96,31,27,58,57,ms
:model:map-checkout:compileDebugKotlin,Compiler code generation,129.2,126.62,117,110,186,177,ms
:model:map-checkout:compileDebugKotlin,Remove duplicate classes,4.66,3.9,4,3,8,7,ms
:model:map-checkout:compileDebugKotlin,Run compilation,1004.96,975.48,947,948,1289,1231,ms
:model:map-checkout:compileDebugKotlin,Shrink current classpath snapshot non-incrementally,30.24,26.46,23,21,50,48,ms
:model:map-checkout:compileDebugKotlin,Spent time before task action,35.5,34.96,32,34,66,56,ms
:model:map-checkout:compileDebugKotlin,Analysis lines per second,1346,1371,1300,1389,1808,1742,
:model:map-checkout:compileDebugKotlin,Total size of the cache directory,545.4,545.4,545,545,545,545,KB
:model:map-checkout:compileDebugKotlin,Number of cache hits when loading classpath entry snapshots,122,122,122,122,122,122,
:model:map-checkout:compileDebugKotlin,Number of lines analyzed,418,418,418,418,418,418,
:model:map-checkout:compileDebugKotlin,Size of shrunk classpath snapshot,46.4,46.4,46,46,46,46,KB
:model:map-checkout:compileDebugKotlin,Number of cache misses when loading classpath entry snapshots,1,1,1,1,1,1,
:model:map-checkout:compileDebugKotlin,Total compiler iteration,1,1,1,1,1,1,
:model:map-checkout:compileDebugKotlin,Number of times classpath snapshot is shrunk and saved after compilation,1,1,1,1,1,1,
:model:map-checkout:compileDebugKotlin,Number of times classpath snapshot is loaded,1,1,1,1,1,1,
:model:map-checkout:compileDebugKotlin,Code generation lines per second,3501,3625,3573,3787,4717,5074,
:model:map-checkout:compileDebugKotlin,ABI snapshot size,18.0,18.0,18,18,18,18,B
:model:map-checkout:compileDebugKotlin,Size of classpath snapshot,6.4,6.4,6,6,6,6,MB
:model:map-checkout:compileDebugKotlin,Number of classpath entries,123,123,123,123,123,123,
:model:map-checkout:compileDebugKotlin,Store build info,3.33,,3,,5,,ms
:model:map-checkout:compileDebugKotlin,Clear output,2.0,2.25,2,2,2,4,ms
:model:media-checkout:compileDebugKotlin,Sources compilation round,951.7,866.06,888,851,1179,1079,ms
:model:media-checkout:compileDebugKotlin,Incremental compilation in daemon,1052.24,979.2,994,947,1307,1322,ms
:model:media-checkout:compileDebugKotlin,Task action before worker execution,12.28,12.76,11,11,18,23,ms
:model:media-checkout:compileDebugKotlin,Start gradle worker,1.66,1.56,1,1,3,3,ms
:model:media-checkout:compileDebugKotlin,Compiler initialization time,53.8,42.08,41,40,66,60,ms
:model:media-checkout:compileDebugKotlin,Calculate output size,1.46,2.36,1,1,3,4,ms
:model:media-checkout:compileDebugKotlin,Compiler IR lowering,75.64,71.3,66,69,106,101,ms
:model:media-checkout:compileDebugKotlin,Compiler translation to IR,267.28,228.5,240,222,358,291,ms
:model:media-checkout:compileDebugKotlin,Compiler backend,79.68,57.92,53,51,144,93,ms
:model:media-checkout:compileDebugKotlin,Compiler code analysis,334.44,332.8,324,315,420,419,ms
:model:media-checkout:compileDebugKotlin,Run compilation in Gradle worker,1082.88,1007.94,1025,990,1326,1353,ms
:model:media-checkout:compileDebugKotlin,Load current classpath snapshot,5.04,4.72,4,3,9,10,ms
:model:media-checkout:compileDebugKotlin,Update caches,1.72,1.52,1,1,3,4,ms
:model:media-checkout:compileDebugKotlin,Total Gradle task time,1206.6,1131.9,1155,1110,1459,1489,ms
:model:media-checkout:compileDebugKotlin,Shrink and save current classpath snapshot after compilation,33.88,44.42,27,25,57,63,ms
:model:media-checkout:compileDebugKotlin,Compiler code generation,155.82,129.7,116,124,250,204,ms
:model:media-checkout:compileDebugKotlin,Remove duplicate classes,4.3,4.26,3,3,9,9,ms
:model:media-checkout:compileDebugKotlin,Run compilation,1078.26,1003.3,1021,978,1324,1351,ms
:model:media-checkout:compileDebugKotlin,Shrink current classpath snapshot non-incrementally,26.78,37.82,22,20,43,49,ms
:model:media-checkout:compileDebugKotlin,Spent time before task action,34.96,37.28,36,35,54,55,ms
:model:media-checkout:compileDebugKotlin,Analysis lines per second,1302,1368,1288,1327,1671,1807,
:model:media-checkout:compileDebugKotlin,Total size of the cache directory,546.1,546.1,546,546,546,546,KB
:model:media-checkout:compileDebugKotlin,Number of cache hits when loading classpath entry snapshots,115,115,115,115,115,115,
:model:media-checkout:compileDebugKotlin,Number of lines analyzed,418,418,418,418,418,418,
:model:media-checkout:compileDebugKotlin,Size of shrunk classpath snapshot,46.4,46.4,46,46,46,46,KB
:model:media-checkout:compileDebugKotlin,Number of cache misses when loading classpath entry snapshots,1,1,1,1,1,1,
:model:media-checkout:compileDebugKotlin,Total compiler iteration,1,1,1,1,1,1,
:model:media-checkout:compileDebugKotlin,Number of times classpath snapshot is shrunk and saved after compilation,1,1,1,1,1,1,
:model:media-checkout:compileDebugKotlin,Number of times classpath snapshot is loaded,1,1,1,1,1,1,
:model:media-checkout:compileDebugKotlin,Code generation lines per second,3241,3590,3611,3349,4771,5035,
:model:media-checkout:compileDebugKotlin,ABI snapshot size,18.0,18.0,18,18,18,18,B
:model:media-checkout:compileDebugKotlin,Size of classpath snapshot,6.2,6.2,6,6,6,6,MB
:model:media-checkout:compileDebugKotlin,Number of classpath entries,116,116,116,116,116,116,
:model:media-checkout:compileDebugKotlin,Clear output,3.0,11.0,3,11,3,11,ms
:model:media-checkout:compileDebugKotlin,Save shrunk current classpath snapshot,3.0,4.0,3,4,3,6,ms
:model:message-checkout:compileDebugKotlin,Sources compilation round,844.2,837.56,805,787,1132,1144,ms
:model:message-checkout:compileDebugKotlin,Incremental compilation in daemon,936.9,931.34,886,878,1239,1276,ms
:model:message-checkout:compileDebugKotlin,Task action before worker execution,14.76,12.22,12,11,20,20,ms
:model:message-checkout:compileDebugKotlin,Start gradle worker,1.91,1.63,1,1,4,3,ms
:model:message-checkout:compileDebugKotlin,Compiler initialization time,41.74,43.36,39,38,66,69,ms
:model:message-checkout:compileDebugKotlin,Calculate output size,1.91,2.2,1,1,4,4,ms
:model:message-checkout:compileDebugKotlin,Compiler IR lowering,78.6,68.58,62,59,103,106,ms
:model:message-checkout:compileDebugKotlin,Compiler translation to IR,238.84,248.8,222,212,310,325,ms
:model:message-checkout:compileDebugKotlin,Compiler backend,54.94,63.36,43,42,87,84,ms
:model:message-checkout:compileDebugKotlin,Compiler code analysis,303.36,294.28,285,286,414,408,ms
:model:message-checkout:compileDebugKotlin,Run compilation in Gradle worker,967.8,960.74,919,905,1270,1303,ms
:model:message-checkout:compileDebugKotlin,Load current classpath snapshot,4.32,3.6,3,3,8,6,ms
:model:message-checkout:compileDebugKotlin,Update caches,1.86,1.66,1,1,5,3,ms
:model:message-checkout:compileDebugKotlin,Total Gradle task time,1091.16,1080.2,1028,1022,1412,1456,ms
:model:message-checkout:compileDebugKotlin,Shrink and save current classpath snapshot after compilation,31.4,29.08,27,25,50,48,ms
:model:message-checkout:compileDebugKotlin,Compiler code generation,134.02,132.48,110,107,201,175,ms
:model:message-checkout:compileDebugKotlin,Remove duplicate classes,3.98,3.16,3,3,8,5,ms
:model:message-checkout:compileDebugKotlin,Run compilation,961.5,957.44,914,902,1267,1298,ms
:model:message-checkout:compileDebugKotlin,Shrink current classpath snapshot non-incrementally,25.34,23.32,21,20,40,40,ms
:model:message-checkout:compileDebugKotlin,Spent time before task action,35.62,32.38,34,32,54,50,ms
:model:message-checkout:compileDebugKotlin,Analysis lines per second,1447,1520,1462,1458,1873,2015,
:model:message-checkout:compileDebugKotlin,Total size of the cache directory,562.9,562.9,563,563,563,563,KB
:model:message-checkout:compileDebugKotlin,Number of cache hits when loading classpath entry snapshots,106,106,106,106,106,106,
:model:message-checkout:compileDebugKotlin,Number of lines analyzed,418,418,418,418,418,418,
:model:message-checkout:compileDebugKotlin,Size of shrunk classpath snapshot,46.4,46.4,46,46,46,46,KB
:model:message-checkout:compileDebugKotlin,Number of cache misses when loading classpath entry snapshots,1,1,1,1,1,1,
:model:message-checkout:compileDebugKotlin,Total compiler iteration,1,1,1,1,1,1,
:model:message-checkout:compileDebugKotlin,Number of times classpath snapshot is shrunk and saved after compilation,1,1,1,1,1,1,
:model:message-checkout:compileDebugKotlin,Number of times classpath snapshot is loaded,1,1,1,1,1,1,
:model:message-checkout:compileDebugKotlin,Code generation lines per second,3628,3841,3783,3907,4894,5641,
:model:message-checkout:compileDebugKotlin,ABI snapshot size,18.0,18.0,18,18,18,18,B
:model:message-checkout:compileDebugKotlin,Size of classpath snapshot,5.9,5.9,6,6,6,6,MB
:model:message-checkout:compileDebugKotlin,Number of classpath entries,107,107,107,107,107,107,
:model:message-checkout:compileDebugKotlin,Save shrunk current classpath snapshot,2.25,2.67,2,1,4,6,ms
:model:metric-checkout:compileDebugKotlin,Sources compilation round,862.1,890.64,814,826,1109,1217,ms
:model:metric-checkout:compileDebugKotlin,Incremental compilation in daemon,966.08,1005.36,940,956,1203,1344,ms
:model:metric-checkout:compileDebugKotlin,Task action before worker execution,12.9,12.12,11,10,18,19,ms
:model:metric-checkout:compileDebugKotlin,Start gradle worker,1.76,1.67,1,1,4,3,ms
:model:metric-checkout:compileDebugKotlin,Compiler initialization time,46.84,49.38,41,41,73,78,ms
:model:metric-checkout:compileDebugKotlin,Calculate output size,1.57,1.59,1,1,4,4,ms
:model:metric-checkout:compileDebugKotlin,Compiler IR lowering,75.98,94.62,66,75,113,117,ms
:model:metric-checkout:compileDebugKotlin,Compiler translation to IR,257.78,270.94,227,231,382,361,ms
:model:metric-checkout:compileDebugKotlin,Compiler backend,50.0,54.56,45,48,75,85,ms
:model:metric-checkout:compileDebugKotlin,Compiler code analysis,306.52,282.98,298,275,426,361,ms
:model:metric-checkout:compileDebugKotlin,Run compilation in Gradle worker,999.94,1036.0,968,978,1285,1410,ms
:model:metric-checkout:compileDebugKotlin,Load current classpath snapshot,5.24,5.08,4,4,10,9,ms
:model:metric-checkout:compileDebugKotlin,Update caches,1.68,1.76,1,1,3,4,ms
:model:metric-checkout:compileDebugKotlin,Total Gradle task time,1118.02,1146.54,1082,1096,1386,1521,ms
:model:metric-checkout:compileDebugKotlin,Shrink and save current classpath snapshot after compilation,41.58,35.94,28,30,54,59,ms
:model:metric-checkout:compileDebugKotlin,Compiler code generation,126.54,149.66,118,131,187,188,ms
:model:metric-checkout:compileDebugKotlin,Remove duplicate classes,4.48,4.4,4,4,9,9,ms
:model:metric-checkout:compileDebugKotlin,Run compilation,992.98,1030.42,962,974,1274,1407,ms
:model:metric-checkout:compileDebugKotlin,Shrink current classpath snapshot non-incrementally,33.58,28.46,21,21,42,45,ms
:model:metric-checkout:compileDebugKotlin,Spent time before task action,39.9,32.06,30,32,56,51,ms
:model:metric-checkout:compileDebugKotlin,Analysis lines per second,1427,1553,1402,1520,1858,2016,
:model:metric-checkout:compileDebugKotlin,Total size of the cache directory,562.5,562.5,563,563,563,563,KB
:model:metric-checkout:compileDebugKotlin,Number of cache hits when loading classpath entry snapshots,114,114,114,114,114,114,
:model:metric-checkout:compileDebugKotlin,Number of lines analyzed,418,418,418,418,418,418,
:model:metric-checkout:compileDebugKotlin,Size of shrunk classpath snapshot,46.4,46.4,46,46,46,46,KB
:model:metric-checkout:compileDebugKotlin,Number of cache misses when loading classpath entry snapshots,1,1,1,1,1,1,
:model:metric-checkout:compileDebugKotlin,Total compiler iteration,1,1,1,1,1,1,
:model:metric-checkout:compileDebugKotlin,Number of times classpath snapshot is shrunk and saved after compilation,1,1,1,1,1,1,
:model:metric-checkout:compileDebugKotlin,Number of times classpath snapshot is loaded,1,1,1,1,1,1,
:model:metric-checkout:compileDebugKotlin,Code generation lines per second,3567,3278,3531,3178,4800,4372,
:model:metric-checkout:compileDebugKotlin,ABI snapshot size,18.0,18.0,18,18,18,18,B
:model:metric-checkout:compileDebugKotlin,Size of classpath snapshot,6.1,6.1,6,6,6,6,MB
:model:metric-checkout:compileDebugKotlin,Number of classpath entries,115,115,115,115,115,115,
:model:metric-checkout:compileDebugKotlin,Save shrunk current classpath snapshot,1.5,1.08,1,1,3,2,ms
:model:metric-checkout:compileDebugKotlin,Store build info,1.0,3.0,1,3,1,3,ms
:model:metric-checkout:compileDebugKotlin,Clear output,2.5,2.0,3,2,4,3,ms
:model:network-checkout:compileDebugKotlin,Sources compilation round,892.0,911.52,824,896,1258,1321,ms
:model:network-checkout:compileDebugKotlin,Incremental compilation in daemon,985.54,1023.56,904,1005,1337,1514,ms
:model:network-checkout:compileDebugKotlin,Task action before worker execution,12.26,11.52,10,10,19,18,ms
:model:network-checkout:compileDebugKotlin,Start gradle worker,1.42,1.81,1,1,3,4,ms
:model:network-checkout:compileDebugKotlin,Compiler initialization time,49.5,46.94,45,44,85,75,ms
:model:network-checkout:compileDebugKotlin,Calculate output size,1.28,2.28,1,2,3,4,ms
:model:network-checkout:compileDebugKotlin,Compiler IR lowering,71.96,73.06,66,66,102,115,ms
:model:network-checkout:compileDebugKotlin,Compiler translation to IR,254.94,256.54,220,219,305,352,ms
:model:network-checkout:compileDebugKotlin,Compiler backend,61.3,62.58,54,59,94,95,ms
:model:network-checkout:compileDebugKotlin,Compiler code analysis,332.78,323.12,298,293,436,432,ms
:model:network-checkout:compileDebugKotlin,Run compilation in Gradle worker,1023.56,1058.28,951,1036,1357,1540,ms
:model:network-checkout:compileDebugKotlin,Load current classpath snapshot,4.68,5.84,3,6,8,9,ms
:model:network-checkout:compileDebugKotlin,Update caches,1.64,2.06,1,2,3,4,ms
:model:network-checkout:compileDebugKotlin,Total Gradle task time,1138.26,1175.34,1069,1132,1455,1676,ms
:model:network-checkout:compileDebugKotlin,Shrink and save current classpath snapshot after compilation,32.82,37.72,27,34,55,61,ms
:model:network-checkout:compileDebugKotlin,Compiler code generation,133.7,136.16,126,129,203,217,ms
:model:network-checkout:compileDebugKotlin,Remove duplicate classes,4.02,4.9,3,5,6,9,ms
:model:network-checkout:compileDebugKotlin,Run compilation,1015.96,1053.08,929,1034,1354,1537,ms
:model:network-checkout:compileDebugKotlin,Shrink current classpath snapshot non-incrementally,26.16,29.84,22,26,44,50,ms
:model:network-checkout:compileDebugKotlin,Spent time before task action,30.28,35.54,29,34,45,51,ms
:model:network-checkout:compileDebugKotlin,Analysis lines per second,1356,1395,1400,1424,1745,1738,
:model:network-checkout:compileDebugKotlin,Total size of the cache directory,562.9,562.9,563,563,563,563,KB
:model:network-checkout:compileDebugKotlin,Number of cache hits when loading classpath entry snapshots,118,118,118,118,118,118,
:model:network-checkout:compileDebugKotlin,Number of lines analyzed,418,418,418,418,418,418,
:model:network-checkout:compileDebugKotlin,Size of shrunk classpath snapshot,46.4,46.4,46,46,46,46,KB
:model:network-checkout:compileDebugKotlin,Number of cache misses when loading classpath entry snapshots,1,1,1,1,1,1,
:model:network-checkout:compileDebugKotlin,Total compiler iteration,1,1,1,1,1,1,
:model:network-checkout:compileDebugKotlin,Number of times classpath snapshot is shrunk and saved after compilation,1,1,1,1,1,1,
:model:network-checkout:compileDebugKotlin,Number of times classpath snapshot is loaded,1,1,1,1,1,1,
:model:network-checkout:compileDebugKotlin,Code generation lines per second,3356,3489,3310,3232,4607,5633,
:model:network-checkout:compileDebugKotlin,ABI snapshot size,18.0,18.0,18,18,18,18,B
:model:network-checkout:compileDebugKotlin,Size of classpath snapshot,6.3,6.3,6,6,6,6,MB
:model:network-checkout:compileDebugKotlin,Number of classpath entries,119,119,119,119,119,119,
:model:network-checkout:compileDebugKotlin,Save shrunk current classpath snapshot,2.0,3.0,2,3,2,3,ms
:model:network-checkout:compileDebugKotlin,Clear output,2.0,,2,,2,,ms
:model:news-checkout:compileDebugKotlin,Sources compilation round,831.82,836.26,791,777,1159,1143,ms
:model:news-checkout:compileDebugKotlin,Incremental compilation in daemon,921.72,933.28,881,863,1262,1233,ms
:model:news-checkout:compileDebugKotlin,Task action before worker execution,13.2,13.46,14,11,19,20,ms
:model:news-checkout:compileDebugKotlin,Start gradle worker,1.48,2.14,1,1,3,5,ms
:model:news-checkout:compileDebugKotlin,Compiler initialization time,45.74,44.0,42,40,72,66,ms
:model:news-checkout:compileDebugKotlin,Calculate output size,1.48,1.28,1,1,4,2,ms
:model:news-checkout:compileDebugKotlin,Compiler IR lowering,77.16,65.56,61,58,116,99,ms
:model:news-checkout:compileDebugKotlin,Compiler translation to IR,227.04,233.7,201,202,270,296,ms
:model:news-checkout:compileDebugKotlin,Compiler backend,57.44,56.3,50,47,91,81,ms
:model:news-checkout:compileDebugKotlin,Compiler code analysis,307.02,303.62,291,281,387,422,ms
:model:news-checkout:compileDebugKotlin,Run compilation in Gradle worker,959.7,959.26,920,880,1285,1260,ms
:model:news-checkout:compileDebugKotlin,Load current classpath snapshot,4.88,4.26,4,3,9,7,ms
:model:news-checkout:compileDebugKotlin,Update caches,1.96,1.64,1,1,4,4,ms
:model:news-checkout:compileDebugKotlin,Total Gradle task time,1085.06,1071.98,1049,991,1382,1450,ms
:model:news-checkout:compileDebugKotlin,Shrink and save current classpath snapshot after compilation,32.6,33.36,29,28,51,53,ms
:model:news-checkout:compileDebugKotlin,Compiler code generation,134.98,122.42,118,115,191,185,ms
:model:news-checkout:compileDebugKotlin,Remove duplicate classes,4.26,3.84,3,3,8,6,ms
:model:news-checkout:compileDebugKotlin,Run compilation,953.06,954.2,910,877,1283,1257,ms
:model:news-checkout:compileDebugKotlin,Shrink current classpath snapshot non-incrementally,25.94,27.2,22,22,41,44,ms
:model:news-checkout:compileDebugKotlin,Spent time before task action,37.3,34.52,38,33,55,50,ms
:model:news-checkout:compileDebugKotlin,Analysis lines per second,1417,1480,1436,1484,1824,2038,
:model:news-checkout:compileDebugKotlin,Total size of the cache directory,545.8,545.8,546,546,546,546,KB
:model:news-checkout:compileDebugKotlin,Number of cache hits when loading classpath entry snapshots,135,135,135,135,135,135,
:model:news-checkout:compileDebugKotlin,Number of lines analyzed,418,418,418,418,418,418,
:model:news-checkout:compileDebugKotlin,Size of shrunk classpath snapshot,46.4,46.4,46,46,46,46,KB
:model:news-checkout:compileDebugKotlin,Number of cache misses when loading classpath entry snapshots,1,1,1,1,1,1,
:model:news-checkout:compileDebugKotlin,Total compiler iteration,1,1,1,1,1,1,
:model:news-checkout:compileDebugKotlin,Number of times classpath snapshot is shrunk and saved after compilation,1,1,1,1,1,1,
:model:news-checkout:compileDebugKotlin,Number of times classpath snapshot is loaded,1,1,1,1,1,1,
:model:news-checkout:compileDebugKotlin,Code generation lines per second,3491,3770,3526,3617,4906,5264,
:model:news-checkout:compileDebugKotlin,ABI snapshot size,18.0,18.0,18,18,18,18,B
:model:news-checkout:compileDebugKotlin,Size of classpath snapshot,6.8,6.8,7,7,7,7,MB
:model:news-checkout:compileDebugKotlin,Number of classpath entries,136,136,136,136,136,136,
:model:news-checkout:compileDebugKotlin,Store build info,2.0,,2,,2,,ms
:model:news-checkout:compileDebugKotlin,Generate compiler reference index,2.0,1.8,2,2,2,2,ms
:model:news-checkout:compileDebugKotlin,Clear outputs on rebuild,1.0,,1,,1,,ms
:model:news-checkout:compileDebugKotlin,Save shrunk current classpath snapshot,2.0,1.67,2,2,2,2,ms
:model:note-checkout:compileDebugKotlin,Sources compilation round,821.76,829.92,762,764,1068,1132,ms
:model:note-checkout:compileDebugKotlin,Incremental compilation in daemon,914.62,929.42,846,855,1248,1280,ms
:model:note-checkout:compileDebugKotlin,Task action before worker execution,14.28,12.54,13,11,20,20,ms
:model:note-checkout:compileDebugKotlin,Start gradle worker,1.96,2.0,1,1,4,4,ms
:model:note-checkout:compileDebugKotlin,Compiler initialization time,43.84,47.5,40,45,73,72,ms
:model:note-checkout:compileDebugKotlin,Calculate output size,1.5,1.78,1,1,4,4,ms
:model:note-checkout:compileDebugKotlin,Compiler IR lowering,67.16,63.28,64,60,99,83,ms
:model:note-checkout:compileDebugKotlin,Compiler translation to IR,244.86,247.28,217,211,319,335,ms
:model:note-checkout:compileDebugKotlin,Compiler backend,49.52,51.54,43,44,76,75,ms
:model:note-checkout:compileDebugKotlin,Compiler code analysis,300.68,302.08,283,276,373,375,ms
:model:note-checkout:compileDebugKotlin,Run compilation in Gradle worker,952.54,965.94,883,911,1286,1325,ms
:model:note-checkout:compileDebugKotlin,Load current classpath snapshot,4.8,4.98,4,4,9,10,ms
:model:note-checkout:compileDebugKotlin,Update caches,1.56,1.82,1,1,3,4,ms
:model:note-checkout:compileDebugKotlin,Total Gradle task time,1073.64,1075.02,1014,1012,1445,1516,ms
:model:note-checkout:compileDebugKotlin,Shrink and save current classpath snapshot after compilation,35.34,32.26,29,28,59,51,ms
:model:note-checkout:compileDebugKotlin,Compiler code generation,117.06,115.24,109,107,180,164,ms
:model:note-checkout:compileDebugKotlin,Remove duplicate classes,4.44,4.42,3,3,9,9,ms
:model:note-checkout:compileDebugKotlin,Run compilation,948.04,961.66,874,907,1283,1314,ms
:model:note-checkout:compileDebugKotlin,Shrink current classpath snapshot non-incrementally,28.52,25.32,23,23,46,38,ms
:model:note-checkout:compileDebugKotlin,Spent time before task action,40.12,34.06,36,36,50,47,ms
:model:note-checkout:compileDebugKotlin,Analysis lines per second,1459,1514,1476,1513,1839,2024,
:model:note-checkout:compileDebugKotlin,Total size of the cache directory,545.8,545.8,546,546,546,546,KB
:model:note-checkout:compileDebugKotlin,Number of cache hits when loading classpath entry snapshots,149,149,149,149,149,149,
:model:note-checkout:compileDebugKotlin,Number of lines analyzed,418,418,418,418,418,418,
:model:note-checkout:compileDebugKotlin,Size of shrunk classpath snapshot,46.4,46.4,46,46,46,46,KB
:model:note-checkout:compileDebugKotlin,Number of cache misses when loading classpath entry snapshots,1,1,1,1,1,1,
:model:note-checkout:compileDebugKotlin,Total compiler iteration,1,1,1,1,1,1,
:model:note-checkout:compileDebugKotlin,Number of times classpath snapshot is shrunk and saved after compilation,1,1,1,1,1,1,
:model:note-checkout:compileDebugKotlin,Number of times classpath snapshot is loaded,1,1,1,1,1,1,
:model:note-checkout:compileDebugKotlin,Code generation lines per second,3800,3937,3843,3891,4993,5392,
:model:note-checkout:compileDebugKotlin,ABI snapshot size,18.0,18.0,18,18,18,18,B
:model:note-checkout:compileDebugKotlin,Size of classpath snapshot,7.3,7.3,7,7,7,7,MB
:model:note-checkout:compileDebugKotlin,Number of classpath entries,150,150,150,150,150,150,
:model:note-checkout:compileDebugKotlin,Generate compiler reference index,3.0,,3,,3,,ms
:model:note-checkout:compileDebugKotlin,Store build info,2.0,3.5,2,4,3,4,ms
:model:note-checkout:compileDebugKotlin,Clear output,2.0,1.5,2,2,3,2,ms
:model:notification-checkout:compileDebugKotlin,Sources compilation round,849.44,798.88,755,751,1279,1092,ms
:model:notification-checkout:compileDebugKotlin,Incremental compilation in daemon,953.46,895.32,871,847,1424,1182,ms
:model:notification-checkout:compileDebugKotlin,Task action before worker execution,12.86,13.1,11,10,21,23,ms
:model:notification-checkout:compileDebugKotlin,Start gradle worker,1.67,3.29,1,1,3,6,ms
:model:notification-checkout:compileDebugKotlin,Compiler initialization time,41.06,37.44,39,35,68,57,ms
:model:notification-checkout:compileDebugKotlin,Calculate output size,1.83,1.68,1,1,4,4,ms
:model:notification-checkout:compileDebugKotlin,Compiler IR lowering,66.44,67.14,54,60,104,111,ms
:model:notification-checkout:compileDebugKotlin,Compiler translation to IR,259.46,248.56,206,208,368,341,ms
:model:notification-checkout:compileDebugKotlin,Compiler backend,52.12,49.3,44,41,82,78,ms
:model:notification-checkout:compileDebugKotlin,Compiler code analysis,303.92,282.48,277,271,390,354,ms
:model:notification-checkout:compileDebugKotlin,Run compilation in Gradle worker,992.52,939.54,904,878,1451,1268,ms
:model:notification-checkout:compileDebugKotlin,Load current classpath snapshot,5.26,4.46,4,4,9,8,ms
:model:notification-checkout:compileDebugKotlin,Update caches,1.82,1.68,1,2,4,3,ms
:model:notification-checkout:compileDebugKotlin,Total Gradle task time,1109.72,1054.42,1002,981,1568,1435,ms
:model:notification-checkout:compileDebugKotlin,Shrink and save current classpath snapshot after compilation,38.18,32.9,30,27,61,53,ms
:model:notification-checkout:compileDebugKotlin,Compiler code generation,119.1,116.96,96,106,186,173,ms
:model:notification-checkout:compileDebugKotlin,Remove duplicate classes,4.72,3.92,3,3,9,6,ms
:model:notification-checkout:compileDebugKotlin,Run compilation,985.52,935.78,895,875,1446,1266,ms
:model:notification-checkout:compileDebugKotlin,Shrink current classpath snapshot non-incrementally,30.98,26.6,24,21,49,44,ms
:model:notification-checkout:compileDebugKotlin,Spent time before task action,39.82,30.86,32,31,56,48,ms
:model:notification-checkout:compileDebugKotlin,Analysis lines per second,1458,1549,1510,1539,1790,1831,
:model:notification-checkout:compileDebugKotlin,Total size of the cache directory,564.8,564.8,565,565,565,565,KB
:model:notification-checkout:compileDebugKotlin,Number of cache hits when loading classpath entry snapshots,135,135,135,135,135,135,
:model:notification-checkout:compileDebugKotlin,Number of lines analyzed,418,418,418,418,418,418,
:model:notification-checkout:compileDebugKotlin,Size of shrunk classpath snapshot,46.4,46.4,46,46,46,46,KB
:model:notification-checkout:compileDebugKotlin,Number of cache misses when loading classpath entry snapshots,1,1,1,1,1,1,
:model:notification-checkout:compileDebugKotlin,Total compiler iteration,1,1,1,1,1,1,
:model:notification-checkout:compileDebugKotlin,Number of times classpath snapshot is shrunk and saved after compilation,1,1,1,1,1,1,
:model:notification-checkout:compileDebugKotlin,Number of times classpath snapshot is loaded,1,1,1,1,1,1,
:model:notification-checkout:compileDebugKotlin,Code generation lines per second,3874,3906,4332,3943,5021,5403,
:model:notification-checkout:compileDebugKotlin,ABI snapshot size,18.0,18.0,18,18,18,18,B
:model:notification-checkout:compileDebugKotlin,Size of classpath snapshot,6.8,6.8,7,7,7,7,MB
:model:notification-checkout:compileDebugKotlin,Number of classpath entries,136,136,136,136,136,136,
:model:notification-checkout:compileDebugKotlin,Save shrunk current classpath snapshot,3.0,,3,,3,,ms
:model:notification-checkout:compileDebugKotlin,Store build info,3.0,1.0,3,1,4,1,ms
:model:notification-checkout:compileDebugKotlin,Clear outputs on rebuild,2.0,,2,,2,,ms
:model:photo-checkout:compileDebugKotlin,Sources compilation round,997.04,899.4,908,852,1447,1285,ms
:model:photo-checkout:compileDebugKotlin,Incremental compilation in daemon,1107.38,1004.14,1014,944,1589,1446,ms
:model:photo-checkout:compileDebugKotlin,Task action before worker execution,12.96,11.32,12,10,24,20,ms
:model:photo-checkout:compileDebugKotlin,Start gradle worker,1.98,1.56,1,1,5,3,ms
:model:photo-checkout:compileDebugKotlin,Compiler initialization time,53.86,40.72,43,37,73,73,ms
:model:photo-checkout:compileDebugKotlin,Calculate output size,1.65,1.78,1,1,4,4,ms
:model:photo-checkout:compileDebugKotlin,Compiler IR lowering,73.76,67.76,64,61,109,107,ms
:model:photo-checkout:compileDebugKotlin,Compiler translation to IR,305.32,272.56,242,227,663,336,ms
:model:photo-checkout:compileDebugKotlin,Compiler backend,54.4,66.06,45,50,88,80,ms
:model:photo-checkout:compileDebugKotlin,Compiler code analysis,362.36,295.58,318,279,501,387,ms
:model:photo-checkout:compileDebugKotlin,Run compilation in Gradle worker,1136.52,1035.86,1045,981,1630,1478,ms
:model:photo-checkout:compileDebugKotlin,Load current classpath snapshot,4.76,4.6,4,4,8,9,ms
:model:photo-checkout:compileDebugKotlin,Update caches,1.7,1.64,1,1,4,2,ms
:model:photo-checkout:compileDebugKotlin,Total Gradle task time,1257.0,1154.26,1167,1112,1769,1615,ms
:model:photo-checkout:compileDebugKotlin,Shrink and save current classpath snapshot after compilation,45.7,33.0,28,29,57,58,ms
:model:photo-checkout:compileDebugKotlin,Compiler code generation,128.72,134.36,117,115,201,186,ms
:model:photo-checkout:compileDebugKotlin,Remove duplicate classes,4.22,3.88,3,3,7,7,ms
:model:photo-checkout:compileDebugKotlin,Run compilation,1129.36,1030.14,1033,974,1621,1476,ms
:model:photo-checkout:compileDebugKotlin,Shrink current classpath snapshot non-incrementally,38.8,26.12,23,22,46,47,ms
:model:photo-checkout:compileDebugKotlin,Spent time before task action,36.04,34.4,36,31,56,48,ms
:model:photo-checkout:compileDebugKotlin,Analysis lines per second,1296,1479,1312,1497,1744,1855,
:model:photo-checkout:compileDebugKotlin,Total size of the cache directory,546.1,546.1,546,546,546,546,KB
:model:photo-checkout:compileDebugKotlin,Number of cache hits when loading classpath entry snapshots,139,139,139,139,139,139,
:model:photo-checkout:compileDebugKotlin,Number of lines analyzed,418,418,418,418,418,418,
:model:photo-checkout:compileDebugKotlin,Size of shrunk classpath snapshot,46.4,46.4,46,46,46,46,KB
:model:photo-checkout:compileDebugKotlin,Number of cache misses when loading classpath entry snapshots,1,1,1,1,1,1,
:model:photo-checkout:compileDebugKotlin,Total compiler iteration,1,1,1,1,1,1,
:model:photo-checkout:compileDebugKotlin,Number of times classpath snapshot is shrunk and saved after compilation,1,1,1,1,1,1,
:model:photo-checkout:compileDebugKotlin,Number of times classpath snapshot is loaded,1,1,1,1,1,1,
:model:photo-checkout:compileDebugKotlin,Code generation lines per second,3588,3669,3552,3632,4958,4914,
:model:photo-checkout:compileDebugKotlin,ABI snapshot size,18.0,18.0,18,18,18,18,B
:model:photo-checkout:compileDebugKotlin,Size of classpath snapshot,7.0,7.0,7,7,7,7,MB
:model:photo-checkout:compileDebugKotlin,Number of classpath entries,140,140,140,140,140,140,
:model:photo-checkout:compileDebugKotlin,Save shrunk current classpath snapshot,2.0,2.67,2,2,3,7,ms
:model:photo-checkout:compileDebugKotlin,Store build info,2.5,,2,,5,,ms
:model:playlist-checkout:compileDebugKotlin,Sources compilation round,956.44,887.78,864,848,1347,1310,ms
:model:playlist-checkout:compileDebugKotlin,Incremental compilation in daemon,1054.06,982.24,967,922,1467,1389,ms
:model:playlist-checkout:compileDebugKotlin,Task action before worker execution,13.14,12.8,13,11,20,21,ms
:model:playlist-checkout:compileDebugKotlin,Start gradle worker,2.38,2.16,1,1,5,5,ms
:model:playlist-checkout:compileDebugKotlin,Compiler initialization time,41.02,36.62,39,36,58,53,ms
:model:playlist-checkout:compileDebugKotlin,Calculate output size,1.73,1.71,1,1,4,4,ms
:model:playlist-checkout:compileDebugKotlin,Compiler IR lowering,71.84,74.28,57,66,109,120,ms
:model:playlist-checkout:compileDebugKotlin,Compiler translation to IR,307.94,280.32,248,229,391,380,ms
:model:playlist-checkout:compileDebugKotlin,Compiler backend,49.36,50.58,45,42,72,78,ms
:model:playlist-checkout:compileDebugKotlin,Compiler code analysis,352.68,315.12,308,288,540,477,ms
:model:playlist-checkout:compileDebugKotlin,Run compilation in Gradle worker,1086.04,1015.46,994,956,1498,1412,ms
:model:playlist-checkout:compileDebugKotlin,Load current classpath snapshot,4.16,3.84,3,3,9,8,ms
:model:playlist-checkout:compileDebugKotlin,Update caches,1.48,1.56,1,1,2,3,ms
:model:playlist-checkout:compileDebugKotlin,Total Gradle task time,1209.54,1137.24,1120,1072,1609,1549,ms
:model:playlist-checkout:compileDebugKotlin,Shrink and save current classpath snapshot after compilation,30.72,27.92,27,24,53,47,ms
:model:playlist-checkout:compileDebugKotlin,Compiler code generation,121.7,125.18,108,118,181,186,ms
:model:playlist-checkout:compileDebugKotlin,Remove duplicate classes,3.66,3.44,3,3,6,8,ms
:model:playlist-checkout:compileDebugKotlin,Run compilation,1080.52,1011.44,991,954,1495,1410,ms
:model:playlist-checkout:compileDebugKotlin,Shrink current classpath snapshot non-incrementally,24.74,22.44,22,19,42,41,ms
:model:playlist-checkout:compileDebugKotlin,Spent time before task action,34.8,36.14,36,33,52,51,ms
:model:playlist-checkout:compileDebugKotlin,Analysis lines per second,1297,1442,1358,1449,1761,1864,
:model:playlist-checkout:compileDebugKotlin,Total size of the cache directory,563.2,563.2,563,563,563,563,KB
:model:playlist-checkout:compileDebugKotlin,Number of cache hits when loading classpath entry snapshots,112,112,112,112,112,112,
:model:playlist-checkout:compileDebugKotlin,Number of lines analyzed,418,418,418,418,418,418,
:model:playlist-checkout:compileDebugKotlin,Size of shrunk classpath snapshot,46.4,46.4,46,46,46,46,KB
:model:playlist-checkout:compileDebugKotlin,Number of cache misses when loading classpath entry snapshots,1,1,1,1,1,1,
:model:playlist-checkout:compileDebugKotlin,Total compiler iteration,1,1,1,1,1,1,
:model:playlist-checkout:compileDebugKotlin,Number of times classpath snapshot is shrunk and saved after compilation,1,1,1,1,1,1,
:model:playlist-checkout:compileDebugKotlin,Number of times classpath snapshot is loaded,1,1,1,1,1,1,
:model:playlist-checkout:compileDebugKotlin,Code generation lines per second,3781,3708,3871,3528,4970,5114,
:model:playlist-checkout:compileDebugKotlin,ABI snapshot size,18.0,18.0,18,18,18,18,B
:model:playlist-checkout:compileDebugKotlin,Size of classpath snapshot,6.1,6.1,6,6,6,6,MB
:model:playlist-checkout:compileDebugKotlin,Number of classpath entries,113,113,113,113,113,113,
:model:playlist-checkout:compileDebugKotlin,Save shrunk current classpath snapshot,3.0,2.67,3,3,3,3,ms
:model:playlist-checkout:compileDebugKotlin,Store build info,5.0,2.0,5,2,5,2,ms
:model:podcast-checkout:compileDebugKotlin,Sources compilation round,946.88,861.48,830,819,1494,1237,ms
:model:podcast-checkout:compileDebugKotlin,Incremental compilation in daemon,1044.58,957.1,939,914,1570,1308,ms
:model:podcast-checkout:compileDebugKotlin,Task action before worker execution,14.32,13.02,14,12,25,21,ms
:model:podcast-checkout:compileDebugKotlin,Start gradle worker,1.89,1.68,1,1,4,4,ms
:model:podcast-checkout:compileDebugKotlin,Compiler initialization time,67.22,55.92,44,43,85,87,ms
:model:podcast-checkout:compileDebugKotlin,Calculate output size,1.39,1.57,1,1,3,4,ms
:model:podcast-checkout:compileDebugKotlin,Compiler IR lowering,62.02,61.98,56,55,91,86,ms
:model:podcast-checkout:compileDebugKotlin,Compiler translation to IR,277.38,256.74,217,230,495,376,ms
:model:podcast-checkout:compileDebugKotlin,Compiler backend,55.88,50.98,51,46,80,74,ms
:model:podcast-checkout:compileDebugKotlin,Compiler code analysis,353.98,308.4,287,295,552,386,ms
:model:podcast-checkout:compileDebugKotlin,Run compilation in Gradle worker,1094.44,993.38,993,959,1614,1345,ms
:model:podcast-checkout:compileDebugKotlin,Load current classpath snapshot,5.08,4.38,4,3,9,8,ms
:model:podcast-checkout:compileDebugKotlin,Update caches,1.46,1.88,1,1,3,4,ms
:model:podcast-checkout:compileDebugKotlin,Total Gradle task time,1218.9,1106.6,1103,1065,1743,1502,ms
:model:podcast-checkout:compileDebugKotlin,Shrink and save current classpath snapshot after compilation,33.6,31.88,28,27,58,54,ms
:model:podcast-checkout:compileDebugKotlin,Compiler code generation,118.38,113.44,113,105,171,156,ms
:model:podcast-checkout:compileDebugKotlin,Remove duplicate classes,4.6,3.74,4,3,8,6,ms
:model:podcast-checkout:compileDebugKotlin,Run compilation,1088.76,989.28,990,957,1609,1342,ms
:model:podcast-checkout:compileDebugKotlin,Shrink current classpath snapshot non-incrementally,26.58,25.5,22,21,47,45,ms
:model:podcast-checkout:compileDebugKotlin,Spent time before task action,41.86,38.18,38,33,63,62,ms
:model:podcast-checkout:compileDebugKotlin,Analysis lines per second,1361,1431,1454,1416,1805,1869,
:model:podcast-checkout:compileDebugKotlin,Total size of the cache directory,562.9,562.9,563,563,563,563,KB
:model:podcast-checkout:compileDebugKotlin,Number of cache hits when loading classpath entry snapshots,138,138,138,138,138,138,
:model:podcast-checkout:compileDebugKotlin,Number of lines analyzed,418,418,418,418,418,418,
:model:podcast-checkout:compileDebugKotlin,Size of shrunk classpath snapshot,46.4,46.4,46,46,46,46,KB
:model:podcast-checkout:compileDebugKotlin,Number of cache misses when loading classpath entry snapshots,1,1,1,1,1,1,
:model:podcast-checkout:compileDebugKotlin,Total compiler iteration,1,1,1,1,1,1,
:model:podcast-checkout:compileDebugKotlin,Number of times classpath snapshot is shrunk and saved after compilation,1,1,1,1,1,1,
:model:podcast-checkout:compileDebugKotlin,Number of times classpath snapshot is loaded,1,1,1,1,1,1,
:model:podcast-checkout:compileDebugKotlin,Code generation lines per second,3768,4054,3703,3968,4823,5435,
:model:podcast-checkout:compileDebugKotlin,ABI snapshot size,18.0,18.0,18,18,18,18,B
:model:podcast-checkout:compileDebugKotlin,Size of classpath snapshot,6.9,6.9,7,7,7,7,MB
:model:podcast-checkout:compileDebugKotlin,Number of classpath entries,139,139,139,139,139,139,
:model:podcast-checkout:compileDebugKotlin,Save shrunk current classpath snapshot,1.25,5.0,1,5,2,5,ms
:model:podcast-checkout:compileDebugKotlin,Clear output,2.0,,2,,2,,ms
:model:podcast-checkout:compileDebugKotlin,Store build info,1.0,,1,,1,,ms
:model:post-checkout:compileDebugKotlin,Sources compilation round,850.78,855.64,796,807,1180,1275,ms
:model:post-checkout:compileDebugKotlin,Incremental compilation in daemon,949.06,952.36,908,895,1263,1353,ms
:model:post-checkout:compileDebugKotlin,Task action before worker execution,14.46,12.8,13,11,18,20,ms
:model:post-checkout:compileDebugKotlin,Start gradle worker,2.12,2.14,2,1,5,6,ms
:model:post-checkout:compileDebugKotlin,Compiler initialization time,54.84,42.04,42,40,74,63,ms
:model:post-checkout:compileDebugKotlin,Calculate output size,1.46,1.49,1,1,3,4,ms
:model:post-checkout:compileDebugKotlin,Compiler IR lowering,76.18,72.68,60,60,104,104,ms
:model:post-checkout:compileDebugKotlin,Compiler translation to IR,218.42,267.12,216,219,281,338,ms
:model:post-checkout:compileDebugKotlin,Compiler backend,58.84,54.8,46,44,91,82,ms
:model:post-checkout:compileDebugKotlin,Compiler code analysis,315.08,303.16,276,278,442,387,ms
:model:post-checkout:compileDebugKotlin,Run compilation in Gradle worker,1026.02,987.66,991,940,1402,1389,ms
:model:post-checkout:compileDebugKotlin,Load current classpath snapshot,6.52,3.78,3,3,9,6,ms
:model:post-checkout:compileDebugKotlin,Update caches,1.74,1.66,1,1,4,4,ms
:model:post-checkout:compileDebugKotlin,Total Gradle task time,1137.82,1094.58,1089,1042,1491,1542,ms
:model:post-checkout:compileDebugKotlin,Shrink and save current classpath snapshot after compilation,35.58,32.42,29,26,52,55,ms
:model:post-checkout:compileDebugKotlin,Compiler code generation,135.6,127.98,113,111,186,194,ms
:model:post-checkout:compileDebugKotlin,Remove duplicate classes,6.1,3.26,3,3,8,6,ms
:model:post-checkout:compileDebugKotlin,Run compilation,1018.42,983.42,975,934,1400,1382,ms
:model:post-checkout:compileDebugKotlin,Shrink current classpath snapshot non-incrementally,27.36,26.68,22,21,42,47,ms
:model:post-checkout:compileDebugKotlin,Spent time before task action,31.2,35.06,33,29,44,49,ms
:model:post-checkout:compileDebugKotlin,Analysis lines per second,1447,1500,1512,1500,1847,1873,
:model:post-checkout:compileDebugKotlin,Total size of the cache directory,545.8,545.8,546,546,546,546,KB
:model:post-checkout:compileDebugKotlin,Number of cache hits when loading classpath entry snapshots,111,111,111,111,111,111,
:model:post-checkout:compileDebugKotlin,Number of lines analyzed,418,418,418,418,418,418,
:model:post-checkout:compileDebugKotlin,Size of shrunk classpath snapshot,46.4,46.4,46,46,46,46,KB
:model:post-checkout:compileDebugKotlin,Number of cache misses when loading classpath entry snapshots,1,1,1,1,1,1,
:model:post-checkout:compileDebugKotlin,Total compiler iteration,1,1,1,1,1,1,
:model:post-checkout:compileDebugKotlin,Number of times classpath snapshot is shrunk and saved after compilation,1,1,1,1,1,1,
:model:post-checkout:compileDebugKotlin,Number of times classpath snapshot is loaded,1,1,1,1,1,1,
:model:post-checkout:compileDebugKotlin,Code generation lines per second,3545,3778,3705,3760,4872,5228,
:model:post-checkout:compileDebugKotlin,ABI snapshot size,18.0,18.0,18,18,18,18,B
:model:post-checkout:compileDebugKotlin,Size of classpath snapshot,6.0,6.0,6,6,6,6,MB
:model:post-checkout:compileDebugKotlin,Number of classpath entries,112,112,112,112,112,112,
:model:post-checkout:compileDebugKotlin,Clear outputs on rebuild,2.0,,2,,3,,ms
:model:post-checkout:compileDebugKotlin,Save shrunk current classpath snapshot,1.0,3.75,1,3,1,9,ms
:model:post-checkout:compileDebugKotlin,Store build info,3.5,,4,,4,,ms
:model:profile-checkout:compileDebugKotlin,Sources compilation round,846.18,814.88,854,775,1051,1106,ms
:model:profile-checkout:compileDebugKotlin,Incremental compilation in daemon,961.6,909.18,934,850,1255,1199,ms
:model:profile-checkout:compileDebugKotlin,Task action before worker execution,15.38,11.56,11,10,24,20,ms
:model:profile-checkout:compileDebugKotlin,Start gradle worker,1.83,1.56,1,1,3,3,ms
:model:profile-checkout:compileDebugKotlin,Compiler initialization time,49.78,47.42,48,46,71,71,ms
:model:profile-checkout:compileDebugKotlin,Calculate output size,1.73,1.4,1,1,4,3,ms
:model:profile-checkout:compileDebugKotlin,Compiler IR lowering,70.12,64.36,61,58,101,98,ms
:model:profile-checkout:compileDebugKotlin,Compiler translation to IR,237.24,234.8,220,224,337,305,ms
:model:profile-checkout:compileDebugKotlin,Compiler backend,64.78,47.44,44,44,77,71,ms
:model:profile-checkout:compileDebugKotlin,Compiler code analysis,297.68,289.98,287,278,378,381,ms
:model:profile-checkout:compileDebugKotlin,Run compilation in Gradle worker,996.72,953.22,963,909,1279,1301,ms
:model:profile-checkout:compileDebugKotlin,Load current classpath snapshot,5.12,4.22,4,4,9,7,ms
:model:profile-checkout:compileDebugKotlin,Update caches,1.86,1.58,1,1,4,3,ms
:model:profile-checkout:compileDebugKotlin,Total Gradle task time,1118.46,1063.92,1081,1015,1390,1444,ms
:model:profile-checkout:compileDebugKotlin,Shrink and save current classpath snapshot after compilation,51.36,33.56,33,29,62,50,ms
:model:profile-checkout:compileDebugKotlin,Compiler code generation,135.38,112.42,111,103,185,158,ms
:model:profile-checkout:compileDebugKotlin,Remove duplicate classes,4.62,3.88,4,3,7,7,ms
:model:profile-checkout:compileDebugKotlin,Run compilation,989.36,948.56,956,907,1277,1294,ms
:model:profile-checkout:compileDebugKotlin,Shrink current classpath snapshot non-incrementally,43.82,27.1,24,24,50,39,ms
:model:profile-checkout:compileDebugKotlin,Spent time before task action,35.46,37.4,34,29,51,50,ms
:model:profile-checkout:compileDebugKotlin,Analysis lines per second,1484,1502,1456,1504,1858,1763,
:model:profile-checkout:compileDebugKotlin,Total size of the cache directory,562.9,562.9,563,563,563,563,KB
:model:profile-checkout:compileDebugKotlin,Number of cache hits when loading classpath entry snapshots,148,148,148,148,148,148,
:model:profile-checkout:compileDebugKotlin,Number of lines analyzed,418,418,418,418,418,418,
:model:profile-checkout:compileDebugKotlin,Size of shrunk classpath snapshot,46.4,46.4,46,46,46,46,KB
:model:profile-checkout:compileDebugKotlin,Number of cache misses when loading classpath entry snapshots,1,1,1,1,1,1,
:model:profile-checkout:compileDebugKotlin,Total compiler iteration,1,1,1,1,1,1,
:model:profile-checkout:compileDebugKotlin,Number of times classpath snapshot is shrunk and saved after compilation,1,1,1,1,1,1,
:model:profile-checkout:compileDebugKotlin,Number of times classpath snapshot is loaded,1,1,1,1,1,1,
:model:profile-checkout:compileDebugKotlin,Code generation lines per second,3628,3980,3737,4061,4938,5087,
:model:profile-checkout:compileDebugKotlin,ABI snapshot size,18.0,18.0,18,18,18,18,B
:model:profile-checkout:compileDebugKotlin,Size of classpath snapshot,7.3,7.3,7,7,7,7,MB
:model:profile-checkout:compileDebugKotlin,Number of classpath entries,149,149,149,149,149,149,
:model:profile-checkout:compileDebugKotlin,Save shrunk current classpath snapshot,2.57,1.13,2,1,5,2,ms
:model:push-cart:compileDebugKotlin,Sources compilation round,897.12,772.08,815,760,1174,946,ms
:model:push-cart:compileDebugKotlin,Incremental compilation in daemon,1005.16,863.34,891,831,1568,1010,ms
:model:push-cart:compileDebugKotlin,Task action before worker execution,12.6,11.56,10,10,22,20,ms
:model:push-cart:compileDebugKotlin,Start gradle worker,1.4,1.82,1,1,3,4,ms
:model:push-cart:compileDebugKotlin,Compiler initialization time,37.1,44.34,35,38,67,60,ms
:model:push-cart:compileDebugKotlin,Calculate output size,1.53,1.59,1,1,3,4,ms
:model:push-cart:compileDebugKotlin,Compiler IR lowering,72.52,60.74,65,57,107,89,ms
:model:push-cart:compileDebugKotlin,Compiler translation to IR,285.16,217.9,225,201,508,274,ms
:model:push-cart:compileDebugKotlin,Compiler backend,51.76,42.54,48,41,79,54,ms
:model:push-cart:compileDebugKotlin,Compiler code analysis,319.94,286.7,289,285,430,369,ms
:model:push-cart:compileDebugKotlin,Run compilation in Gradle worker,1033.02,908.02,918,897,1597,1159,ms
:model:push-cart:compileDebugKotlin,Load current classpath snapshot,4.72,3.78,4,3,9,7,ms
:model:push-cart:compileDebugKotlin,Update caches,1.98,1.78,1,1,4,4,ms
:model:push-cart:compileDebugKotlin,Total Gradle task time,1146.06,1006.76,1029,986,1744,1272,ms
:model:push-cart:compileDebugKotlin,Shrink and save current classpath snapshot after compilation,33.12,28.38,31,25,51,49,ms
:model:push-cart:compileDebugKotlin,Compiler code generation,124.7,103.72,118,100,185,141,ms
:model:push-cart:compileDebugKotlin,Remove duplicate classes,4.14,3.32,3,3,9,6,ms
:model:push-cart:compileDebugKotlin,Run compilation,1027.62,903.6,910,880,1595,1156,ms
:model:push-cart:compileDebugKotlin,Shrink current classpath snapshot non-incrementally,26.5,22.92,24,19,44,42,ms
:model:push-cart:compileDebugKotlin,Spent time before task action,31.88,28.26,32,24,51,44,ms
:model:push-cart:compileDebugKotlin,Analysis lines per second,1403,1539,1446,1464,1805,1853,
:model:push-cart:compileDebugKotlin,Total size of the cache directory,544.2,544.2,544,544,544,544,KB
:model:push-cart:compileDebugKotlin,Number of cache hits when loading classpath entry snapshots,106,106,106,106,106,106,
:model:push-cart:compileDebugKotlin,Number of lines analyzed,418,418,418,418,418,418,
:model:push-cart:compileDebugKotlin,Size of shrunk classpath snapshot,46.4,46.4,46,46,46,46,KB
:model:push-cart:compileDebugKotlin,Number of cache misses when loading classpath entry snapshots,1,1,1,1,1,1,
:model:push-cart:compileDebugKotlin,Total compiler iteration,1,1,1,1,1,1,
:model:push-cart:compileDebugKotlin,Number of times classpath snapshot is shrunk and saved after compilation,1,1,1,1,1,1,
:model:push-cart:compileDebugKotlin,Number of times classpath snapshot is loaded,1,1,1,1,1,1,
:model:push-cart:compileDebugKotlin,Code generation lines per second,3581,4319,3540,4157,4824,5717,
:model:push-cart:compileDebugKotlin,ABI snapshot size,18.0,18.0,18,18,18,18,B
:model:push-cart:compileDebugKotlin,Size of classpath snapshot,5.9,5.9,6,6,6,6,MB
:model:push-cart:compileDebugKotlin,Number of classpath entries,107,107,107,107,107,107,
:model:push-cart:compileDebugKotlin,Save shrunk current classpath snapshot,2.33,1.0,3,1,3,1,ms
:model:push-cart:compileDebugKotlin,Store build info,1.0,,1,,1,,ms
:model:report-checkout:compileDebugKotlin,Sources compilation round,912.46,819.2,837,780,1249,1085,ms
:model:report-checkout:compileDebugKotlin,Incremental compilation in daemon,1021.34,908.42,958,867,1482,1190,ms
:model:report-checkout:compileDebugKotlin,Task action before worker execution,14.16,10.16,15,9,20,17,ms
:model:report-checkout:compileDebugKotlin,Start gradle worker,2.3,1.78,1,1,6,4,ms
:model:report-checkout:compileDebugKotlin,Compiler initialization time,47.16,40.64,42,39,64,64,ms
:model:report-checkout:compileDebugKotlin,Calculate output size,1.72,1.63,1,1,4,3,ms
:model:report-checkout:compileDebugKotlin,Compiler IR lowering,63.3,64.54,56,60,98,88,ms
:model:report-checkout:compileDebugKotlin,Compiler translation to IR,252.58,245.58,238,215,341,317,ms
:model:report-checkout:compileDebugKotlin,Compiler backend,49.82,47.8,43,44,74,70,ms
:model:report-checkout:compileDebugKotlin,Compiler code analysis,361.74,302.92,313,279,495,410,ms
:model:report-checkout:compileDebugKotlin,Run compilation in Gradle worker,1055.72,941.74,1010,904,1518,1213,ms
:model:report-checkout:compileDebugKotlin,Load current classpath snapshot,4.76,4.46,4,4,9,9,ms
:model:report-checkout:compileDebugKotlin,Update caches,1.82,1.65,1,1,4,4,ms
:model:report-checkout:compileDebugKotlin,Total Gradle task time,1185.8,1045.82,1109,1007,1795,1338,ms
:model:report-checkout:compileDebugKotlin,Shrink and save current classpath snapshot after compilation,33.94,30.36,31,29,55,45,ms
:model:report-checkout:compileDebugKotlin,Compiler code generation,113.68,112.78,100,105,167,163,ms
:model:report-checkout:compileDebugKotlin,Remove duplicate classes,4.4,4.06,3,3,9,7,ms
:model:report-checkout:compileDebugKotlin,Run compilation,1049.88,938.12,987,901,1512,1211,ms
:model:report-checkout:compileDebugKotlin,Shrink current classpath snapshot non-incrementally,27.16,24.0,23,23,45,35,ms
:model:report-checkout:compileDebugKotlin,Spent time before task action,35.94,31.78,37,29,49,47,ms
:model:report-checkout:compileDebugKotlin,Analysis lines per second,1275,1522,1334,1496,1591,1901,
:model:report-checkout:compileDebugKotlin,Total size of the cache directory,562.5,562.5,563,563,563,563,KB
:model:report-checkout:compileDebugKotlin,Number of cache hits when loading classpath entry snapshots,135,135,135,135,135,135,
:model:report-checkout:compileDebugKotlin,Number of lines analyzed,418,418,418,418,418,418,
:model:report-checkout:compileDebugKotlin,Size of shrunk classpath snapshot,46.4,46.4,46,46,46,46,KB
:model:report-checkout:compileDebugKotlin,Number of cache misses when loading classpath entry snapshots,1,1,1,1,1,1,
:model:report-checkout:compileDebugKotlin,Total compiler iteration,1,1,1,1,1,1,
:model:report-checkout:compileDebugKotlin,Number of times classpath snapshot is shrunk and saved after compilation,1,1,1,1,1,1,
:model:report-checkout:compileDebugKotlin,Number of times classpath snapshot is loaded,1,1,1,1,1,1,
:model:report-checkout:compileDebugKotlin,Code generation lines per second,3917,4058,4162,3987,5018,5232,
:model:report-checkout:compileDebugKotlin,ABI snapshot size,18.0,18.0,18,18,18,18,B
:model:report-checkout:compileDebugKotlin,Size of classpath snapshot,6.8,6.8,7,7,7,7,MB
:model:report-checkout:compileDebugKotlin,Number of classpath entries,136,136,136,136,136,136,
:model:report-checkout:compileDebugKotlin,Store build info,5.0,1.0,5,1,5,1,ms
:model:report-checkout:compileDebugKotlin,Save shrunk current classpath snapshot,2.67,,3,,3,,ms
:model:report-checkout:compileDebugKotlin,Clear outputs on rebuild,2.0,1.0,2,1,2,1,ms
:model:report-checkout:compileDebugKotlin,Clear output,2.0,1.0,2,1,2,1,ms
:model:search-checkout:compileDebugKotlin,Sources compilation round,884.72,828.32,813,804,1098,1059,ms
:model:search-checkout:compileDebugKotlin,Incremental compilation in daemon,980.52,921.46,972,895,1235,1189,ms
:model:search-checkout:compileDebugKotlin,Task action before worker execution,12.94,12.98,12,11,22,21,ms
:model:search-checkout:compileDebugKotlin,Start gradle worker,2.07,2.27,1,1,5,5,ms
:model:search-checkout:compileDebugKotlin,Compiler initialization time,60.0,42.88,45,41,96,73,ms
:model:search-checkout:compileDebugKotlin,Calculate output size,1.7,1.77,1,1,4,4,ms
:model:search-checkout:compileDebugKotlin,Compiler IR lowering,69.84,68.74,62,64,104,103,ms
:model:search-checkout:compileDebugKotlin,Compiler translation to IR,250.18,226.32,230,225,303,297,ms
:model:search-checkout:compileDebugKotlin,Compiler backend,52.84,54.8,41,45,85,80,ms
:model:search-checkout:compileDebugKotlin,Compiler code analysis,323.7,309.3,288,300,412,406,ms
:model:search-checkout:compileDebugKotlin,Run compilation in Gradle worker,1021.34,946.92,1004,929,1288,1212,ms
:model:search-checkout:compileDebugKotlin,Load current classpath snapshot,7.08,4.9,4,4,10,9,ms
:model:search-checkout:compileDebugKotlin,Update caches,1.86,1.66,1,1,4,4,ms
:model:search-checkout:compileDebugKotlin,Total Gradle task time,1145.52,1069.64,1118,1023,1428,1404,ms
:model:search-checkout:compileDebugKotlin,Shrink and save current classpath snapshot after compilation,35.54,36.54,28,31,57,59,ms
:model:search-checkout:compileDebugKotlin,Compiler code generation,123.22,124.08,105,114,191,184,ms
:model:search-checkout:compileDebugKotlin,Remove duplicate classes,6.56,4.26,3,4,9,6,ms
:model:search-checkout:compileDebugKotlin,Run compilation,1015.0,941.76,1001,923,1282,1209,ms
:model:search-checkout:compileDebugKotlin,Shrink current classpath snapshot non-incrementally,26.46,29.66,23,24,43,50,ms
:model:search-checkout:compileDebugKotlin,Spent time before task action,42.06,34.76,35,34,60,55,ms
:model:search-checkout:compileDebugKotlin,Analysis lines per second,1379,1443,1448,1391,1738,1841,
:model:search-checkout:compileDebugKotlin,Total size of the cache directory,562.5,562.5,563,563,563,563,KB
:model:search-checkout:compileDebugKotlin,Number of cache hits when loading classpath entry snapshots,133,133,133,133,133,133,
:model:search-checkout:compileDebugKotlin,Number of lines analyzed,418,418,418,418,418,418,
:model:search-checkout:compileDebugKotlin,Size of shrunk classpath snapshot,46.4,46.4,46,46,46,46,KB
:model:search-checkout:compileDebugKotlin,Number of cache misses when loading classpath entry snapshots,1,1,1,1,1,1,
:model:search-checkout:compileDebugKotlin,Total compiler iteration,1,1,1,1,1,1,
:model:search-checkout:compileDebugKotlin,Number of times classpath snapshot is shrunk and saved after compilation,1,1,1,1,1,1,
:model:search-checkout:compileDebugKotlin,Number of times classpath snapshot is loaded,1,1,1,1,1,1,
:model:search-checkout:compileDebugKotlin,Code generation lines per second,3752,3705,3987,3664,4998,5053,
:model:search-checkout:compileDebugKotlin,ABI snapshot size,18.0,18.0,18,18,18,18,B
:model:search-checkout:compileDebugKotlin,Size of classpath snapshot,6.8,6.8,7,7,7,7,MB
:model:search-checkout:compileDebugKotlin,Number of classpath entries,134,134,134,134,134,134,
:model:search-checkout:compileDebugKotlin,Save shrunk current classpath snapshot,2.0,1.4,2,1,3,2,ms
:model:search-checkout:compileDebugKotlin,Clear outputs on rebuild,1.0,,1,,1,,ms
:model:session-checkout:compileDebugKotlin,Sources compilation round,878.3,874.82,839,847,1085,1131,ms
:model:session-checkout:compileDebugKotlin,Incremental compilation in daemon,977.2,971.84,939,961,1269,1224,ms
:model:session-checkout:compileDebugKotlin,Task action before worker execution,12.92,12.18,11,11,20,21,ms
:model:session-checkout:compileDebugKotlin,Start gradle worker,1.71,2.08,1,1,3,5,ms
:model:session-checkout:compileDebugKotlin,Compiler initialization time,54.22,49.34,40,40,81,68,ms
:model:session-checkout:compileDebugKotlin,Calculate output size,1.76,1.6,1,1,4,4,ms
:model:session-checkout:compileDebugKotlin,Compiler IR lowering,75.72,71.66,71,68,108,106,ms
:model:session-checkout:compileDebugKotlin,Compiler translation to IR,244.88,250.82,232,237,289,318,ms
:model:session-checkout:compileDebugKotlin,Compiler backend,56.28,52.74,50,46,77,90,ms
:model:session-checkout:compileDebugKotlin,Compiler code analysis,321.76,316.14,288,308,443,441,ms
:model:session-checkout:compileDebugKotlin,Run compilation in Gradle worker,1005.04,1002.54,965,1017,1299,1260,ms
:model:session-checkout:compileDebugKotlin,Load current classpath snapshot,4.42,4.74,3,4,9,9,ms
:model:session-checkout:compileDebugKotlin,Update caches,1.7,1.82,1,1,3,4,ms
:model:session-checkout:compileDebugKotlin,Total Gradle task time,1125.46,1110.1,1064,1124,1410,1397,ms
:model:session-checkout:compileDebugKotlin,Shrink and save current classpath snapshot after compilation,33.3,33.1,28,26,56,56,ms
:model:session-checkout:compileDebugKotlin,Compiler code generation,132.44,124.88,125,112,184,187,ms
:model:session-checkout:compileDebugKotlin,Remove duplicate classes,3.98,4.08,3,3,9,7,ms
:model:session-checkout:compileDebugKotlin,Run compilation,998.32,996.36,956,1003,1296,1255,ms
:model:session-checkout:compileDebugKotlin,Shrink current classpath snapshot non-incrementally,26.82,26.62,22,21,46,47,ms
:model:session-checkout:compileDebugKotlin,Spent time before task action,35.28,32.46,34,31,55,45,ms
:model:session-checkout:compileDebugKotlin,Analysis lines per second,1389,1409,1448,1356,1772,1879,
:model:session-checkout:compileDebugKotlin,Total size of the cache directory,562.9,562.9,563,563,563,563,KB
:model:session-checkout:compileDebugKotlin,Number of cache hits when loading classpath entry snapshots,112,112,112,112,112,112,
:model:session-checkout:compileDebugKotlin,Number of lines analyzed,418,418,418,418,418,418,
:model:session-checkout:compileDebugKotlin,Size of shrunk classpath snapshot,46.4,46.4,46,46,46,46,KB
:model:session-checkout:compileDebugKotlin,Number of cache misses when loading classpath entry snapshots,1,1,1,1,1,1,
:model:session-checkout:compileDebugKotlin,Total compiler iteration,1,1,1,1,1,1,
:model:session-checkout:compileDebugKotlin,Number of times classpath snapshot is shrunk and saved after compilation,1,1,1,1,1,1,
:model:session-checkout:compileDebugKotlin,Number of times classpath snapshot is loaded,1,1,1,1,1,1,
:model:session-checkout:compileDebugKotlin,Code generation lines per second,3333,3681,3343,3714,4470,5075,
:model:session-checkout:compileDebugKotlin,ABI snapshot size,18.0,18.0,18,18,18,18,B
:model:session-checkout:compileDebugKotlin,Size of classpath snapshot,6.1,6.1,6,6,6,6,MB
:model:session-checkout:compileDebugKotlin,Number of classpath entries,113,113,113,113,113,113,
:model:session-checkout:compileDebugKotlin,Save shrunk current classpath snapshot,3.0,2.67,2,3,8,3,ms
:model:session-checkout:compileDebugKotlin,Clear output,1.5,1.57,2,1,2,3,ms
:model:setting-checkout:compileDebugKotlin,Sources compilation round,835.38,845.3,804,757,1060,1124,ms
:model:setting-checkout:compileDebugKotlin,Incremental compilation in daemon,935.94,947.2,897,851,1162,1284,ms
:model:setting-checkout:compileDebugKotlin,Task action before worker execution,18.6,12.72,10,11,25,21,ms
:model:setting-checkout:compileDebugKotlin,Start gradle worker,1.98,2.14,1,2,5,5,ms
:model:setting-checkout:compileDebugKotlin,Compiler initialization time,41.24,40.92,38,41,64,58,ms
:model:setting-checkout:compileDebugKotlin,Calculate output size,1.54,1.6,1,1,4,4,ms
:model:setting-checkout:compileDebugKotlin,Compiler IR lowering,61.1,71.74,58,60,89,110,ms
:model:setting-checkout:compileDebugKotlin,Compiler translation to IR,237.06,240.56,226,222,307,333,ms
:model:setting-checkout:compileDebugKotlin,Compiler backend,51.66,58.06,49,57,78,91,ms
:model:setting-checkout:compileDebugKotlin,Compiler code analysis,313.96,300.02,293,294,432,383,ms
:model:setting-checkout:compileDebugKotlin,Run compilation in Gradle worker,982.22,992.86,933,900,1199,1353,ms
:model:setting-checkout:compileDebugKotlin,Load current classpath snapshot,4.42,6.02,4,5,8,12,ms
:model:setting-checkout:compileDebugKotlin,Update caches,1.52,1.54,1,1,2,4,ms
:model:setting-checkout:compileDebugKotlin,Total Gradle task time,1098.6,1102.68,1052,1062,1321,1451,ms
:model:setting-checkout:compileDebugKotlin,Shrink and save current classpath snapshot after compilation,32.68,40.02,29,32,51,77,ms
:model:setting-checkout:compileDebugKotlin,Compiler code generation,113.3,130.28,108,123,142,184,ms
:model:setting-checkout:compileDebugKotlin,Remove duplicate classes,3.94,5.0,3,4,7,9,ms
:model:setting-checkout:compileDebugKotlin,Run compilation,975.12,989.14,928,897,1194,1351,ms
:model:setting-checkout:compileDebugKotlin,Shrink current classpath snapshot non-incrementally,26.52,32.32,23,25,42,65,ms
:model:setting-checkout:compileDebugKotlin,Spent time before task action,31.3,34.86,28,32,54,52,ms
:model:setting-checkout:compileDebugKotlin,Analysis lines per second,1388,1459,1424,1422,1695,1887,
:model:setting-checkout:compileDebugKotlin,Total size of the cache directory,562.9,562.9,563,563,563,563,KB
:model:setting-checkout:compileDebugKotlin,Number of cache hits when loading classpath entry snapshots,121,121,121,121,121,121,
:model:setting-checkout:compileDebugKotlin,Number of lines analyzed,418,418,418,418,418,418,
:model:setting-checkout:compileDebugKotlin,Size of shrunk classpath snapshot,46.4,46.4,46,46,46,46,KB
:model:setting-checkout:compileDebugKotlin,Number of cache misses when loading classpath entry snapshots,1,1,1,1,1,1,
:model:setting-checkout:compileDebugKotlin,Total compiler iteration,1,1,1,1,1,1,
:model:setting-checkout:compileDebugKotlin,Number of times classpath snapshot is shrunk and saved after compilation,1,1,1,1,1,1,
:model:setting-checkout:compileDebugKotlin,Number of times classpath snapshot is loaded,1,1,1,1,1,1,
:model:setting-checkout:compileDebugKotlin,Code generation lines per second,3813,3660,3875,3373,4732,5626,
:model:setting-checkout:compileDebugKotlin,ABI snapshot size,18.0,18.0,18,18,18,18,B
:model:setting-checkout:compileDebugKotlin,Size of classpath snapshot,6.4,6.4,6,6,6,6,MB
:model:setting-checkout:compileDebugKotlin,Number of classpath entries,122,122,122,122,122,122,
:model:setting-checkout:compileDebugKotlin,Save shrunk current classpath snapshot,2.0,3.5,2,4,3,4,ms
:model:setting-checkout:compileDebugKotlin,Clear output,2.0,,2,,2,,ms
:model:setting-checkout:compileDebugKotlin,Clear outputs on rebuild,2.0,,2,,2,,ms
:model:share-checkout:compileDebugKotlin,Sources compilation round,788.1,814.82,787,794,965,1168,ms
:model:share-checkout:compileDebugKotlin,Incremental compilation in daemon,877.84,906.54,882,879,1075,1284,ms
:model:share-checkout:compileDebugKotlin,Task action before worker execution,12.38,12.2,11,10,19,22,ms
:model:share-checkout:compileDebugKotlin,Start gradle worker,2.02,1.95,1,1,4,5,ms
:model:share-checkout:compileDebugKotlin,Compiler initialization time,41.44,42.78,39,37,62,67,ms
:model:share-checkout:compileDebugKotlin,Calculate output size,1.54,1.28,1,1,4,2,ms
:model:share-checkout:compileDebugKotlin,Compiler IR lowering,70.72,63.0,57,56,117,100,ms
:model:share-checkout:compileDebugKotlin,Compiler translation to IR,219.56,240.42,214,212,301,360,ms
:model:share-checkout:compileDebugKotlin,Compiler backend,50.18,47.42,46,46,75,65,ms
:model:share-checkout:compileDebugKotlin,Compiler code analysis,293.04,296.94,283,291,346,421,ms
:model:share-checkout:compileDebugKotlin,Run compilation in Gradle worker,909.84,933.46,908,909,1122,1313,ms
:model:share-checkout:compileDebugKotlin,Load current classpath snapshot,4.06,4.4,3,3,8,7,ms
:model:share-checkout:compileDebugKotlin,Update caches,1.42,1.34,1,1,3,2,ms
:model:share-checkout:compileDebugKotlin,Total Gradle task time,1019.72,1052.58,1016,1014,1289,1457,ms
:model:share-checkout:compileDebugKotlin,Shrink and save current classpath snapshot after compilation,33.24,30.92,28,27,55,52,ms
:model:share-checkout:compileDebugKotlin,Compiler code generation,121.38,110.9,103,102,180,159,ms
:model:share-checkout:compileDebugKotlin,Remove duplicate classes,3.86,4.02,3,3,8,7,ms
:model:share-checkout:compileDebugKotlin,Run compilation,904.82,929.48,905,906,1118,1310,ms
:model:share-checkout:compileDebugKotlin,Shrink current classpath snapshot non-incrementally,27.04,24.8,23,21,45,44,ms
:model:share-checkout:compileDebugKotlin,Spent time before task action,34.5,39.28,31,34,54,70,ms
:model:share-checkout:compileDebugKotlin,Analysis lines per second,1485,1504,1477,1433,1830,2199,
:model:share-checkout:compileDebugKotlin,Total size of the cache directory,546.1,546.1,546,546,546,546,KB
:model:share-checkout:compileDebugKotlin,Number of cache hits when loading classpath entry snapshots,140,140,140,140,140,140,
:model:share-checkout:compileDebugKotlin,Number of lines analyzed,418,418,418,418,418,418,
:model:share-checkout:compileDebugKotlin,Size of shrunk classpath snapshot,46.4,46.4,46,46,46,46,KB
:model:share-checkout:compileDebugKotlin,Number of cache misses when loading classpath entry snapshots,1,1,1,1,1,1,
:model:share-checkout:compileDebugKotlin,Total compiler iteration,1,1,1,1,1,1,
:model:share-checkout:compileDebugKotlin,Number of times classpath snapshot is shrunk and saved after compilation,1,1,1,1,1,1,
:model:share-checkout:compileDebugKotlin,Number of times classpath snapshot is loaded,1,1,1,1,1,1,
:model:share-checkout:compileDebugKotlin,Code generation lines per second,3793,3995,4054,4085,5056,5390,
:model:share-checkout:compileDebugKotlin,ABI snapshot size,18.0,18.0,18,18,18,18,B
:model:share-checkout:compileDebugKotlin,Size of classpath snapshot,7.0,7.0,7,7,7,7,MB
:model:share-checkout:compileDebugKotlin,Number of classpath entries,141,141,141,141,141,141,
:model:share-checkout:compileDebugKotlin,Clear output,2.0,,2,,2,,ms
:model:share-checkout:compileDebugKotlin,Store build info,3.0,,3,,3,,ms
:model:share-checkout:compileDebugKotlin,Clear outputs on rebuild,2.0,1.5,2,2,2,2,ms
:model:share-checkout:compileDebugKotlin,Save shrunk current classpath snapshot,2.0,2.0,2,2,3,2,ms
:model:status-checkout:compileDebugKotlin,Sources compilation round,781.88,832.98,764,775,961,1161,ms
:model:status-checkout:compileDebugKotlin,Incremental compilation in daemon,874.38,947.24,867,916,1078,1348,ms
:model:status-checkout:compileDebugKotlin,Task action before worker execution,11.54,12.38,10,11,18,19,ms
:model:status-checkout:compileDebugKotlin,Compiler initialization time,46.46,41.96,36,38,63,73,ms
:model:status-checkout:compileDebugKotlin,Calculate output size,1.72,1.7,1,1,4,3,ms
:model:status-checkout:compileDebugKotlin,Compiler IR lowering,71.02,65.4,63,55,105,112,ms
:model:status-checkout:compileDebugKotlin,Compiler translation to IR,212.16,232.04,211,225,268,296,ms
:model:status-checkout:compileDebugKotlin,Compiler backend,55.3,47.72,46,41,83,75,ms
:model:status-checkout:compileDebugKotlin,Compiler code analysis,280.18,312.0,270,283,361,461,ms
:model:status-checkout:compileDebugKotlin,Run compilation in Gradle worker,905.12,974.3,899,939,1105,1377,ms
:model:status-checkout:compileDebugKotlin,Load current classpath snapshot,4.62,4.2,3,3,8,8,ms
:model:status-checkout:compileDebugKotlin,Update caches,1.42,1.34,1,1,3,2,ms
:model:status-checkout:compileDebugKotlin,Total Gradle task time,1017.44,1087.1,1028,1024,1229,1512,ms
:model:status-checkout:compileDebugKotlin,Shrink and save current classpath snapshot after compilation,33.48,34.74,27,26,59,66,ms
:model:status-checkout:compileDebugKotlin,Compiler code generation,126.68,113.68,122,101,181,175,ms
:model:status-checkout:compileDebugKotlin,Remove duplicate classes,4.06,3.8,3,3,8,7,ms
:model:status-checkout:compileDebugKotlin,Run compilation,896.26,969.78,893,937,1103,1374,ms
:model:status-checkout:compileDebugKotlin,Shrink current classpath snapshot non-incrementally,27.06,28.5,22,21,49,52,ms
:model:status-checkout:compileDebugKotlin,Spent time before task action,33.22,32.42,26,32,50,55,ms
:model:status-checkout:compileDebugKotlin,Analysis lines per second,1552,1481,1543,1478,1943,2070,
:model:status-checkout:compileDebugKotlin,Total size of the cache directory,562.5,562.5,563,563,563,563,KB
:model:status-checkout:compileDebugKotlin,Number of cache hits when loading classpath entry snapshots,123,123,123,123,123,123,
:model:status-checkout:compileDebugKotlin,Number of lines analyzed,418,418,418,418,418,418,
:model:status-checkout:compileDebugKotlin,Size of shrunk classpath snapshot,46.4,46.4,46,46,46,46,KB
:model:status-checkout:compileDebugKotlin,Number of cache misses when loading classpath entry snapshots,1,1,1,1,1,1,
:model:status-checkout:compileDebugKotlin,Total compiler iteration,1,1,1,1,1,1,
:model:status-checkout:compileDebugKotlin,Number of times classpath snapshot is shrunk and saved after compilation,1,1,1,1,1,1,
:model:status-checkout:compileDebugKotlin,Number of times classpath snapshot is loaded,1,1,1,1,1,1,
:model:status-checkout:compileDebugKotlin,Code generation lines per second,3575,4043,3407,4128,5189,5502,
:model:status-checkout:compileDebugKotlin,ABI snapshot size,18.0,18.0,18,18,18,18,B
:model:status-checkout:compileDebugKotlin,Size of classpath snapshot,6.4,6.4,6,6,6,6,MB
:model:status-checkout:compileDebugKotlin,Number of classpath entries,124,124,124,124,124,124,
:model:status-checkout:compileDebugKotlin,Start gradle worker,1.71,2.34,1,2,3,4,ms
:model:status-checkout:compileDebugKotlin,Save shrunk current classpath snapshot,3.0,3.5,3,4,3,4,ms
:model:status-checkout:compileDebugKotlin,Clear outputs on rebuild,1.0,11.0,1,11,1,11,ms
:model:status-checkout:compileDebugKotlin,Clear output,2.0,1.5,2,2,2,2,ms
:model:sync-checkout:compileDebugKotlin,Sources compilation round,850.86,861.06,818,858,1031,1116,ms
:model:sync-checkout:compileDebugKotlin,Incremental compilation in daemon,952.88,973.46,926,978,1184,1232,ms
:model:sync-checkout:compileDebugKotlin,Task action before worker execution,11.68,11.68,10,10,19,19,ms
:model:sync-checkout:compileDebugKotlin,Start gradle worker,1.52,1.82,1,1,3,4,ms
:model:sync-checkout:compileDebugKotlin,Compiler initialization time,41.92,39.98,36,38,64,61,ms
:model:sync-checkout:compileDebugKotlin,Calculate output size,1.71,2.09,1,1,4,4,ms
:model:sync-checkout:compileDebugKotlin,Compiler IR lowering,65.72,84.16,63,68,92,100,ms
:model:sync-checkout:compileDebugKotlin,Compiler translation to IR,244.12,238.68,232,224,340,332,ms
:model:sync-checkout:compileDebugKotlin,Compiler backend,52.4,58.64,46,52,80,86,ms
:model:sync-checkout:compileDebugKotlin,Compiler code analysis,311.74,303.1,306,288,395,407,ms
:model:sync-checkout:compileDebugKotlin,Run compilation in Gradle worker,985.82,1018.28,965,1002,1217,1263,ms
:model:sync-checkout:compileDebugKotlin,Load current classpath snapshot,4.88,5.44,4,4,9,11,ms
:model:sync-checkout:compileDebugKotlin,Update caches,1.52,1.31,1,1,3,2,ms
:model:sync-checkout:compileDebugKotlin,Total Gradle task time,1114.96,1144.32,1103,1127,1349,1404,ms
:model:sync-checkout:compileDebugKotlin,Shrink and save current classpath snapshot after compilation,39.84,36.74,30,33,62,59,ms
:model:sync-checkout:compileDebugKotlin,Compiler code generation,118.64,143.28,108,129,174,190,ms
:model:sync-checkout:compileDebugKotlin,Remove duplicate classes,4.2,4.76,3,3,8,10,ms
:model:sync-checkout:compileDebugKotlin,Run compilation,979.3,1010.0,947,999,1213,1261,ms
:model:sync-checkout:compileDebugKotlin,Shrink current classpath snapshot non-incrementally,32.8,29.38,25,25,49,45,ms
:model:sync-checkout:compileDebugKotlin,Spent time before task action,32.16,35.06,28,32,46,49,ms
:model:sync-checkout:compileDebugKotlin,Analysis lines per second,1385,1454,1362,1452,1720,1823,
:model:sync-checkout:compileDebugKotlin,Total size of the cache directory,545.8,545.8,546,546,546,546,KB
:model:sync-checkout:compileDebugKotlin,Number of cache hits when loading classpath entry snapshots,115,115,115,115,115,115,
:model:sync-checkout:compileDebugKotlin,Number of lines analyzed,418,418,418,418,418,418,
:model:sync-checkout:compileDebugKotlin,Size of shrunk classpath snapshot,46.4,46.4,46,46,46,46,KB
:model:sync-checkout:compileDebugKotlin,Number of cache misses when loading classpath entry snapshots,1,1,1,1,1,1,
:model:sync-checkout:compileDebugKotlin,Total compiler iteration,1,1,1,1,1,1,
:model:sync-checkout:compileDebugKotlin,Number of times classpath snapshot is shrunk and saved after compilation,1,1,1,1,1,1,
:model:sync-checkout:compileDebugKotlin,Number of times classpath snapshot is loaded,1,1,1,1,1,1,
:model:sync-checkout:compileDebugKotlin,Code generation lines per second,3719,3366,3879,3228,4772,4724,
:model:sync-checkout:compileDebugKotlin,ABI snapshot size,18.0,18.0,18,18,18,18,B
:model:sync-checkout:compileDebugKotlin,Size of classpath snapshot,6.2,6.2,6,6,6,6,MB
:model:sync-checkout:compileDebugKotlin,Number of classpath entries,116,116,116,116,116,116,
:model:sync-checkout:compileDebugKotlin,Save shrunk current classpath snapshot,2.0,1.6,2,1,3,3,ms
:model:sync-checkout:compileDebugKotlin,Store build info,8.0,,8,,8,,ms
:model:sync-checkout:compileDebugKotlin,Clear outputs on rebuild,1.0,,1,,1,,ms
:model:sync-checkout:compileDebugKotlin,Clear output,1.0,1.67,1,2,1,2,ms
:model:task-checkout:compileDebugKotlin,Sources compilation round,848.84,861.32,830,829,1047,1123,ms
:model:task-checkout:compileDebugKotlin,Incremental compilation in daemon,945.94,974.16,937,941,1180,1246,ms
:model:task-checkout:compileDebugKotlin,Task action before worker execution,14.12,13.96,13,13,20,24,ms
:model:task-checkout:compileDebugKotlin,Start gradle worker,1.56,2.29,1,2,2,4,ms
:model:task-checkout:compileDebugKotlin,Compiler initialization time,43.68,41.94,42,41,68,57,ms
:model:task-checkout:compileDebugKotlin,Calculate output size,1.67,2.0,1,1,4,5,ms
:model:task-checkout:compileDebugKotlin,Compiler IR lowering,67.78,67.0,62,63,100,104,ms
:model:task-checkout:compileDebugKotlin,Compiler translation to IR,244.42,241.16,233,220,317,355,ms
:model:task-checkout:compileDebugKotlin,Compiler backend,54.9,56.6,43,43,84,92,ms
:model:task-checkout:compileDebugKotlin,Compiler code analysis,308.04,323.16,290,319,380,430,ms
:model:task-checkout:compileDebugKotlin,Run compilation in Gradle worker,979.34,1010.22,989,987,1225,1278,ms
:model:task-checkout:compileDebugKotlin,Load current classpath snapshot,5.16,5.28,4,4,10,9,ms
:model:task-checkout:compileDebugKotlin,Update caches,1.64,1.71,1,1,3,3,ms
:model:task-checkout:compileDebugKotlin,Total Gradle task time,1108.4,1128.74,1082,1111,1324,1474,ms
:model:task-checkout:compileDebugKotlin,Shrink and save current classpath snapshot after compilation,37.9,35.04,31,29,64,59,ms
:model:task-checkout:compileDebugKotlin,Compiler code generation,123.06,124.12,111,111,178,187,ms
:model:task-checkout:compileDebugKotlin,Remove duplicate classes,4.76,4.68,3,4,9,9,ms
:model:task-checkout:compileDebugKotlin,Run compilation,974.12,1005.72,978,981,1222,1274,ms
:model:task-checkout:compileDebugKotlin,Shrink current classpath snapshot non-incrementally,30.4,27.92,25,23,48,49,ms
:model:task-checkout:compileDebugKotlin,Spent time before task action,37.12,36.82,38,34,59,55,ms
:model:task-checkout:compileDebugKotlin,Analysis lines per second,1409,1368,1439,1310,1759,1825,
:model:task-checkout:compileDebugKotlin,Total size of the cache directory,545.8,545.8,546,546,546,546,KB
:model:task-checkout:compileDebugKotlin,Number of cache hits when loading classpath entry snapshots,148,148,148,148,148,148,
:model:task-checkout:compileDebugKotlin,Number of lines analyzed,418,418,418,418,418,418,
:model:task-checkout:compileDebugKotlin,Size of shrunk classpath snapshot,46.4,46.4,46,46,46,46,KB
:model:task-checkout:compileDebugKotlin,Number of cache misses when loading classpath entry snapshots,1,1,1,1,1,1,
:model:task-checkout:compileDebugKotlin,Total compiler iteration,1,1,1,1,1,1,
:model:task-checkout:compileDebugKotlin,Number of times classpath snapshot is shrunk and saved after compilation,1,1,1,1,1,1,
:model:task-checkout:compileDebugKotlin,Number of times classpath snapshot is loaded,1,1,1,1,1,1,
:model:task-checkout:compileDebugKotlin,Code generation lines per second,3664,3852,3756,3755,4834,5497,
:model:task-checkout:compileDebugKotlin,ABI snapshot size,18.0,18.0,18,18,18,18,B
:model:task-checkout:compileDebugKotlin,Size of classpath snapshot,7.3,7.3,7,7,7,7,MB
:model:task-checkout:compileDebugKotlin,Number of classpath entries,149,149,149,149,149,149,
:model:task-checkout:compileDebugKotlin,Save shrunk current classpath snapshot,3.25,3.0,3,3,6,6,ms
:model:task-checkout:compileDebugKotlin,Clear output,1.0,5.5,1,6,1,7,ms
:model:timer-checkout:compileDebugKotlin,Sources compilation round,775.0,820.56,767,817,936,1120,ms
:model:timer-checkout:compileDebugKotlin,Incremental compilation in daemon,862.34,928.62,862,915,1027,1365,ms
:model:timer-checkout:compileDebugKotlin,Task action before worker execution,12.42,13.0,11,14,19,21,ms
:model:timer-checkout:compileDebugKotlin,Start gradle worker,1.93,2.03,1,2,4,4,ms
:model:timer-checkout:compileDebugKotlin,Compiler initialization time,42.24,44.1,39,41,62,71,ms
:model:timer-checkout:compileDebugKotlin,Calculate output size,1.5,1.71,1,1,4,4,ms
:model:timer-checkout:compileDebugKotlin,Compiler IR lowering,62.84,70.26,57,61,87,114,ms
:model:timer-checkout:compileDebugKotlin,Compiler translation to IR,225.58,224.78,222,220,291,306,ms
:model:timer-checkout:compileDebugKotlin,Compiler backend,56.46,49.44,43,39,99,80,ms
:model:timer-checkout:compileDebugKotlin,Compiler code analysis,279.42,309.84,275,292,356,419,ms
:model:timer-checkout:compileDebugKotlin,Run compilation in Gradle worker,889.96,960.3,885,954,1053,1389,ms
:model:timer-checkout:compileDebugKotlin,Load current classpath snapshot,4.54,4.28,4,3,8,7,ms
:model:timer-checkout:compileDebugKotlin,Update caches,1.28,1.56,1,1,2,3,ms
:model:timer-checkout:compileDebugKotlin,Total Gradle task time,996.76,1072.28,1000,1049,1165,1507,ms
:model:timer-checkout:compileDebugKotlin,Shrink and save current classpath snapshot after compilation,32.48,27.88,26,25,49,47,ms
:model:timer-checkout:compileDebugKotlin,Compiler code generation,119.72,120.26,107,105,180,191,ms
:model:timer-checkout:compileDebugKotlin,Remove duplicate classes,4.26,3.6,3,3,8,7,ms
:model:timer-checkout:compileDebugKotlin,Run compilation,884.36,955.94,883,952,1048,1384,ms
:model:timer-checkout:compileDebugKotlin,Shrink current classpath snapshot non-incrementally,26.2,22.04,21,20,41,38,ms
:model:timer-checkout:compileDebugKotlin,Spent time before task action,33.04,33.06,33,35,49,52,ms
:model:timer-checkout:compileDebugKotlin,Analysis lines per second,1539,1472,1517,1433,1863,2075,
:model:timer-checkout:compileDebugKotlin,Total size of the cache directory,546.1,546.1,546,546,546,546,KB
:model:timer-checkout:compileDebugKotlin,Number of cache hits when loading classpath entry snapshots,102,102,102,102,102,102,
:model:timer-checkout:compileDebugKotlin,Number of lines analyzed,418,418,418,418,418,418,
:model:timer-checkout:compileDebugKotlin,Size of shrunk classpath snapshot,46.4,46.4,46,46,46,46,KB
:model:timer-checkout:compileDebugKotlin,Number of cache misses when loading classpath entry snapshots,1,1,1,1,1,1,
:model:timer-checkout:compileDebugKotlin,Total compiler iteration,1,1,1,1,1,1,
:model:timer-checkout:compileDebugKotlin,Number of times classpath snapshot is shrunk and saved after compilation,1,1,1,1,1,1,
:model:timer-checkout:compileDebugKotlin,Number of times classpath snapshot is loaded,1,1,1,1,1,1,
:model:timer-checkout:compileDebugKotlin,Code generation lines per second,3798,3973,3909,3998,4772,5604,
:model:timer-checkout:compileDebugKotlin,ABI snapshot size,18.0,18.0,18,18,18,18,B
:model:timer-checkout:compileDebugKotlin,Size of classpath snapshot,5.8,5.8,6,6,6,6,MB
:model:timer-checkout:compileDebugKotlin,Number of classpath entries,103,103,103,103,103,103,
:model:timer-checkout:compileDebugKotlin,Store build info,2.0,3.0,2,3,2,3,ms
:model:timer-checkout:compileDebugKotlin,Save shrunk current classpath snapshot,1.5,,2,,2,,ms
:model:timer-checkout:compileDebugKotlin,Clear output,3.0,1.5,3,2,3,2,ms
:model:timer-checkout:compileDebugKotlin,Clear outputs on rebuild,1.0,,1,,1,,ms
:model:todo-checkout:compileDebugKotlin,Sources compilation round,827.9,838.08,769,821,1120,1132,ms
:model:todo-checkout:compileDebugKotlin,Incremental compilation in daemon,919.18,936.78,852,908,1231,1249,ms
:model:todo-checkout:compileDebugKotlin,Clear outputs on rebuild,1.0,1.0,1,1,1,1,ms
:model:todo-checkout:compileDebugKotlin,Task action before worker execution,13.12,12.6,13,11,20,20,ms
:model:todo-checkout:compileDebugKotlin,Start gradle worker,1.79,1.88,1,1,4,4,ms
:model:todo-checkout:compileDebugKotlin,Compiler initialization time,42.94,42.72,39,41,71,59,ms
:model:todo-checkout:compileDebugKotlin,Calculate output size,1.35,1.98,1,1,2,4,ms
:model:todo-checkout:compileDebugKotlin,Compiler IR lowering,69.54,66.62,63,61,97,104,ms
:model:todo-checkout:compileDebugKotlin,Compiler translation to IR,250.94,242.76,217,222,322,316,ms
:model:todo-checkout:compileDebugKotlin,Compiler backend,49.14,55.42,43,48,74,88,ms
:model:todo-checkout:compileDebugKotlin,Compiler code analysis,293.82,304.06,275,289,398,425,ms
:model:todo-checkout:compileDebugKotlin,Run compilation in Gradle worker,948.18,964.18,871,930,1265,1272,ms
:model:todo-checkout:compileDebugKotlin,Load current classpath snapshot,4.6,5.0,4,4,8,9,ms
:model:todo-checkout:compileDebugKotlin,Update caches,1.64,1.48,1,1,4,3,ms
:model:todo-checkout:compileDebugKotlin,Total Gradle task time,1065.74,1073.4,994,1031,1415,1365,ms
:model:todo-checkout:compileDebugKotlin,Shrink and save current classpath snapshot after compilation,35.7,34.28,30,28,61,50,ms
:model:todo-checkout:compileDebugKotlin,Compiler code generation,119.26,122.56,105,113,172,178,ms
:model:todo-checkout:compileDebugKotlin,Remove duplicate classes,4.1,4.36,3,3,7,8,ms
:model:todo-checkout:compileDebugKotlin,Run compilation,940.88,959.72,869,927,1257,1266,ms
:model:todo-checkout:compileDebugKotlin,Shrink current classpath snapshot non-incrementally,29.14,27.64,23,23,51,41,ms
:model:todo-checkout:compileDebugKotlin,Spent time before task action,34.14,31.54,33,34,53,45,ms
:model:todo-checkout:compileDebugKotlin,Analysis lines per second,1492,1462,1517,1446,1949,1958,
:model:todo-checkout:compileDebugKotlin,Total size of the cache directory,545.8,545.8,546,546,546,546,KB
:model:todo-checkout:compileDebugKotlin,Number of cache hits when loading classpath entry snapshots,117,117,117,117,117,117,
:model:todo-checkout:compileDebugKotlin,Number of lines analyzed,418,418,418,418,418,418,
:model:todo-checkout:compileDebugKotlin,Size of shrunk classpath snapshot,46.4,46.4,46,46,46,46,KB
:model:todo-checkout:compileDebugKotlin,Number of cache misses when loading classpath entry snapshots,1,1,1,1,1,1,
:model:todo-checkout:compileDebugKotlin,Total compiler iteration,1,1,1,1,1,1,
:model:todo-checkout:compileDebugKotlin,Number of times classpath snapshot is shrunk and saved after compilation,1,1,1,1,1,1,
:model:todo-checkout:compileDebugKotlin,Number of times classpath snapshot is loaded,1,1,1,1,1,1,
:model:todo-checkout:compileDebugKotlin,Code generation lines per second,3727,3785,3957,3703,4744,5247,
:model:todo-checkout:compileDebugKotlin,ABI snapshot size,18.0,18.0,18,18,18,18,B
:model:todo-checkout:compileDebugKotlin,Size of classpath snapshot,6.2,6.2,6,6,6,6,MB
:model:todo-checkout:compileDebugKotlin,Number of classpath entries,118,118,118,118,118,118,
:model:todo-checkout:compileDebugKotlin,Save shrunk current classpath snapshot,4.0,2.0,4,2,7,2,ms
:model:todo-checkout:compileDebugKotlin,Clear output,4.0,,4,,4,,ms
:model:user-checkout:compileDebugKotlin,Sources compilation round,940.3,901.94,847,835,1426,1097,ms
:model:user-checkout:compileDebugKotlin,Incremental compilation in daemon,1034.44,1006.44,928,935,1562,1227,ms
:model:user-checkout:compileDebugKotlin,Task action before worker execution,11.76,13.16,11,11,18,20,ms
:model:user-checkout:compileDebugKotlin,Start gradle worker,1.5,3.64,1,1,3,3,ms
:model:user-checkout:compileDebugKotlin,Compiler initialization time,47.72,45.88,41,43,75,80,ms
:model:user-checkout:compileDebugKotlin,Calculate output size,1.47,1.88,1,1,4,4,ms
:model:user-checkout:compileDebugKotlin,Compiler IR lowering,77.04,93.22,61,56,123,120,ms
:model:user-checkout:compileDebugKotlin,Compiler translation to IR,278.46,248.4,236,230,441,339,ms
:model:user-checkout:compileDebugKotlin,Compiler backend,57.48,61.22,48,55,94,97,ms
:model:user-checkout:compileDebugKotlin,Compiler code analysis,342.54,317.92,300,293,474,450,ms
:model:user-checkout:compileDebugKotlin,Run compilation in Gradle worker,1068.4,1037.66,959,963,1602,1262,ms
:model:user-checkout:compileDebugKotlin,Load current classpath snapshot,4.36,4.16,3,3,8,9,ms
:model:user-checkout:compileDebugKotlin,Update caches,1.6,1.58,1,1,4,2,ms
:model:user-checkout:compileDebugKotlin,Total Gradle task time,1192.16,1155.54,1099,1089,1727,1451,ms
:model:user-checkout:compileDebugKotlin,Shrink and save current classpath snapshot after compilation,33.2,33.16,27,28,56,55,ms
:model:user-checkout:compileDebugKotlin,Compiler code generation,135.14,154.86,115,113,197,206,ms
:model:user-checkout:compileDebugKotlin,Remove duplicate classes,3.72,3.78,3,3,6,8,ms
:model:user-checkout:compileDebugKotlin,Run compilation,1058.0,1030.86,953,960,1598,1255,ms
:model:user-checkout:compileDebugKotlin,Shrink current classpath snapshot non-incrementally,26.4,27.0,22,22,45,46,ms
:model:user-checkout:compileDebugKotlin,Spent time before task action,32.92,33.24,30,33,45,53,ms
:model:user-checkout:compileDebugKotlin,Analysis lines per second,1326,1394,1390,1425,1780,1747,
:model:user-checkout:compileDebugKotlin,Total size of the cache directory,545.8,545.8,546,546,546,546,KB
:model:user-checkout:compileDebugKotlin,Number of cache hits when loading classpath entry snapshots,109,109,109,109,109,109,
:model:user-checkout:compileDebugKotlin,Number of lines analyzed,418,418,418,418,418,418,
:model:user-checkout:compileDebugKotlin,Size of shrunk classpath snapshot,46.4,46.4,46,46,46,46,KB
:model:user-checkout:compileDebugKotlin,Number of cache misses when loading classpath entry snapshots,1,1,1,1,1,1,
:model:user-checkout:compileDebugKotlin,Total compiler iteration,1,1,1,1,1,1,
:model:user-checkout:compileDebugKotlin,Number of times classpath snapshot is shrunk and saved after compilation,1,1,1,1,1,1,
:model:user-checkout:compileDebugKotlin,Number of times classpath snapshot is loaded,1,1,1,1,1,1,
:model:user-checkout:compileDebugKotlin,Code generation lines per second,3458,3436,3634,3695,4690,4689,
:model:user-checkout:compileDebugKotlin,ABI snapshot size,18.0,18.0,18,18,18,18,B
:model:user-checkout:compileDebugKotlin,Size of classpath snapshot,6.0,6.0,6,6,6,6,MB
:model:user-checkout:compileDebugKotlin,Number of classpath entries,110,110,110,110,110,110,
:model:user-checkout:compileDebugKotlin,Clear outputs on rebuild,2.0,,2,,2,,ms
:model:user-checkout:compileDebugKotlin,Save shrunk current classpath snapshot,5.0,2.25,5,3,8,3,ms
:model:user-checkout:compileDebugKotlin,Store build info,1.0,,1,,1,,ms
:model:video-checkout:compileDebugKotlin,Sources compilation round,958.9,885.54,864,814,1526,1216,ms
:model:video-checkout:compileDebugKotlin,Incremental compilation in daemon,1060.32,972.9,968,904,1636,1302,ms
:model:video-checkout:compileDebugKotlin,Task action before worker execution,12.8,11.0,12,10,18,18,ms
:model:video-checkout:compileDebugKotlin,Start gradle worker,1.67,1.46,1,1,4,3,ms
:model:video-checkout:compileDebugKotlin,Compiler initialization time,46.72,42.72,43,41,63,68,ms
:model:video-checkout:compileDebugKotlin,Calculate output size,1.57,1.56,1,1,4,4,ms
:model:video-checkout:compileDebugKotlin,Compiler IR lowering,73.04,62.82,57,54,129,105,ms
:model:video-checkout:compileDebugKotlin,Compiler translation to IR,288.92,247.76,240,215,473,374,ms
:model:video-checkout:compileDebugKotlin,Compiler backend,49.74,68.54,42,40,85,80,ms
:model:video-checkout:compileDebugKotlin,Compiler code analysis,359.62,324.16,331,307,538,464,ms
:model:video-checkout:compileDebugKotlin,Run compilation in Gradle worker,1093.88,1007.96,1004,933,1672,1332,ms
:model:video-checkout:compileDebugKotlin,Load current classpath snapshot,4.42,4.36,3,3,9,7,ms
:model:video-checkout:compileDebugKotlin,Update caches,1.38,1.64,1,1,2,4,ms
:model:video-checkout:compileDebugKotlin,Total Gradle task time,1204.68,1110.96,1114,1012,1826,1446,ms
:model:video-checkout:compileDebugKotlin,Shrink and save current classpath snapshot after compilation,36.34,30.94,28,27,66,54,ms
:model:video-checkout:compileDebugKotlin,Compiler code generation,123.26,131.82,106,96,215,168,ms
:model:video-checkout:compileDebugKotlin,Remove duplicate classes,3.98,3.74,3,3,9,7,ms
:model:video-checkout:compileDebugKotlin,Run compilation,1088.98,1001.02,998,925,1665,1328,ms
:model:video-checkout:compileDebugKotlin,Shrink current classpath snapshot non-incrementally,29.96,24.84,22,21,54,44,ms
:model:video-checkout:compileDebugKotlin,Spent time before task action,30.46,28.38,28,24,44,45,ms
:model:video-checkout:compileDebugKotlin,Analysis lines per second,1284,1387,1261,1359,1824,1783,
:model:video-checkout:compileDebugKotlin,Total size of the cache directory,546.1,546.1,546,546,546,546,KB
:model:video-checkout:compileDebugKotlin,Number of cache hits when loading classpath entry snapshots,139,139,139,139,139,139,
:model:video-checkout:compileDebugKotlin,Number of lines analyzed,418,418,418,418,418,418,
:model:video-checkout:compileDebugKotlin,Size of shrunk classpath snapshot,46.4,46.4,46,46,46,46,KB
:model:video-checkout:compileDebugKotlin,Number of cache misses when loading classpath entry snapshots,1,1,1,1,1,1,
:model:video-checkout:compileDebugKotlin,Total compiler iteration,1,1,1,1,1,1,
:model:video-checkout:compileDebugKotlin,Number of times classpath snapshot is shrunk and saved after compilation,1,1,1,1,1,1,
:model:video-checkout:compileDebugKotlin,Number of times classpath snapshot is loaded,1,1,1,1,1,1,
:model:video-checkout:compileDebugKotlin,Code generation lines per second,3850,4094,3930,4320,5221,5666,
:model:video-checkout:compileDebugKotlin,ABI snapshot size,18.0,18.0,18,18,18,18,B
:model:video-checkout:compileDebugKotlin,Size of classpath snapshot,7.0,7.0,7,7,7,7,MB
:model:video-checkout:compileDebugKotlin,Number of classpath entries,140,140,140,140,140,140,
:model:video-checkout:compileDebugKotlin,Clear output,4.5,4.0,5,4,7,4,ms
:model:video-checkout:compileDebugKotlin,Save shrunk current classpath snapshot,3.0,1.5,3,2,3,2,ms
:model:weather-checkout:compileDebugKotlin,Sources compilation round,925.48,806.2,801,731,1395,1023,ms
:model:weather-checkout:compileDebugKotlin,Incremental compilation in daemon,1028.62,890.48,921,830,1497,1114,ms
:model:weather-checkout:compileDebugKotlin,Task action before worker execution,11.94,10.98,10,9,23,19,ms
:model:weather-checkout:compileDebugKotlin,Start gradle worker,1.49,1.41,1,1,3,2,ms
:model:weather-checkout:compileDebugKotlin,Compiler initialization time,42.66,36.52,38,35,68,53,ms
:model:weather-checkout:compileDebugKotlin,Calculate output size,1.79,1.44,1,1,4,3,ms
:model:weather-checkout:compileDebugKotlin,Compiler IR lowering,69.96,61.22,55,52,130,103,ms
:model:weather-checkout:compileDebugKotlin,Compiler translation to IR,269.22,247.9,235,220,402,305,ms
:model:weather-checkout:compileDebugKotlin,Compiler backend,61.4,54.94,54,41,104,86,ms
:model:weather-checkout:compileDebugKotlin,Compiler code analysis,335.48,287.3,280,262,501,420,ms
:model:weather-checkout:compileDebugKotlin,Run compilation in Gradle worker,1073.82,913.12,956,851,1590,1134,ms
:model:weather-checkout:compileDebugKotlin,Load current classpath snapshot,5.04,4.68,4,3,9,9,ms
:model:weather-checkout:compileDebugKotlin,Update caches,1.58,1.5,1,1,3,3,ms
:model:weather-checkout:compileDebugKotlin,Total Gradle task time,1185.7,1003.94,1100,939,1819,1237,ms
:model:weather-checkout:compileDebugKotlin,Shrink and save current classpath snapshot after compilation,36.84,31.16,30,25,66,60,ms
:model:weather-checkout:compileDebugKotlin,Compiler code generation,131.86,116.72,118,95,223,199,ms
:model:weather-checkout:compileDebugKotlin,Remove duplicate classes,4.28,3.78,3,3,8,9,ms
:model:weather-checkout:compileDebugKotlin,Run compilation,1068.5,909.4,948,848,1588,1131,ms
:model:weather-checkout:compileDebugKotlin,Shrink current classpath snapshot non-incrementally,29.6,24.78,23,20,49,45,ms
:model:weather-checkout:compileDebugKotlin,Spent time before task action,27.86,24.18,27,20,45,41,ms
:model:weather-checkout:compileDebugKotlin,Analysis lines per second,1407,1599,1492,1594,1970,2042,
:model:weather-checkout:compileDebugKotlin,Total size of the cache directory,562.9,562.9,563,563,563,563,KB
:model:weather-checkout:compileDebugKotlin,Number of cache hits when loading classpath entry snapshots,125,125,125,125,125,125,
:model:weather-checkout:compileDebugKotlin,Number of lines analyzed,418,418,418,418,418,418,
:model:weather-checkout:compileDebugKotlin,Size of shrunk classpath snapshot,46.4,46.4,46,46,46,46,KB
:model:weather-checkout:compileDebugKotlin,Number of cache misses when loading classpath entry snapshots,1,1,1,1,1,1,
:model:weather-checkout:compileDebugKotlin,Total compiler iteration,1,1,1,1,1,1,
:model:weather-checkout:compileDebugKotlin,Number of times classpath snapshot is shrunk and saved after compilation,1,1,1,1,1,1,
:model:weather-checkout:compileDebugKotlin,Number of times classpath snapshot is loaded,1,1,1,1,1,1,
:model:weather-checkout:compileDebugKotlin,Code generation lines per second,3682,4066,3528,4380,5321,5657,
:model:weather-checkout:compileDebugKotlin,ABI snapshot size,18.0,18.0,18,18,18,18,B
:model:weather-checkout:compileDebugKotlin,Size of classpath snapshot,6.5,6.5,7,7,7,7,MB
:model:weather-checkout:compileDebugKotlin,Number of classpath entries,126,126,126,126,126,126,
:model:weather-checkout:compileDebugKotlin,Save shrunk current classpath snapshot,2.0,2.5,2,3,3,3,ms
:model:weather-checkout:compileDebugKotlin,Store build info,3.0,14.0,3,14,3,14,ms
:model:weather-checkout:compileDebugKotlin,Clear outputs on rebuild,8.0,2.5,8,3,8,3,ms
:repository:account-identity:compileDebugKotlin,Sources compilation round,887.42,867.36,815,816,1298,1229,ms
:repository:account-identity:compileDebugKotlin,Incremental compilation in daemon,989.76,967.36,908,930,1474,1307,ms
:repository:account-identity:compileDebugKotlin,Task action before worker execution,12.66,11.96,11,10,20,23,ms
:repository:account-identity:compileDebugKotlin,Start gradle worker,1.67,2.13,1,1,3,6,ms
:repository:account-identity:compileDebugKotlin,Compiler initialization time,41.22,41.34,39,38,64,67,ms
:repository:account-identity:compileDebugKotlin,Calculate output size,1.51,1.9,1,1,4,4,ms
:repository:account-identity:compileDebugKotlin,Compiler IR lowering,72.92,69.82,61,62,105,109,ms
:repository:account-identity:compileDebugKotlin,Compiler translation to IR,237.82,252.2,217,226,350,347,ms
:repository:account-identity:compileDebugKotlin,Compiler backend,62.68,56.58,60,53,91,86,ms
:repository:account-identity:compileDebugKotlin,Compiler code analysis,341.02,323.26,292,300,503,422,ms
:repository:account-identity:compileDebugKotlin,Run compilation in Gradle worker,1042.76,994.72,966,956,1534,1366,ms
:repository:account-identity:compileDebugKotlin,Load current classpath snapshot,5.14,4.28,4,3,9,9,ms
:repository:account-identity:compileDebugKotlin,Update caches,1.92,2.26,1,2,4,5,ms
:repository:account-identity:compileDebugKotlin,Total Gradle task time,1165.44,1111.72,1058,1082,1692,1500,ms
:repository:account-identity:compileDebugKotlin,Shrink and save current classpath snapshot after compilation,38.3,35.28,27,29,62,48,ms
:repository:account-identity:compileDebugKotlin,Compiler code generation,136.12,126.96,134,122,193,200,ms
:repository:account-identity:compileDebugKotlin,Remove duplicate classes,4.56,3.7,3,3,8,6,ms
:repository:account-identity:compileDebugKotlin,Run compilation,1035.92,990.24,952,954,1528,1344,ms
:repository:account-identity:compileDebugKotlin,Shrink current classpath snapshot non-incrementally,30.94,29.18,21,24,46,40,ms
:repository:account-identity:compileDebugKotlin,Spent time before task action,36.48,31.92,34,29,55,52,ms
:repository:account-identity:compileDebugKotlin,Analysis lines per second,1348,1429,1430,1394,1803,2048,
:repository:account-identity:compileDebugKotlin,Total size of the cache directory,563.3,563.3,563,563,563,563,KB
:repository:account-identity:compileDebugKotlin,Number of cache hits when loading classpath entry snapshots,112,112,112,112,112,112,
:repository:account-identity:compileDebugKotlin,Number of lines analyzed,418,418,418,418,418,418,
:repository:account-identity:compileDebugKotlin,Size of shrunk classpath snapshot,46.4,46.4,46,46,46,46,KB
:repository:account-identity:compileDebugKotlin,Number of cache misses when loading classpath entry snapshots,1,1,1,1,1,1,
:repository:account-identity:compileDebugKotlin,Total compiler iteration,1,1,1,1,1,1,
:repository:account-identity:compileDebugKotlin,Number of times classpath snapshot is shrunk and saved after compilation,1,1,1,1,1,1,
:repository:account-identity:compileDebugKotlin,Number of times classpath snapshot is loaded,1,1,1,1,1,1,
:repository:account-identity:compileDebugKotlin,Code generation lines per second,3393,3635,3116,3430,4875,5313,
:repository:account-identity:compileDebugKotlin,ABI snapshot size,18.0,18.0,18,18,18,18,B
:repository:account-identity:compileDebugKotlin,Size of classpath snapshot,6.1,6.1,6,6,6,6,MB
:repository:account-identity:compileDebugKotlin,Number of classpath entries,113,113,113,113,113,113,
:repository:account-identity:compileDebugKotlin,Clear output,1.5,,2,,2,,ms
:repository:account-identity:compileDebugKotlin,Save shrunk current classpath snapshot,3.4,2.33,3,3,5,3,ms
:repository:account-identity:compileDebugKotlin,Store build info,3.0,2.0,3,2,3,2,ms
:repository:alarm-identity:compileDebugKotlin,Sources compilation round,881.56,898.74,860,885,1092,1163,ms
:repository:alarm-identity:compileDebugKotlin,Incremental compilation in daemon,1007.12,1022.42,978,1017,1223,1324,ms
:repository:alarm-identity:compileDebugKotlin,Task action before worker execution,13.26,13.64,11,10,23,21,ms
:repository:alarm-identity:compileDebugKotlin,Start gradle worker,2.02,1.87,1,1,5,3,ms
:repository:alarm-identity:compileDebugKotlin,Compiler initialization time,57.58,53.2,52,51,86,85,ms
:repository:alarm-identity:compileDebugKotlin,Calculate output size,2.02,2.35,1,1,4,5,ms
:repository:alarm-identity:compileDebugKotlin,Compiler IR lowering,80.34,76.54,75,73,115,113,ms
:repository:alarm-identity:compileDebugKotlin,Compiler translation to IR,235.1,242.4,228,232,310,344,ms
:repository:alarm-identity:compileDebugKotlin,Compiler backend,60.98,67.56,57,60,92,95,ms
:repository:alarm-identity:compileDebugKotlin,Compiler code analysis,322.08,322.78,312,309,422,448,ms
:repository:alarm-identity:compileDebugKotlin,Run compilation in Gradle worker,1041.46,1063.56,1005,1056,1264,1360,ms
:repository:alarm-identity:compileDebugKotlin,Load current classpath snapshot,16.62,14.4,11,13,26,23,ms
:repository:alarm-identity:compileDebugKotlin,Update caches,1.92,2.24,2,2,4,5,ms
:repository:alarm-identity:compileDebugKotlin,Total Gradle task time,1194.2,1213.3,1147,1213,1428,1591,ms
:repository:alarm-identity:compileDebugKotlin,Shrink and save current classpath snapshot after compilation,54.14,50.86,47,43,99,80,ms
:repository:alarm-identity:compileDebugKotlin,Compiler code generation,141.82,144.54,132,141,205,198,ms
:repository:alarm-identity:compileDebugKotlin,Remove duplicate classes,4.62,4.94,3,4,10,9,ms
:repository:alarm-identity:compileDebugKotlin,Run compilation,1032.0,1055.18,1003,1049,1248,1357,ms
:repository:alarm-identity:compileDebugKotlin,Shrink current classpath snapshot non-incrementally,33.24,34.6,27,26,54,56,ms
:repository:alarm-identity:compileDebugKotlin,Spent time before task action,61.0,57.36,55,55,106,86,ms
:repository:alarm-identity:compileDebugKotlin,Analysis lines per second,1338,1384,1338,1351,1676,1767,
:repository:alarm-identity:compileDebugKotlin,Total size of the cache directory,546.6,546.6,547,547,547,547,KB
:repository:alarm-identity:compileDebugKotlin,Number of cache hits when loading classpath entry snapshots,111,110,113,108,113,113,
:repository:alarm-identity:compileDebugKotlin,Number of lines analyzed,418,418,418,418,418,418,
:repository:alarm-identity:compileDebugKotlin,Size of shrunk classpath snapshot,46.4,46.4,46,46,46,46,KB
:repository:alarm-identity:compileDebugKotlin,Number of cache misses when loading classpath entry snapshots,23,24,22,27,34,33,
:repository:alarm-identity:compileDebugKotlin,Total compiler iteration,1,1,1,1,1,1,
:repository:alarm-identity:compileDebugKotlin,Number of times classpath snapshot is shrunk and saved after compilation,1,1,1,1,1,1,
:repository:alarm-identity:compileDebugKotlin,Number of times classpath snapshot is loaded,1,1,1,1,1,1,
:repository:alarm-identity:compileDebugKotlin,Code generation lines per second,3191,3200,3149,2949,4568,4606,
:repository:alarm-identity:compileDebugKotlin,ABI snapshot size,18.0,18.0,18,18,18,18,B
:repository:alarm-identity:compileDebugKotlin,Size of classpath snapshot,6.8,6.8,7,7,7,7,MB
:repository:alarm-identity:compileDebugKotlin,Number of classpath entries,135,135,135,135,135,135,
:repository:alarm-identity:compileDebugKotlin,Save shrunk current classpath snapshot,12.78,2.57,3,2,90,5,ms
:repository:alarm-identity:compileDebugKotlin,Clear outputs on rebuild,3.0,1.0,3,1,3,1,ms
:repository:alarm-identity:compileDebugKotlin,Clear output,2.0,3.0,2,3,2,4,ms
:repository:analytics-identity:compileDebugKotlin,Sources compilation round,861.4,798.08,815,757,1075,1054,ms
:repository:analytics-identity:compileDebugKotlin,Incremental compilation in daemon,958.9,886.38,923,841,1239,1156,ms
:repository:analytics-identity:compileDebugKotlin,Task action before worker execution,15.44,12.96,14,13,21,21,ms
:repository:analytics-identity:compileDebugKotlin,Start gradle worker,4.81,1.68,1,1,5,3,ms
:repository:analytics-identity:compileDebugKotlin,Compiler initialization time,42.36,36.54,38,37,67,54,ms
:repository:analytics-identity:compileDebugKotlin,Calculate output size,1.46,1.64,1,1,4,4,ms
:repository:analytics-identity:compileDebugKotlin,Compiler IR lowering,69.22,60.44,58,54,112,85,ms
:repository:analytics-identity:compileDebugKotlin,Compiler translation to IR,223.36,219.84,213,201,311,279,ms
:repository:analytics-identity:compileDebugKotlin,Compiler backend,59.42,51.12,48,44,104,78,ms
:repository:analytics-identity:compileDebugKotlin,Compiler code analysis,330.54,307.1,306,297,460,381,ms
:repository:analytics-identity:compileDebugKotlin,Run compilation in Gradle worker,991.58,911.22,958,875,1315,1191,ms
:repository:analytics-identity:compileDebugKotlin,Load current classpath snapshot,4.74,4.22,3,3,9,9,ms
:repository:analytics-identity:compileDebugKotlin,Update caches,1.64,1.68,1,1,4,4,ms
:repository:analytics-identity:compileDebugKotlin,Total Gradle task time,1116.5,1018.24,1070,982,1451,1342,ms
:repository:analytics-identity:compileDebugKotlin,Shrink and save current classpath snapshot after compilation,33.72,30.46,27,27,60,49,ms
:repository:analytics-identity:compileDebugKotlin,Compiler code generation,129.14,112.1,113,102,200,168,ms
:repository:analytics-identity:compileDebugKotlin,Remove duplicate classes,4.38,3.48,3,3,9,6,ms
:repository:analytics-identity:compileDebugKotlin,Run compilation,986.54,908.14,956,872,1272,1188,ms
:repository:analytics-identity:compileDebugKotlin,Shrink current classpath snapshot non-incrementally,26.96,24.16,22,22,52,41,ms
:repository:analytics-identity:compileDebugKotlin,Spent time before task action,38.9,33.1,39,31,55,50,ms
:repository:analytics-identity:compileDebugKotlin,Analysis lines per second,1329,1435,1363,1407,1655,1794,
:repository:analytics-identity:compileDebugKotlin,Total size of the cache directory,564.1,564.1,564,564,564,564,KB
:repository:analytics-identity:compileDebugKotlin,Number of cache hits when loading classpath entry snapshots,119,119,119,119,119,119,
:repository:analytics-identity:compileDebugKotlin,Number of lines analyzed,418,418,418,418,418,418,
:repository:analytics-identity:compileDebugKotlin,Size of shrunk classpath snapshot,46.4,46.4,46,46,46,46,KB
:repository:analytics-identity:compileDebugKotlin,Number of cache misses when loading classpath entry snapshots,1,1,1,1,1,1,
:repository:analytics-identity:compileDebugKotlin,Total compiler iteration,1,1,1,1,1,1,
:repository:analytics-identity:compileDebugKotlin,Number of times classpath snapshot is shrunk and saved after compilation,1,1,1,1,1,1,
:repository:analytics-identity:compileDebugKotlin,Number of times classpath snapshot is loaded,1,1,1,1,1,1,
:repository:analytics-identity:compileDebugKotlin,Code generation lines per second,3637,3948,3697,4081,5261,4971,
:repository:analytics-identity:compileDebugKotlin,ABI snapshot size,18.0,18.0,18,18,18,18,B
:repository:analytics-identity:compileDebugKotlin,Size of classpath snapshot,6.3,6.3,6,6,6,6,MB
:repository:analytics-identity:compileDebugKotlin,Number of classpath entries,120,120,120,120,120,120,
:repository:analytics-identity:compileDebugKotlin,Save shrunk current classpath snapshot,2.5,15.0,3,15,3,15,ms
:repository:analytics-identity:compileDebugKotlin,Store build info,3.0,2.0,3,2,3,3,ms
:repository:analytics-identity:compileDebugKotlin,Clear output,1.0,,1,,1,,ms
:repository:article-identity:compileDebugKotlin,Sources compilation round,884.7,848.78,860,825,1150,1007,ms
:repository:article-identity:compileDebugKotlin,Incremental compilation in daemon,990.42,954.48,961,927,1269,1174,ms
:repository:article-identity:compileDebugKotlin,Task action before worker execution,12.58,15.0,12,12,20,23,ms
:repository:article-identity:compileDebugKotlin,Start gradle worker,1.9,1.69,1,1,4,4,ms
:repository:article-identity:compileDebugKotlin,Compiler initialization time,49.02,53.56,48,46,70,87,ms
:repository:article-identity:compileDebugKotlin,Calculate output size,2.02,1.75,1,1,4,4,ms
:repository:article-identity:compileDebugKotlin,Compiler IR lowering,74.12,69.36,61,68,114,92,ms
:repository:article-identity:compileDebugKotlin,Compiler translation to IR,236.58,239.34,222,214,327,277,ms
:repository:article-identity:compileDebugKotlin,Compiler backend,56.2,60.78,50,55,85,95,ms
:repository:article-identity:compileDebugKotlin,Compiler code analysis,328.88,307.08,311,303,419,405,ms
:repository:article-identity:compileDebugKotlin,Run compilation in Gradle worker,1029.82,994.04,998,969,1320,1213,ms
:repository:article-identity:compileDebugKotlin,Load current classpath snapshot,8.44,7.8,6,6,14,14,ms
:repository:article-identity:compileDebugKotlin,Update caches,1.86,2.0,1,2,4,4,ms
:repository:article-identity:compileDebugKotlin,Total Gradle task time,1163.84,1124.78,1120,1105,1514,1344,ms
:repository:article-identity:compileDebugKotlin,Shrink and save current classpath snapshot after compilation,35.54,34.42,30,31,60,54,ms
:repository:article-identity:compileDebugKotlin,Compiler code generation,130.88,130.72,116,129,198,175,ms
:repository:article-identity:compileDebugKotlin,Remove duplicate classes,4.38,3.76,3,3,8,7,ms
:repository:article-identity:compileDebugKotlin,Run compilation,1020.64,984.84,987,947,1297,1211,ms
:repository:article-identity:compileDebugKotlin,Shrink current classpath snapshot non-incrementally,25.08,24.66,21,21,41,41,ms
:repository:article-identity:compileDebugKotlin,Spent time before task action,48.44,47.82,49,45,70,74,ms
:repository:article-identity:compileDebugKotlin,Analysis lines per second,1330,1410,1341,1379,1697,1781,
:repository:article-identity:compileDebugKotlin,Total size of the cache directory,563.3,563.3,563,563,563,563,KB
:repository:article-identity:compileDebugKotlin,Number of cache hits when loading classpath entry snapshots,101,101,101,101,108,107,
:repository:article-identity:compileDebugKotlin,Number of lines analyzed,418,418,418,418,418,418,
:repository:article-identity:compileDebugKotlin,Size of shrunk classpath snapshot,46.4,46.4,46,46,46,46,KB
:repository:article-identity:compileDebugKotlin,Number of cache misses when loading classpath entry snapshots,11,11,12,12,12,12,
:repository:article-identity:compileDebugKotlin,Total compiler iteration,1,1,1,1,1,1,
:repository:article-identity:compileDebugKotlin,Number of times classpath snapshot is shrunk and saved after compilation,1,1,1,1,1,1,
:repository:article-identity:compileDebugKotlin,Number of times classpath snapshot is loaded,1,1,1,1,1,1,
:repository:article-identity:compileDebugKotlin,Code generation lines per second,3499,3417,3601,3244,4602,4268,
:repository:article-identity:compileDebugKotlin,ABI snapshot size,18.0,18.0,18,18,18,18,B
:repository:article-identity:compileDebugKotlin,Size of classpath snapshot,6.1,6.1,6,6,6,6,MB
:repository:article-identity:compileDebugKotlin,Number of classpath entries,113,113,113,113,113,113,
:repository:article-identity:compileDebugKotlin,Save shrunk current classpath snapshot,2.75,1.67,3,1,4,3,ms
:repository:article-identity:compileDebugKotlin,Clear outputs on rebuild,1.0,2.0,1,2,1,3,ms
:repository:article-identity:compileDebugKotlin,Clear output,1.0,1.0,1,1,1,1,ms
:repository:audio-identity:compileDebugKotlin,Sources compilation round,842.1,835.92,793,793,1027,1142,ms
:repository:audio-identity:compileDebugKotlin,Incremental compilation in daemon,946.98,941.98,891,881,1154,1230,ms
:repository:audio-identity:compileDebugKotlin,Task action before worker execution,13.48,13.38,13,13,20,21,ms
:repository:audio-identity:compileDebugKotlin,Compiler initialization time,48.8,50.76,46,47,77,79,ms
:repository:audio-identity:compileDebugKotlin,Calculate output size,2.04,1.33,1,1,5,3,ms
:repository:audio-identity:compileDebugKotlin,Compiler IR lowering,74.66,67.88,70,60,115,108,ms
:repository:audio-identity:compileDebugKotlin,Compiler translation to IR,228.54,235.72,219,214,284,352,ms
:repository:audio-identity:compileDebugKotlin,Compiler backend,59.74,52.9,45,49,97,82,ms
:repository:audio-identity:compileDebugKotlin,Compiler code analysis,310.54,305.18,283,292,381,417,ms
:repository:audio-identity:compileDebugKotlin,Run compilation in Gradle worker,978.36,974.26,907,906,1183,1275,ms
:repository:audio-identity:compileDebugKotlin,Load current classpath snapshot,5.28,4.84,4,3,10,9,ms
:repository:audio-identity:compileDebugKotlin,Update caches,1.84,1.7,2,1,3,5,ms
:repository:audio-identity:compileDebugKotlin,Total Gradle task time,1101.9,1110.14,1021,1058,1300,1374,ms
:repository:audio-identity:compileDebugKotlin,Shrink and save current classpath snapshot after compilation,37.42,34.22,32,27,57,56,ms
:repository:audio-identity:compileDebugKotlin,Compiler code generation,134.92,121.22,121,112,212,180,ms
:repository:audio-identity:compileDebugKotlin,Remove duplicate classes,4.36,4.4,3,3,8,9,ms
:repository:audio-identity:compileDebugKotlin,Run compilation,971.12,968.76,905,901,1178,1260,ms
:repository:audio-identity:compileDebugKotlin,Shrink current classpath snapshot non-incrementally,29.96,27.56,25,21,47,47,ms
:repository:audio-identity:compileDebugKotlin,Spent time before task action,33.34,40.84,32,32,47,55,ms
:repository:audio-identity:compileDebugKotlin,Analysis lines per second,1443,1438,1477,1430,1763,1875,
:repository:audio-identity:compileDebugKotlin,Total size of the cache directory,546.6,546.6,547,547,547,547,KB
:repository:audio-identity:compileDebugKotlin,Number of cache hits when loading classpath entry snapshots,133,133,133,133,133,133,
:repository:audio-identity:compileDebugKotlin,Number of lines analyzed,418,418,418,418,418,418,
:repository:audio-identity:compileDebugKotlin,Size of shrunk classpath snapshot,46.4,46.4,46,46,46,46,KB
:repository:audio-identity:compileDebugKotlin,Number of cache misses when loading classpath entry snapshots,1,1,1,1,1,1,
:repository:audio-identity:compileDebugKotlin,Total compiler iteration,1,1,1,1,1,1,
:repository:audio-identity:compileDebugKotlin,Number of times classpath snapshot is shrunk and saved after compilation,1,1,1,1,1,1,
:repository:audio-identity:compileDebugKotlin,Number of times classpath snapshot is loaded,1,1,1,1,1,1,
:repository:audio-identity:compileDebugKotlin,Code generation lines per second,3411,3739,3462,3734,4609,4993,
:repository:audio-identity:compileDebugKotlin,ABI snapshot size,18.0,18.0,18,18,18,18,B
:repository:audio-identity:compileDebugKotlin,Size of classpath snapshot,6.7,6.7,7,7,7,7,MB
:repository:audio-identity:compileDebugKotlin,Number of classpath entries,134,134,134,134,134,134,
:repository:audio-identity:compileDebugKotlin,Start gradle worker,1.49,2.15,1,1,3,5,ms
:repository:audio-identity:compileDebugKotlin,Save shrunk current classpath snapshot,3.0,1.5,3,2,3,2,ms
:repository:audio-identity:compileDebugKotlin,Clear output,1.0,,1,,1,,ms
:repository:calendar-identity:compileDebugKotlin,Sources compilation round,802.78,783.98,782,792,983,1033,ms
:repository:calendar-identity:compileDebugKotlin,Incremental compilation in daemon,899.72,887.26,880,877,1085,1156,ms
:repository:calendar-identity:compileDebugKotlin,Task action before worker execution,12.7,13.08,11,10,20,20,ms
:repository:calendar-identity:compileDebugKotlin,Start gradle worker,1.98,1.74,1,1,5,4,ms
:repository:calendar-identity:compileDebugKotlin,Compiler initialization time,43.64,38.62,37,38,79,59,ms
:repository:calendar-identity:compileDebugKotlin,Calculate output size,1.9,1.41,1,1,5,3,ms
:repository:calendar-identity:compileDebugKotlin,Compiler IR lowering,64.78,62.84,61,55,91,92,ms
:repository:calendar-identity:compileDebugKotlin,Compiler translation to IR,225.34,226.6,218,217,323,334,ms
:repository:calendar-identity:compileDebugKotlin,Compiler backend,55.46,52.3,48,43,91,87,ms
:repository:calendar-identity:compileDebugKotlin,Compiler code analysis,294.64,285.86,273,277,384,389,ms
:repository:calendar-identity:compileDebugKotlin,Run compilation in Gradle worker,928.34,912.32,915,902,1111,1191,ms
:repository:calendar-identity:compileDebugKotlin,Load current classpath snapshot,4.32,3.92,3,3,8,7,ms
:repository:calendar-identity:compileDebugKotlin,Update caches,1.66,1.7,1,1,3,3,ms
:repository:calendar-identity:compileDebugKotlin,Total Gradle task time,1047.2,1015.64,1036,1006,1276,1295,ms
:repository:calendar-identity:compileDebugKotlin,Shrink and save current classpath snapshot after compilation,31.78,29.28,27,24,50,49,ms
:repository:calendar-identity:compileDebugKotlin,Compiler code generation,120.8,115.68,110,104,171,188,ms
:repository:calendar-identity:compileDebugKotlin,Remove duplicate classes,3.9,3.48,3,3,7,6,ms
:repository:calendar-identity:compileDebugKotlin,Run compilation,922.38,908.0,904,895,1107,1185,ms
:repository:calendar-identity:compileDebugKotlin,Shrink current classpath snapshot non-incrementally,25.66,23.76,22,19,42,41,ms
:repository:calendar-identity:compileDebugKotlin,Save shrunk current classpath snapshot,2.33,5.0,3,5,3,5,ms
:repository:calendar-identity:compileDebugKotlin,Spent time before task action,38.14,29.54,32,28,53,46,ms
:repository:calendar-identity:compileDebugKotlin,Analysis lines per second,1488,1536,1532,1506,1940,1988,
:repository:calendar-identity:compileDebugKotlin,Total size of the cache directory,563.7,563.7,564,564,564,564,KB
:repository:calendar-identity:compileDebugKotlin,Number of cache hits when loading classpath entry snapshots,107,107,107,107,107,107,
:repository:calendar-identity:compileDebugKotlin,Number of lines analyzed,418,418,418,418,418,418,
:repository:calendar-identity:compileDebugKotlin,Size of shrunk classpath snapshot,46.4,46.4,46,46,46,46,KB
:repository:calendar-identity:compileDebugKotlin,Number of cache misses when loading classpath entry snapshots,1,1,1,1,1,1,
:repository:calendar-identity:compileDebugKotlin,Total compiler iteration,1,1,1,1,1,1,
:repository:calendar-identity:compileDebugKotlin,Number of times classpath snapshot is shrunk and saved after compilation,1,1,1,1,1,1,
:repository:calendar-identity:compileDebugKotlin,Number of times classpath snapshot is loaded,1,1,1,1,1,1,
:repository:calendar-identity:compileDebugKotlin,Code generation lines per second,3701,3919,3787,4011,4849,5168,
:repository:calendar-identity:compileDebugKotlin,ABI snapshot size,18.0,18.0,18,18,18,18,B
:repository:calendar-identity:compileDebugKotlin,Size of classpath snapshot,5.9,5.9,6,6,6,6,MB
:repository:calendar-identity:compileDebugKotlin,Number of classpath entries,108,108,108,108,108,108,
:repository:cart-identity:compileDebugKotlin,Sources compilation round,932.7,917.42,919,890,1174,1252,ms
:repository:cart-identity:compileDebugKotlin,Incremental compilation in daemon,1048.74,1037.86,1035,1010,1297,1369,ms
:repository:cart-identity:compileDebugKotlin,Task action before worker execution,13.12,13.6,11,13,21,22,ms
:repository:cart-identity:compileDebugKotlin,Start gradle worker,1.89,1.98,1,1,4,4,ms
:repository:cart-identity:compileDebugKotlin,Compiler initialization time,46.7,55.36,46,48,72,85,ms
:repository:cart-identity:compileDebugKotlin,Calculate output size,1.52,2.13,1,1,3,6,ms
:repository:cart-identity:compileDebugKotlin,Compiler IR lowering,78.66,80.52,69,74,120,127,ms
:repository:cart-identity:compileDebugKotlin,Compiler translation to IR,254.68,246.48,245,237,356,327,ms
:repository:cart-identity:compileDebugKotlin,Compiler backend,64.2,65.96,62,59,86,109,ms
:repository:cart-identity:compileDebugKotlin,Compiler code analysis,350.86,329.56,334,319,456,422,ms
:repository:cart-identity:compileDebugKotlin,Run compilation in Gradle worker,1084.28,1068.52,1072,1053,1336,1416,ms
:repository:cart-identity:compileDebugKotlin,Load current classpath snapshot,12.08,11.24,10,12,19,18,ms
:repository:cart-identity:compileDebugKotlin,Update caches,1.78,2.06,1,2,4,4,ms
:repository:cart-identity:compileDebugKotlin,Total Gradle task time,1219.66,1216.62,1192,1187,1515,1598,ms
:repository:cart-identity:compileDebugKotlin,Shrink and save current classpath snapshot after compilation,51.94,51.12,44,50,84,75,ms
:repository:cart-identity:compileDebugKotlin,Compiler code generation,143.42,146.9,133,142,208,215,ms
:repository:cart-identity:compileDebugKotlin,Remove duplicate classes,7.18,5.64,5,6,13,9,ms
:repository:cart-identity:compileDebugKotlin,Run compilation,1074.02,1063.34,1059,1041,1326,1413,ms
:repository:cart-identity:compileDebugKotlin,Shrink current classpath snapshot non-incrementally,37.72,37.54,27,36,65,54,ms
:repository:cart-identity:compileDebugKotlin,Spent time before task action,51.18,61.26,50,49,79,93,ms
:repository:cart-identity:compileDebugKotlin,Analysis lines per second,1248,1327,1251,1312,1605,1752,
:repository:cart-identity:compileDebugKotlin,Total size of the cache directory,546.2,546.2,546,546,546,546,KB
:repository:cart-identity:compileDebugKotlin,Number of cache hits when loading classpath entry snapshots,131,131,133,133,133,133,
:repository:cart-identity:compileDebugKotlin,Number of lines analyzed,418,418,418,418,418,418,
:repository:cart-identity:compileDebugKotlin,Size of shrunk classpath snapshot,46.4,46.4,46,46,46,46,KB
:repository:cart-identity:compileDebugKotlin,Number of cache misses when loading classpath entry snapshots,11,11,10,10,12,12,
:repository:cart-identity:compileDebugKotlin,Total compiler iteration,1,1,1,1,1,1,
:repository:cart-identity:compileDebugKotlin,Number of times classpath snapshot is shrunk and saved after compilation,1,1,1,1,1,1,
:repository:cart-identity:compileDebugKotlin,Number of times classpath snapshot is loaded,1,1,1,1,1,1,
:repository:cart-identity:compileDebugKotlin,Code generation lines per second,3139,3072,3127,2949,4387,4490,
:repository:cart-identity:compileDebugKotlin,ABI snapshot size,18.0,18.0,18,18,18,18,B
:repository:cart-identity:compileDebugKotlin,Size of classpath snapshot,7.0,7.0,7,7,7,7,MB
:repository:cart-identity:compileDebugKotlin,Number of classpath entries,143,143,143,143,143,143,
:repository:cart-identity:compileDebugKotlin,Save shrunk current classpath snapshot,2.67,2.29,3,2,4,3,ms
:repository:cart-identity:compileDebugKotlin,Clear outputs on rebuild,1.0,,1,,1,,ms
:repository:cart-identity:compileDebugKotlin,Clear output,1.0,,1,,1,,ms
:repository:checkout-identity:compileDebugKotlin,Sources compilation round,845.8,846.12,811,814,1074,1026,ms
:repository:checkout-identity:compileDebugKotlin,Incremental compilation in daemon,954.52,942.48,920,906,1198,1137,ms
:repository:checkout-identity:compileDebugKotlin,Task action before worker execution,12.58,13.22,12,14,22,19,ms
:repository:checkout-identity:compileDebugKotlin,Compiler initialization time,45.54,41.92,40,37,73,73,ms
:repository:checkout-identity:compileDebugKotlin,Calculate output size,1.71,1.65,1,1,4,4,ms
:repository:checkout-identity:compileDebugKotlin,Compiler IR lowering,67.04,67.14,63,59,90,101,ms
:repository:checkout-identity:compileDebugKotlin,Compiler translation to IR,238.22,224.48,223,209,347,307,ms
:repository:checkout-identity:compileDebugKotlin,Compiler backend,55.1,57.92,48,53,87,85,ms
:repository:checkout-identity:compileDebugKotlin,Compiler code analysis,314.3,324.04,311,315,430,410,ms
:repository:checkout-identity:compileDebugKotlin,Run compilation in Gradle worker,984.6,975.16,956,929,1235,1197,ms
:repository:checkout-identity:compileDebugKotlin,Load current classpath snapshot,7.14,6.3,6,6,12,11,ms
:repository:checkout-identity:compileDebugKotlin,Update caches,2.42,2.5,2,2,5,5,ms
:repository:checkout-identity:compileDebugKotlin,Total Gradle task time,1087.56,1079.04,1074,1034,1372,1304,ms
:repository:checkout-identity:compileDebugKotlin,Shrink and save current classpath snapshot after compilation,38.3,34.98,35,30,58,57,ms
:repository:checkout-identity:compileDebugKotlin,Compiler code generation,122.56,125.52,115,115,168,185,ms
:repository:checkout-identity:compileDebugKotlin,Remove duplicate classes,4.98,4.88,4,4,9,8,ms
:repository:checkout-identity:compileDebugKotlin,Run compilation,979.2,970.18,948,927,1233,1183,ms
:repository:checkout-identity:compileDebugKotlin,Shrink current classpath snapshot non-incrementally,29.34,26.84,25,23,43,46,ms
:repository:checkout-identity:compileDebugKotlin,Spent time before task action,32.64,37.62,30,37,52,57,ms
:repository:checkout-identity:compileDebugKotlin,Analysis lines per second,1387,1348,1343,1327,1823,1674,
:repository:checkout-identity:compileDebugKotlin,Total size of the cache directory,563.7,563.7,564,564,564,564,KB
:repository:checkout-identity:compileDebugKotlin,Number of cache hits when loading classpath entry snapshots,121,121,122,122,122,122,
:repository:checkout-identity:compileDebugKotlin,Number of lines analyzed,418,418,418,418,418,418,
:repository:checkout-identity:compileDebugKotlin,Size of shrunk classpath snapshot,46.4,46.4,46,46,46,46,KB
:repository:checkout-identity:compileDebugKotlin,Number of cache misses when loading classpath entry snapshots,2,2,2,2,2,2,
:repository:checkout-identity:compileDebugKotlin,Total compiler iteration,1,1,1,1,1,1,
:repository:checkout-identity:compileDebugKotlin,Number of times classpath snapshot is shrunk and saved after compilation,1,1,1,1,1,1,
:repository:checkout-identity:compileDebugKotlin,Number of times classpath snapshot is loaded,1,1,1,1,1,1,
:repository:checkout-identity:compileDebugKotlin,Code generation lines per second,3596,3562,3609,3638,4596,4707,
:repository:checkout-identity:compileDebugKotlin,ABI snapshot size,18.0,18.0,18,18,18,18,B
:repository:checkout-identity:compileDebugKotlin,Size of classpath snapshot,6.4,6.4,6,6,6,6,MB
:repository:checkout-identity:compileDebugKotlin,Number of classpath entries,124,124,124,124,124,124,
:repository:checkout-identity:compileDebugKotlin,Start gradle worker,1.78,2.07,1,1,4,5,ms
:repository:checkout-identity:compileDebugKotlin,Save shrunk current classpath snapshot,1.33,2.0,1,2,2,2,ms
:repository:checkout-identity:compileDebugKotlin,Store build info,8.0,2.2,8,3,8,3,ms
:repository:comment-identity:compileDebugKotlin,Sources compilation round,862.98,883.6,882,894,1050,1097,ms
:repository:comment-identity:compileDebugKotlin,Incremental compilation in daemon,964.26,995.22,981,1018,1140,1254,ms
:repository:comment-identity:compileDebugKotlin,Task action before worker execution,13.36,11.42,12,10,22,19,ms
:repository:comment-identity:compileDebugKotlin,Start gradle worker,1.81,1.89,1,1,4,4,ms
:repository:comment-identity:compileDebugKotlin,Compiler initialization time,51.92,46.1,48,42,77,72,ms
:repository:comment-identity:compileDebugKotlin,Calculate output size,1.51,2.18,1,1,3,5,ms
:repository:comment-identity:compileDebugKotlin,Compiler IR lowering,71.66,75.2,64,66,114,115,ms
:repository:comment-identity:compileDebugKotlin,Compiler translation to IR,226.26,241.66,219,231,298,328,ms
:repository:comment-identity:compileDebugKotlin,Compiler backend,57.86,63.46,51,57,91,95,ms
:repository:comment-identity:compileDebugKotlin,Compiler code analysis,327.52,329.78,323,328,435,416,ms
:repository:comment-identity:compileDebugKotlin,Run compilation in Gradle worker,1002.08,1036.24,1020,1046,1198,1347,ms
:repository:comment-identity:compileDebugKotlin,Load current classpath snapshot,6.04,6.98,5,6,10,10,ms
:repository:comment-identity:compileDebugKotlin,Update caches,2.28,2.82,2,2,5,6,ms
:repository:comment-identity:compileDebugKotlin,Total Gradle task time,1130.64,1153.94,1140,1179,1352,1510,ms
:repository:comment-identity:compileDebugKotlin,Shrink and save current classpath snapshot after compilation,35.36,35.86,32,30,52,62,ms
:repository:comment-identity:compileDebugKotlin,Compiler code generation,130.04,139.14,118,126,194,197,ms
:repository:comment-identity:compileDebugKotlin,Remove duplicate classes,4.02,4.36,3,3,7,7,ms
:repository:comment-identity:compileDebugKotlin,Run compilation,992.88,1030.44,1011,1044,1179,1343,ms
:repository:comment-identity:compileDebugKotlin,Shrink current classpath snapshot non-incrementally,27.1,26.96,24,21,42,48,ms
:repository:comment-identity:compileDebugKotlin,Spent time before task action,40.84,34.46,43,35,58,53,ms
:repository:comment-identity:compileDebugKotlin,Analysis lines per second,1333,1336,1293,1273,1710,1724,
:repository:comment-identity:compileDebugKotlin,Total size of the cache directory,563.3,563.3,563,563,563,563,KB
:repository:comment-identity:compileDebugKotlin,Number of cache hits when loading classpath entry snapshots,104,105,102,107,109,109,
:repository:comment-identity:compileDebugKotlin,Number of lines analyzed,418,418,418,418,418,418,
:repository:comment-identity:compileDebugKotlin,Size of shrunk classpath snapshot,46.4,46.4,46,46,46,46,KB
:repository:comment-identity:compileDebugKotlin,Number of cache misses when loading classpath entry snapshots,5,4,8,3,8,8,
:repository:comment-identity:compileDebugKotlin,Total compiler iteration,1,1,1,1,1,1,
:repository:comment-identity:compileDebugKotlin,Number of times classpath snapshot is shrunk and saved after compilation,1,1,1,1,1,1,
:repository:comment-identity:compileDebugKotlin,Number of times classpath snapshot is loaded,1,1,1,1,1,1,
:repository:comment-identity:compileDebugKotlin,Code generation lines per second,3488,3289,3541,3311,4764,4434,
:repository:comment-identity:compileDebugKotlin,ABI snapshot size,18.0,18.0,18,18,18,18,B
:repository:comment-identity:compileDebugKotlin,Size of classpath snapshot,6.0,6.0,6,6,6,6,MB
:repository:comment-identity:compileDebugKotlin,Number of classpath entries,110,110,110,110,110,110,
:repository:comment-identity:compileDebugKotlin,Store build info,2.0,,2,,3,,ms
:repository:comment-identity:compileDebugKotlin,Save shrunk current classpath snapshot,2.6,2.67,2,3,4,4,ms
:repository:comment-identity:compileDebugKotlin,Clear outputs on rebuild,1.0,1.0,1,1,1,1,ms
:repository:contact-checkout:compileDebugKotlin,Sources compilation round,951.76,935.78,941,899,1210,1239,ms
:repository:contact-checkout:compileDebugKotlin,Incremental compilation in daemon,1058.88,1056.46,1043,1023,1322,1360,ms
:repository:contact-checkout:compileDebugKotlin,Task action before worker execution,14.44,15.38,11,10,20,21,ms
:repository:contact-checkout:compileDebugKotlin,Compiler initialization time,54.7,50.74,49,41,88,79,ms
:repository:contact-checkout:compileDebugKotlin,Calculate output size,1.65,1.67,1,1,3,4,ms
:repository:contact-checkout:compileDebugKotlin,Compiler IR lowering,85.6,89.6,73,93,128,119,ms
:repository:contact-checkout:compileDebugKotlin,Compiler translation to IR,245.76,241.78,237,233,332,335,ms
:repository:contact-checkout:compileDebugKotlin,Compiler backend,58.92,70.16,54,52,95,85,ms
:repository:contact-checkout:compileDebugKotlin,Compiler code analysis,360.16,347.04,356,334,458,444,ms
:repository:contact-checkout:compileDebugKotlin,Run compilation in Gradle worker,1093.6,1087.92,1075,1067,1352,1392,ms
:repository:contact-checkout:compileDebugKotlin,Load current classpath snapshot,7.9,6.84,7,6,11,11,ms
:repository:contact-checkout:compileDebugKotlin,Update caches,2.66,2.56,2,2,5,6,ms
:repository:contact-checkout:compileDebugKotlin,Total Gradle task time,1210.98,1201.5,1195,1168,1482,1529,ms
:repository:contact-checkout:compileDebugKotlin,Shrink and save current classpath snapshot after compilation,41.56,38.12,35,32,63,64,ms
:repository:contact-checkout:compileDebugKotlin,Compiler code generation,145.08,160.36,136,146,220,196,ms
:repository:contact-checkout:compileDebugKotlin,Clear output,1.67,3.0,2,3,2,3,ms
:repository:contact-checkout:compileDebugKotlin,Remove duplicate classes,6.54,5.5,5,6,10,10,ms
:repository:contact-checkout:compileDebugKotlin,Run compilation,1082.04,1081.08,1066,1059,1350,1385,ms
:repository:contact-checkout:compileDebugKotlin,Shrink current classpath snapshot non-incrementally,31.8,29.3,27,26,49,50,ms
:repository:contact-checkout:compileDebugKotlin,Spent time before task action,33.54,34.28,29,31,61,57,ms
:repository:contact-checkout:compileDebugKotlin,Analysis lines per second,1214,1258,1172,1251,1570,1545,
:repository:contact-checkout:compileDebugKotlin,Total size of the cache directory,563.3,563.3,563,563,563,563,KB
:repository:contact-checkout:compileDebugKotlin,Number of cache hits when loading classpath entry snapshots,139,139,139,139,140,140,
:repository:contact-checkout:compileDebugKotlin,Number of lines analyzed,418,418,418,418,418,418,
:repository:contact-checkout:compileDebugKotlin,Size of shrunk classpath snapshot,46.4,46.4,46,46,46,46,KB
:repository:contact-checkout:compileDebugKotlin,Number of cache misses when loading classpath entry snapshots,1,1,2,2,2,2,
:repository:contact-checkout:compileDebugKotlin,Total compiler iteration,1,1,1,1,1,1,
:repository:contact-checkout:compileDebugKotlin,Number of times classpath snapshot is shrunk and saved after compilation,1,1,1,1,1,1,
:repository:contact-checkout:compileDebugKotlin,Number of times classpath snapshot is loaded,1,1,1,1,1,1,
:repository:contact-checkout:compileDebugKotlin,Code generation lines per second,3152,2995,3078,2852,4239,4356,
:repository:contact-checkout:compileDebugKotlin,ABI snapshot size,18.0,18.0,18,18,18,18,B
:repository:contact-checkout:compileDebugKotlin,Size of classpath snapshot,6.9,6.9,7,7,7,7,MB
:repository:contact-checkout:compileDebugKotlin,Number of classpath entries,141,141,141,141,141,141,
:repository:contact-checkout:compileDebugKotlin,Start gradle worker,1.33,1.76,1,1,3,4,ms
:repository:contact-checkout:compileDebugKotlin,Save shrunk current classpath snapshot,3.0,2.0,3,2,3,3,ms
:repository:contact-checkout:compileDebugKotlin,Store build info,3.0,2.0,3,2,3,2,ms
:repository:document-identity:compileDebugKotlin,Sources compilation round,912.24,889.78,884,851,1105,1111,ms
:repository:document-identity:compileDebugKotlin,Incremental compilation in daemon,1008.36,980.26,973,932,1208,1282,ms
:repository:document-identity:compileDebugKotlin,Task action before worker execution,14.06,14.14,12,11,21,20,ms
:repository:document-identity:compileDebugKotlin,Start gradle worker,1.93,2.0,1,1,4,4,ms
:repository:document-identity:compileDebugKotlin,Compiler initialization time,45.38,38.76,39,37,76,59,ms
:repository:document-identity:compileDebugKotlin,Calculate output size,1.82,1.7,1,1,4,4,ms
:repository:document-identity:compileDebugKotlin,Compiler IR lowering,77.96,74.4,76,72,122,105,ms
:repository:document-identity:compileDebugKotlin,Compiler translation to IR,256.2,252.36,256,237,334,332,ms
:repository:document-identity:compileDebugKotlin,Compiler backend,57.34,60.14,53,50,88,88,ms
:repository:document-identity:compileDebugKotlin,Compiler code analysis,342.74,330.66,329,324,433,446,ms
:repository:document-identity:compileDebugKotlin,Run compilation in Gradle worker,1041.76,1010.46,1009,960,1240,1310,ms
:repository:document-identity:compileDebugKotlin,Load current classpath snapshot,4.44,3.98,3,3,9,7,ms
:repository:document-identity:compileDebugKotlin,Update caches,1.72,1.86,2,2,3,4,ms
:repository:document-identity:compileDebugKotlin,Total Gradle task time,1162.78,1127.68,1134,1081,1371,1520,ms
:repository:document-identity:compileDebugKotlin,Shrink and save current classpath snapshot after compilation,32.88,31.3,26,25,56,52,ms
:repository:document-identity:compileDebugKotlin,Compiler code generation,135.88,135.04,131,124,184,191,ms
:repository:document-identity:compileDebugKotlin,Remove duplicate classes,3.92,3.28,3,3,8,6,ms
:repository:document-identity:compileDebugKotlin,Run compilation,1031.44,1004.4,994,957,1232,1305,ms
:repository:document-identity:compileDebugKotlin,Shrink current classpath snapshot non-incrementally,26.6,25.72,21,20,44,44,ms
:repository:document-identity:compileDebugKotlin,Spent time before task action,39.6,37.46,28,29,52,52,ms
:repository:document-identity:compileDebugKotlin,Analysis lines per second,1260,1347,1270,1289,1588,1860,
:repository:document-identity:compileDebugKotlin,Total size of the cache directory,563.7,563.7,564,564,564,564,KB
:repository:document-identity:compileDebugKotlin,Number of cache hits when loading classpath entry snapshots,101,101,102,102,102,102,
:repository:document-identity:compileDebugKotlin,Number of lines analyzed,418,418,418,418,418,418,
:repository:document-identity:compileDebugKotlin,Size of shrunk classpath snapshot,46.4,46.4,46,46,46,46,KB
:repository:document-identity:compileDebugKotlin,Number of cache misses when loading classpath entry snapshots,1,1,1,1,2,2,
:repository:document-identity:compileDebugKotlin,Total compiler iteration,1,1,1,1,1,1,
:repository:document-identity:compileDebugKotlin,Number of times classpath snapshot is shrunk and saved after compilation,1,1,1,1,1,1,
:repository:document-identity:compileDebugKotlin,Number of times classpath snapshot is loaded,1,1,1,1,1,1,
:repository:document-identity:compileDebugKotlin,Code generation lines per second,3251,3429,3175,3376,4252,4702,
:repository:document-identity:compileDebugKotlin,ABI snapshot size,18.0,18.0,18,18,18,18,B
:repository:document-identity:compileDebugKotlin,Size of classpath snapshot,5.8,5.8,6,6,6,6,MB
:repository:document-identity:compileDebugKotlin,Number of classpath entries,103,103,103,103,103,103,
:repository:document-identity:compileDebugKotlin,Clear output,2.33,,2,,3,,ms
:repository:document-identity:compileDebugKotlin,Store build info,1.33,2.5,1,3,2,3,ms
:repository:document-identity:compileDebugKotlin,Save shrunk current classpath snapshot,2.0,3.0,2,3,3,3,ms
:repository:event-identity:compileDebugKotlin,Sources compilation round,875.74,870.18,870,830,1106,1144,ms
:repository:event-identity:compileDebugKotlin,Incremental compilation in daemon,971.5,964.34,953,912,1206,1276,ms
:repository:event-identity:compileDebugKotlin,Task action before worker execution,12.76,12.78,12,13,19,19,ms
:repository:event-identity:compileDebugKotlin,Start gradle worker,1.79,2.22,1,2,4,4,ms
:repository:event-identity:compileDebugKotlin,Compiler initialization time,42.78,41.9,39,39,66,64,ms
:repository:event-identity:compileDebugKotlin,Calculate output size,1.59,1.6,1,1,4,3,ms
:repository:event-identity:compileDebugKotlin,Compiler IR lowering,70.4,67.08,59,66,97,101,ms
:repository:event-identity:compileDebugKotlin,Compiler translation to IR,235.62,227.08,217,214,322,316,ms
:repository:event-identity:compileDebugKotlin,Compiler backend,54.02,58.64,50,50,82,103,ms
:repository:event-identity:compileDebugKotlin,Compiler code analysis,340.86,337.04,341,316,453,471,ms
:repository:event-identity:compileDebugKotlin,Run compilation in Gradle worker,1010.32,995.0,978,940,1256,1307,ms
:repository:event-identity:compileDebugKotlin,Load current classpath snapshot,6.44,5.08,5,4,10,9,ms
:repository:event-identity:compileDebugKotlin,Update caches,2.9,2.76,2,2,7,5,ms
:repository:event-identity:compileDebugKotlin,Total Gradle task time,1125.14,1102.36,1094,1045,1405,1432,ms
:repository:event-identity:compileDebugKotlin,Shrink and save current classpath snapshot after compilation,35.96,33.06,30,26,63,52,ms
:repository:event-identity:compileDebugKotlin,Compiler code generation,124.9,126.38,113,114,179,196,ms
:repository:event-identity:compileDebugKotlin,Remove duplicate classes,5.92,4.52,4,3,10,9,ms
:repository:event-identity:compileDebugKotlin,Run compilation,1003.28,990.26,976,938,1227,1304,ms
:repository:event-identity:compileDebugKotlin,Shrink current classpath snapshot non-incrementally,27.48,26.32,22,21,49,44,ms
:repository:event-identity:compileDebugKotlin,Spent time before task action,38.28,34.52,35,34,57,50,ms
:repository:event-identity:compileDebugKotlin,Analysis lines per second,1265,1295,1223,1322,1554,1674,
:repository:event-identity:compileDebugKotlin,Total size of the cache directory,546.6,546.6,547,547,547,547,KB
:repository:event-identity:compileDebugKotlin,Number of cache hits when loading classpath entry snapshots,117,117,117,117,117,117,
:repository:event-identity:compileDebugKotlin,Number of lines analyzed,418,418,418,418,418,418,
:repository:event-identity:compileDebugKotlin,Size of shrunk classpath snapshot,46.4,46.4,46,46,46,46,KB
:repository:event-identity:compileDebugKotlin,Number of cache misses when loading classpath entry snapshots,1,1,1,1,1,1,
:repository:event-identity:compileDebugKotlin,Total compiler iteration,1,1,1,1,1,1,
:repository:event-identity:compileDebugKotlin,Number of times classpath snapshot is shrunk and saved after compilation,1,1,1,1,1,1,
:repository:event-identity:compileDebugKotlin,Number of times classpath snapshot is loaded,1,1,1,1,1,1,
:repository:event-identity:compileDebugKotlin,Code generation lines per second,3577,3640,3710,3652,4458,5469,
:repository:event-identity:compileDebugKotlin,ABI snapshot size,18.0,18.0,18,18,18,18,B
:repository:event-identity:compileDebugKotlin,Size of classpath snapshot,6.2,6.2,6,6,6,6,MB
:repository:event-identity:compileDebugKotlin,Number of classpath entries,118,118,118,118,118,118,
:repository:event-identity:compileDebugKotlin,Store build info,2.0,4.0,2,4,2,4,ms
:repository:event-identity:compileDebugKotlin,Save shrunk current classpath snapshot,3.4,,3,,6,,ms
:repository:event-identity:compileDebugKotlin,Clear outputs on rebuild,3.0,,3,,3,,ms
:repository:feed-identity:compileDebugKotlin,Sources compilation round,840.58,826.22,835,764,1033,1090,ms
:repository:feed-identity:compileDebugKotlin,Incremental compilation in daemon,946.1,928.5,927,850,1211,1179,ms
:repository:feed-identity:compileDebugKotlin,Task action before worker execution,12.22,12.16,11,10,20,20,ms
:repository:feed-identity:compileDebugKotlin,Start gradle worker,1.6,2.05,1,2,3,4,ms
:repository:feed-identity:compileDebugKotlin,Compiler initialization time,46.32,48.28,43,44,83,82,ms
:repository:feed-identity:compileDebugKotlin,Calculate output size,1.35,1.74,1,1,3,4,ms
:repository:feed-identity:compileDebugKotlin,Compiler IR lowering,69.6,78.32,66,62,100,99,ms
:repository:feed-identity:compileDebugKotlin,Compiler translation to IR,231.96,219.5,219,209,321,282,ms
:repository:feed-identity:compileDebugKotlin,Compiler backend,58.22,50.16,47,46,98,70,ms
:repository:feed-identity:compileDebugKotlin,Compiler code analysis,309.38,313.82,293,297,402,442,ms
:repository:feed-identity:compileDebugKotlin,Run compilation in Gradle worker,975.84,961.52,953,874,1234,1232,ms
:repository:feed-identity:compileDebugKotlin,Load current classpath snapshot,5.86,6.1,6,5,9,12,ms
:repository:feed-identity:compileDebugKotlin,Update caches,3.04,3.6,3,3,6,8,ms
:repository:feed-identity:compileDebugKotlin,Total Gradle task time,1087.34,1068.68,1075,973,1369,1443,ms
:repository:feed-identity:compileDebugKotlin,Shrink and save current classpath snapshot after compilation,37.08,36.92,31,31,65,63,ms
:repository:feed-identity:compileDebugKotlin,Compiler code generation,128.32,129.06,116,111,203,176,ms
:repository:feed-identity:compileDebugKotlin,Remove duplicate classes,4.8,5.2,5,4,8,11,ms
:repository:feed-identity:compileDebugKotlin,Run compilation,969.96,955.04,951,870,1230,1212,ms
:repository:feed-identity:compileDebugKotlin,Shrink current classpath snapshot non-incrementally,29.18,28.86,22,23,54,52,ms
:repository:feed-identity:compileDebugKotlin,Spent time before task action,36.7,32.88,35,31,60,51,ms
:repository:feed-identity:compileDebugKotlin,Analysis lines per second,1404,1411,1423,1404,1734,1935,
:repository:feed-identity:compileDebugKotlin,Total size of the cache directory,546.2,546.2,546,546,546,546,KB
:repository:feed-identity:compileDebugKotlin,Number of cache hits when loading classpath entry snapshots,133,133,133,133,133,133,
:repository:feed-identity:compileDebugKotlin,Number of lines analyzed,418,418,418,418,418,418,
:repository:feed-identity:compileDebugKotlin,Size of shrunk classpath snapshot,46.4,46.4,46,46,46,46,KB
:repository:feed-identity:compileDebugKotlin,Number of cache misses when loading classpath entry snapshots,1,1,1,1,1,1,
:repository:feed-identity:compileDebugKotlin,Total compiler iteration,1,1,1,1,1,1,
:repository:feed-identity:compileDebugKotlin,Number of times classpath snapshot is shrunk and saved after compilation,1,1,1,1,1,1,
:repository:feed-identity:compileDebugKotlin,Number of times classpath snapshot is loaded,1,1,1,1,1,1,
:repository:feed-identity:compileDebugKotlin,Code generation lines per second,3564,3725,3582,3758,4535,5083,
:repository:feed-identity:compileDebugKotlin,ABI snapshot size,18.0,18.0,18,18,18,18,B
:repository:feed-identity:compileDebugKotlin,Size of classpath snapshot,6.7,6.7,7,7,7,7,MB
:repository:feed-identity:compileDebugKotlin,Number of classpath entries,134,134,134,134,134,134,
:repository:feed-identity:compileDebugKotlin,Generate compiler reference index,4.0,,4,,4,,ms
:repository:feed-identity:compileDebugKotlin,Save shrunk current classpath snapshot,3.0,2.5,3,2,3,5,ms
:repository:feed-identity:compileDebugKotlin,Store build info,1.5,5.0,2,5,2,5,ms
:repository:feed-identity:compileDebugKotlin,Clear outputs on rebuild,2.0,,2,,2,,ms
:repository:file-identity:compileDebugKotlin,Sources compilation round,884.58,864.74,838,838,1169,1179,ms
:repository:file-identity:compileDebugKotlin,Incremental compilation in daemon,982.46,961.72,953,915,1265,1277,ms
:repository:file-identity:compileDebugKotlin,Task action before worker execution,14.54,12.92,15,11,23,23,ms
:repository:file-identity:compileDebugKotlin,Start gradle worker,1.68,1.8,1,1,4,4,ms
:repository:file-identity:compileDebugKotlin,Compiler initialization time,46.82,43.82,42,38,78,68,ms
:repository:file-identity:compileDebugKotlin,Calculate output size,1.85,1.54,1,1,4,4,ms
:repository:file-identity:compileDebugKotlin,Compiler IR lowering,76.88,76.5,64,68,105,122,ms
:repository:file-identity:compileDebugKotlin,Compiler translation to IR,234.3,226.82,231,216,295,308,ms
:repository:file-identity:compileDebugKotlin,Compiler backend,59.8,54.86,54,47,91,82,ms
:repository:file-identity:compileDebugKotlin,Compiler code analysis,338.56,328.52,312,313,451,457,ms
:repository:file-identity:compileDebugKotlin,Run compilation in Gradle worker,1018.7,991.4,975,949,1307,1310,ms
:repository:file-identity:compileDebugKotlin,Load current classpath snapshot,4.7,4.16,3,3,9,6,ms
:repository:file-identity:compileDebugKotlin,Update caches,1.92,2.0,1,1,4,4,ms
:repository:file-identity:compileDebugKotlin,Total Gradle task time,1148.88,1111.72,1115,1074,1470,1451,ms
:repository:file-identity:compileDebugKotlin,Shrink and save current classpath snapshot after compilation,34.34,33.52,30,27,54,52,ms
:repository:file-identity:compileDebugKotlin,Store build info,2.5,2.67,3,2,3,5,ms
:repository:file-identity:compileDebugKotlin,Compiler code generation,137.24,131.94,122,120,190,187,ms
:repository:file-identity:compileDebugKotlin,Remove duplicate classes,4.26,3.6,3,3,8,6,ms
:repository:file-identity:compileDebugKotlin,Run compilation,1013.42,987.78,971,942,1305,1306,ms
:repository:file-identity:compileDebugKotlin,Shrink current classpath snapshot non-incrementally,27.38,27.42,24,21,44,43,ms
:repository:file-identity:compileDebugKotlin,Spent time before task action,39.18,35.62,37,34,57,56,ms
:repository:file-identity:compileDebugKotlin,Analysis lines per second,1310,1339,1337,1335,1723,1616,
:repository:file-identity:compileDebugKotlin,Total size of the cache directory,546.2,546.2,546,546,546,546,KB
:repository:file-identity:compileDebugKotlin,Number of cache hits when loading classpath entry snapshots,121,121,121,121,121,121,
:repository:file-identity:compileDebugKotlin,Number of lines analyzed,418,418,418,418,418,418,
:repository:file-identity:compileDebugKotlin,Size of shrunk classpath snapshot,46.4,46.4,46,46,46,46,KB
:repository:file-identity:compileDebugKotlin,Number of cache misses when loading classpath entry snapshots,1,1,1,1,1,1,
:repository:file-identity:compileDebugKotlin,Total compiler iteration,1,1,1,1,1,1,
:repository:file-identity:compileDebugKotlin,Number of times classpath snapshot is shrunk and saved after compilation,1,1,1,1,1,1,
:repository:file-identity:compileDebugKotlin,Number of times classpath snapshot is loaded,1,1,1,1,1,1,
:repository:file-identity:compileDebugKotlin,Code generation lines per second,3349,3492,3436,3464,4704,4898,
:repository:file-identity:compileDebugKotlin,ABI snapshot size,18.0,18.0,18,18,18,18,B
:repository:file-identity:compileDebugKotlin,Size of classpath snapshot,6.4,6.4,6,6,6,6,MB
:repository:file-identity:compileDebugKotlin,Number of classpath entries,122,122,122,122,122,122,
:repository:file-identity:compileDebugKotlin,Save shrunk current classpath snapshot,11.5,1.5,12,2,20,2,ms
:repository:file-identity:compileDebugKotlin,Clear outputs on rebuild,1.5,,2,,2,,ms
:repository:file-identity:compileDebugKotlin,Clear output,1.0,4.0,1,4,1,4,ms
:repository:forecast-identity:compileDebugKotlin,Sources compilation round,828.26,850.28,822,813,1053,1070,ms
:repository:forecast-identity:compileDebugKotlin,Incremental compilation in daemon,915.36,942.48,914,925,1156,1150,ms
:repository:forecast-identity:compileDebugKotlin,Task action before worker execution,12.84,14.02,12,11,20,21,ms
:repository:forecast-identity:compileDebugKotlin,Compiler initialization time,37.56,38.88,36,37,56,56,ms
:repository:forecast-identity:compileDebugKotlin,Calculate output size,1.66,1.34,1,1,4,3,ms
:repository:forecast-identity:compileDebugKotlin,Compiler IR lowering,63.02,64.28,58,60,91,98,ms
:repository:forecast-identity:compileDebugKotlin,Compiler translation to IR,231.52,218.9,223,209,305,279,ms
:repository:forecast-identity:compileDebugKotlin,Compiler backend,46.14,54.2,42,50,64,79,ms
:repository:forecast-identity:compileDebugKotlin,Compiler code analysis,324.76,339.64,317,303,439,458,ms
:repository:forecast-identity:compileDebugKotlin,Run compilation in Gradle worker,944.9,975.58,940,950,1186,1188,ms
:repository:forecast-identity:compileDebugKotlin,Load current classpath snapshot,3.88,4.2,3,3,7,7,ms
:repository:forecast-identity:compileDebugKotlin,Update caches,2.36,2.12,2,2,5,5,ms
:repository:forecast-identity:compileDebugKotlin,Total Gradle task time,1063.46,1080.4,1046,1049,1341,1290,ms
:repository:forecast-identity:compileDebugKotlin,Shrink and save current classpath snapshot after compilation,31.08,30.76,26,25,50,57,ms
:repository:forecast-identity:compileDebugKotlin,Compiler code generation,109.64,119.0,102,114,146,175,ms
:repository:forecast-identity:compileDebugKotlin,Remove duplicate classes,3.52,3.9,3,3,7,6,ms
:repository:forecast-identity:compileDebugKotlin,Run compilation,941.08,971.66,937,947,1184,1182,ms
:repository:forecast-identity:compileDebugKotlin,Shrink current classpath snapshot non-incrementally,25.5,24.64,20,21,42,48,ms
:repository:forecast-identity:compileDebugKotlin,Spent time before task action,41.8,33.22,36,36,56,47,ms
:repository:forecast-identity:compileDebugKotlin,Analysis lines per second,1349,1347,1319,1378,1727,1744,
:repository:forecast-identity:compileDebugKotlin,Total size of the cache directory,563.7,563.7,564,564,564,564,KB
:repository:forecast-identity:compileDebugKotlin,Number of cache hits when loading classpath entry snapshots,109,109,109,109,109,109,
:repository:forecast-identity:compileDebugKotlin,Number of lines analyzed,418,418,418,418,418,418,
:repository:forecast-identity:compileDebugKotlin,Size of shrunk classpath snapshot,46.4,46.4,46,46,46,46,KB
:repository:forecast-identity:compileDebugKotlin,Number of cache misses when loading classpath entry snapshots,1,1,1,1,1,1,
:repository:forecast-identity:compileDebugKotlin,Total compiler iteration,1,1,1,1,1,1,
:repository:forecast-identity:compileDebugKotlin,Number of times classpath snapshot is shrunk and saved after compilation,1,1,1,1,1,1,
:repository:forecast-identity:compileDebugKotlin,Number of times classpath snapshot is loaded,1,1,1,1,1,1,
:repository:forecast-identity:compileDebugKotlin,Code generation lines per second,3957,3789,4093,3639,4975,5461,
:repository:forecast-identity:compileDebugKotlin,ABI snapshot size,18.0,18.0,18,18,18,18,B
:repository:forecast-identity:compileDebugKotlin,Size of classpath snapshot,6.0,6.0,6,6,6,6,MB
:repository:forecast-identity:compileDebugKotlin,Number of classpath entries,110,110,110,110,110,110,
:repository:forecast-identity:compileDebugKotlin,Start gradle worker,2.21,1.8,1,1,5,3,ms
:repository:forecast-identity:compileDebugKotlin,Save shrunk current classpath snapshot,3.0,14.0,3,14,3,14,ms
:repository:forecast-identity:compileDebugKotlin,Clear output,2.0,,2,,2,,ms
:repository:gallery-identity:compileDebugKotlin,Sources compilation round,910.14,905.02,893,842,1148,1138,ms
:repository:gallery-identity:compileDebugKotlin,Incremental compilation in daemon,1023.64,1023.68,1020,955,1268,1394,ms
:repository:gallery-identity:compileDebugKotlin,Task action before worker execution,11.4,13.5,10,10,20,24,ms
:repository:gallery-identity:compileDebugKotlin,Start gradle worker,1.38,1.76,1,1,3,3,ms
:repository:gallery-identity:compileDebugKotlin,Compiler initialization time,46.64,50.78,44,48,74,86,ms
:repository:gallery-identity:compileDebugKotlin,Calculate output size,1.73,2.31,1,1,4,5,ms
:repository:gallery-identity:compileDebugKotlin,Compiler IR lowering,81.22,75.86,78,73,116,109,ms
:repository:gallery-identity:compileDebugKotlin,Compiler translation to IR,239.66,249.7,221,218,324,340,ms
:repository:gallery-identity:compileDebugKotlin,Compiler backend,66.08,69.62,65,66,94,97,ms
:repository:gallery-identity:compileDebugKotlin,Compiler code analysis,336.96,329.38,333,308,437,437,ms
:repository:gallery-identity:compileDebugKotlin,Run compilation in Gradle worker,1058.9,1057.46,1039,994,1317,1420,ms
:repository:gallery-identity:compileDebugKotlin,Load current classpath snapshot,6.04,5.8,6,6,9,9,ms
:repository:gallery-identity:compileDebugKotlin,Update caches,2.42,2.32,2,2,5,5,ms
:repository:gallery-identity:compileDebugKotlin,Total Gradle task time,1171.34,1172.0,1151,1103,1438,1569,ms
:repository:gallery-identity:compileDebugKotlin,Shrink and save current classpath snapshot after compilation,44.34,42.84,43,39,70,70,ms
:repository:gallery-identity:compileDebugKotlin,Compiler code generation,147.88,145.94,141,141,211,207,ms
:repository:gallery-identity:compileDebugKotlin,Remove duplicate classes,5.3,4.86,5,5,9,9,ms
:repository:gallery-identity:compileDebugKotlin,Run compilation,1051.54,1049.02,1037,989,1304,1417,ms
:repository:gallery-identity:compileDebugKotlin,Shrink current classpath snapshot non-incrementally,36.06,34.9,35,31,56,57,ms
:repository:gallery-identity:compileDebugKotlin,Spent time before task action,31.72,34.96,28,34,51,57,ms
:repository:gallery-identity:compileDebugKotlin,Analysis lines per second,1302,1313,1252,1356,1676,1659,
:repository:gallery-identity:compileDebugKotlin,Total size of the cache directory,563.3,563.3,563,563,563,563,KB
:repository:gallery-identity:compileDebugKotlin,Number of cache hits when loading classpath entry snapshots,148,148,148,148,148,148,
:repository:gallery-identity:compileDebugKotlin,Number of lines analyzed,418,418,418,418,418,418,
:repository:gallery-identity:compileDebugKotlin,Size of shrunk classpath snapshot,46.4,46.4,46,46,46,46,KB
:repository:gallery-identity:compileDebugKotlin,Number of cache misses when loading classpath entry snapshots,1,1,1,1,1,1,
:repository:gallery-identity:compileDebugKotlin,Total compiler iteration,1,1,1,1,1,1,
:repository:gallery-identity:compileDebugKotlin,Number of times classpath snapshot is shrunk and saved after compilation,1,1,1,1,1,1,
:repository:gallery-identity:compileDebugKotlin,Number of times classpath snapshot is loaded,1,1,1,1,1,1,
:repository:gallery-identity:compileDebugKotlin,Code generation lines per second,3035,3139,2965,2971,4385,4961,
:repository:gallery-identity:compileDebugKotlin,ABI snapshot size,18.0,18.0,18,18,18,18,B
:repository:gallery-identity:compileDebugKotlin,Size of classpath snapshot,7.2,7.2,7,7,7,7,MB
:repository:gallery-identity:compileDebugKotlin,Number of classpath entries,149,149,149,149,149,149,
:repository:gallery-identity:compileDebugKotlin,Clear outputs on rebuild,2.0,,2,,3,,ms
:repository:gallery-identity:compileDebugKotlin,Save shrunk current classpath snapshot,2.67,2.0,3,2,3,3,ms
:repository:gallery-identity:compileDebugKotlin,Store build info,2.0,,2,,2,,ms
:repository:gallery-identity:compileDebugKotlin,Clear output,4.0,,4,,4,,ms
:repository:group-identity:compileDebugKotlin,Sources compilation round,897.06,913.34,891,861,1115,1179,ms
:repository:group-identity:compileDebugKotlin,Incremental compilation in daemon,1000.48,1025.16,980,975,1224,1355,ms
:repository:group-identity:compileDebugKotlin,Task action before worker execution,16.6,14.42,14,15,21,21,ms
:repository:group-identity:compileDebugKotlin,Start gradle worker,2.1,2.09,2,1,4,4,ms
:repository:group-identity:compileDebugKotlin,Compiler initialization time,53.68,48.12,45,47,99,71,ms
:repository:group-identity:compileDebugKotlin,Calculate output size,2.29,1.92,1,1,4,4,ms
:repository:group-identity:compileDebugKotlin,Compiler IR lowering,83.4,70.5,81,62,125,103,ms
:repository:group-identity:compileDebugKotlin,Compiler translation to IR,236.94,250.88,220,233,327,335,ms
:repository:group-identity:compileDebugKotlin,Compiler backend,60.12,56.46,54,48,96,88,ms
:repository:group-identity:compileDebugKotlin,Compiler code analysis,332.92,347.64,324,343,422,490,ms
:repository:group-identity:compileDebugKotlin,Run compilation in Gradle worker,1045.54,1055.74,1034,1002,1280,1388,ms
:repository:group-identity:compileDebugKotlin,Load current classpath snapshot,5.5,6.3,5,6,9,10,ms
:repository:group-identity:compileDebugKotlin,Update caches,2.34,2.36,2,2,4,5,ms
:repository:group-identity:compileDebugKotlin,Total Gradle task time,1181.92,1178.5,1172,1159,1586,1531,ms
:repository:group-identity:compileDebugKotlin,Shrink and save current classpath snapshot after compilation,37.12,39.38,29,41,61,59,ms
:repository:group-identity:compileDebugKotlin,Store build info,3.0,1.0,3,1,6,1,ms
:repository:group-identity:compileDebugKotlin,Compiler code generation,144.12,127.48,130,116,220,193,ms
:repository:group-identity:compileDebugKotlin,Remove duplicate classes,4.6,5.47,3,5,9,10,ms
:repository:group-identity:compileDebugKotlin,Run compilation,1035.22,1051.36,1017,993,1274,1385,ms
:repository:group-identity:compileDebugKotlin,Shrink current classpath snapshot non-incrementally,29.9,30.94,22,33,50,47,ms
:repository:group-identity:compileDebugKotlin,Spent time before task action,38.08,35.44,39,35,55,51,ms
:repository:group-identity:compileDebugKotlin,Analysis lines per second,1306,1298,1288,1217,1608,1773,
:repository:group-identity:compileDebugKotlin,Total size of the cache directory,546.6,546.6,547,547,547,547,KB
:repository:group-identity:compileDebugKotlin,Number of cache hits when loading classpath entry snapshots,110,110,110,110,110,110,
:repository:group-identity:compileDebugKotlin,Number of lines analyzed,418,418,418,418,418,418,
:repository:group-identity:compileDebugKotlin,Size of shrunk classpath snapshot,46.4,46.4,46,46,46,46,KB
:repository:group-identity:compileDebugKotlin,Number of cache misses when loading classpath entry snapshots,1,1,1,1,1,1,
:repository:group-identity:compileDebugKotlin,Total compiler iteration,1,1,1,1,1,1,
:repository:group-identity:compileDebugKotlin,Number of times classpath snapshot is shrunk and saved after compilation,1,1,1,1,1,1,
:repository:group-identity:compileDebugKotlin,Number of times classpath snapshot is loaded,1,1,1,1,1,1,
:repository:group-identity:compileDebugKotlin,Code generation lines per second,3245,3662,3216,3605,4708,5134,
:repository:group-identity:compileDebugKotlin,ABI snapshot size,18.0,18.0,18,18,18,18,B
:repository:group-identity:compileDebugKotlin,Size of classpath snapshot,6.0,6.0,6,6,6,6,MB
:repository:group-identity:compileDebugKotlin,Number of classpath entries,111,111,111,111,111,111,
:repository:group-identity:compileDebugKotlin,Save shrunk current classpath snapshot,3.0,2.71,3,3,3,3,ms
:repository:group-identity:compileDebugKotlin,Clear outputs on rebuild,2.0,,2,,2,,ms
:repository:group-identity:compileDebugKotlin,Clear output,2.0,,2,,2,,ms
:repository:identity-checkout:compileDebugKotlin,Sources compilation round,840.0,800.58,828,782,1073,1027,ms
:repository:identity-checkout:compileDebugKotlin,Incremental compilation in daemon,936.36,896.34,923,876,1181,1135,ms
:repository:identity-checkout:compileDebugKotlin,Task action before worker execution,13.12,10.96,13,9,19,18,ms
:repository:identity-checkout:compileDebugKotlin,Start gradle worker,1.78,1.64,1,1,3,4,ms
:repository:identity-checkout:compileDebugKotlin,Compiler initialization time,46.88,46.42,44,42,77,73,ms
:repository:identity-checkout:compileDebugKotlin,Calculate output size,1.67,1.52,1,1,4,4,ms
:repository:identity-checkout:compileDebugKotlin,Compiler IR lowering,76.0,62.94,66,60,118,97,ms
:repository:identity-checkout:compileDebugKotlin,Compiler translation to IR,230.6,218.08,217,208,304,296,ms
:repository:identity-checkout:compileDebugKotlin,Compiler backend,59.86,53.24,54,49,93,84,ms
:repository:identity-checkout:compileDebugKotlin,Compiler code analysis,307.76,301.86,294,286,395,391,ms
:repository:identity-checkout:compileDebugKotlin,Run compilation in Gradle worker,969.88,930.12,948,913,1206,1177,ms
:repository:identity-checkout:compileDebugKotlin,Load current classpath snapshot,5.52,5.34,4,4,10,9,ms
:repository:identity-checkout:compileDebugKotlin,Update caches,2.44,2.86,2,2,4,5,ms
:repository:identity-checkout:compileDebugKotlin,Total Gradle task time,1093.26,1044.5,1078,1017,1371,1343,ms
:repository:identity-checkout:compileDebugKotlin,Shrink and save current classpath snapshot after compilation,38.86,36.32,29,29,60,60,ms
:repository:identity-checkout:compileDebugKotlin,Compiler code generation,136.42,116.76,124,110,216,164,ms
:repository:identity-checkout:compileDebugKotlin,Remove duplicate classes,4.48,4.86,3,3,9,8,ms
:repository:identity-checkout:compileDebugKotlin,Run compilation,960.68,919.5,944,899,1203,1163,ms
:repository:identity-checkout:compileDebugKotlin,Shrink current classpath snapshot non-incrementally,31.0,28.98,22,23,50,51,ms
:repository:identity-checkout:compileDebugKotlin,Save shrunk current classpath snapshot,5.4,2.6,3,3,17,4,ms
:repository:identity-checkout:compileDebugKotlin,Spent time before task action,37.0,34.44,38,30,57,51,ms
:repository:identity-checkout:compileDebugKotlin,Analysis lines per second,1402,1433,1418,1463,1716,1756,
:repository:identity-checkout:compileDebugKotlin,Total size of the cache directory,563.7,563.7,564,564,564,564,KB
:repository:identity-checkout:compileDebugKotlin,Number of cache hits when loading classpath entry snapshots,142,142,142,142,142,142,
:repository:identity-checkout:compileDebugKotlin,Number of lines analyzed,418,418,418,418,418,418,
:repository:identity-checkout:compileDebugKotlin,Size of shrunk classpath snapshot,46.4,46.4,46,46,46,46,KB
:repository:identity-checkout:compileDebugKotlin,Number of cache misses when loading classpath entry snapshots,1,1,1,1,1,1,
:repository:identity-checkout:compileDebugKotlin,Total compiler iteration,1,1,1,1,1,1,
:repository:identity-checkout:compileDebugKotlin,Number of times classpath snapshot is shrunk and saved after compilation,1,1,1,1,1,1,
:repository:identity-checkout:compileDebugKotlin,Number of times classpath snapshot is loaded,1,1,1,1,1,1,
:repository:identity-checkout:compileDebugKotlin,Code generation lines per second,3370,3806,3358,3782,4523,4917,
:repository:identity-checkout:compileDebugKotlin,ABI snapshot size,18.0,18.0,18,18,18,18,B
:repository:identity-checkout:compileDebugKotlin,Size of classpath snapshot,7.0,7.0,7,7,7,7,MB
:repository:identity-checkout:compileDebugKotlin,Number of classpath entries,143,143,143,143,143,143,
:repository:identity-checkout:compileDebugKotlin,Store build info,1.5,3.75,2,3,2,6,ms
:repository:identity-checkout:compileDebugKotlin,Clear outputs on rebuild,2.0,1.0,2,1,2,1,ms
:repository:identity-identity:compileDebugKotlin,Sources compilation round,903.8,858.32,863,829,1206,1147,ms
:repository:identity-identity:compileDebugKotlin,Incremental compilation in daemon,1011.84,966.48,979,946,1333,1255,ms
:repository:identity-identity:compileDebugKotlin,Task action before worker execution,14.74,15.02,13,15,25,23,ms
:repository:identity-identity:compileDebugKotlin,Start gradle worker,1.98,2.11,1,1,5,4,ms
:repository:identity-identity:compileDebugKotlin,Compiler initialization time,47.14,46.46,42,46,75,74,ms
:repository:identity-identity:compileDebugKotlin,Calculate output size,2.06,1.53,1,1,4,4,ms
:repository:identity-identity:compileDebugKotlin,Compiler IR lowering,70.48,70.86,60,62,109,110,ms
:repository:identity-identity:compileDebugKotlin,Compiler translation to IR,264.5,227.14,237,222,365,337,ms
:repository:identity-identity:compileDebugKotlin,Compiler backend,58.46,58.22,53,47,86,97,ms
:repository:identity-identity:compileDebugKotlin,Compiler code analysis,325.74,323.88,307,294,431,435,ms
:repository:identity-identity:compileDebugKotlin,Run compilation in Gradle worker,1050.16,1005.22,1001,978,1391,1334,ms
:repository:identity-identity:compileDebugKotlin,Load current classpath snapshot,6.3,6.16,6,5,10,11,ms
:repository:identity-identity:compileDebugKotlin,Update caches,1.96,1.96,1,2,4,4,ms
:repository:identity-identity:compileDebugKotlin,Total Gradle task time,1172.82,1127.08,1127,1106,1521,1467,ms
:repository:identity-identity:compileDebugKotlin,Shrink and save current classpath snapshot after compilation,41.26,39.94,39,33,62,69,ms
:repository:identity-identity:compileDebugKotlin,Compiler code generation,129.46,129.62,120,118,184,195,ms
:repository:identity-identity:compileDebugKotlin,Remove duplicate classes,5.3,5.0,5,4,10,9,ms
:repository:identity-identity:compileDebugKotlin,Run compilation,1043.92,999.68,999,974,1382,1332,ms
:repository:identity-identity:compileDebugKotlin,Shrink current classpath snapshot non-incrementally,32.62,31.64,30,26,51,56,ms
:repository:identity-identity:compileDebugKotlin,Spent time before task action,42.5,42.16,40,40,67,64,ms
:repository:identity-identity:compileDebugKotlin,Analysis lines per second,1338,1381,1361,1417,1732,1784,
:repository:identity-identity:compileDebugKotlin,Total size of the cache directory,563.7,563.7,564,564,564,564,KB
:repository:identity-identity:compileDebugKotlin,Number of cache hits when loading classpath entry snapshots,149,149,149,149,149,149,
:repository:identity-identity:compileDebugKotlin,Number of lines analyzed,418,418,418,418,418,418,
:repository:identity-identity:compileDebugKotlin,Size of shrunk classpath snapshot,46.4,46.4,46,46,46,46,KB
:repository:identity-identity:compileDebugKotlin,Number of cache misses when loading classpath entry snapshots,1,1,1,1,1,1,
:repository:identity-identity:compileDebugKotlin,Total compiler iteration,1,1,1,1,1,1,
:repository:identity-identity:compileDebugKotlin,Number of times classpath snapshot is shrunk and saved after compilation,1,1,1,1,1,1,
:repository:identity-identity:compileDebugKotlin,Number of times classpath snapshot is loaded,1,1,1,1,1,1,
:repository:identity-identity:compileDebugKotlin,Code generation lines per second,3463,3573,3478,3535,4657,5027,
:repository:identity-identity:compileDebugKotlin,ABI snapshot size,18.0,18.0,18,18,18,18,B
:repository:identity-identity:compileDebugKotlin,Size of classpath snapshot,7.2,7.2,7,7,7,7,MB
:repository:identity-identity:compileDebugKotlin,Number of classpath entries,150,150,150,150,150,150,
:repository:identity-identity:compileDebugKotlin,Clear output,3.0,3.67,3,2,5,8,ms
:repository:identity-identity:compileDebugKotlin,Save shrunk current classpath snapshot,2.6,2.75,3,3,3,3,ms
:repository:list-identity:compileDebugKotlin,Sources compilation round,900.18,836.28,859,837,1110,1008,ms
:repository:list-identity:compileDebugKotlin,Incremental compilation in daemon,998.46,935.32,966,943,1232,1109,ms
:repository:list-identity:compileDebugKotlin,Task action before worker execution,13.1,13.92,12,11,20,20,ms
:repository:list-identity:compileDebugKotlin,Start gradle worker,1.74,1.59,1,1,3,3,ms
:repository:list-identity:compileDebugKotlin,Compiler initialization time,43.74,41.46,40,38,76,68,ms
:repository:list-identity:compileDebugKotlin,Calculate output size,1.4,1.51,1,1,3,4,ms
:repository:list-identity:compileDebugKotlin,Compiler IR lowering,63.88,65.52,58,63,91,86,ms
:repository:list-identity:compileDebugKotlin,Compiler translation to IR,264.92,231.2,239,226,340,303,ms
:repository:list-identity:compileDebugKotlin,Compiler backend,63.7,60.5,60,58,84,92,ms
:repository:list-identity:compileDebugKotlin,Compiler code analysis,330.28,315.18,310,313,429,398,ms
:repository:list-identity:compileDebugKotlin,Run compilation in Gradle worker,1029.46,965.32,1005,963,1276,1155,ms
:repository:list-identity:compileDebugKotlin,Load current classpath snapshot,5.82,6.84,5,4,10,9,ms
:repository:list-identity:compileDebugKotlin,Update caches,2.14,2.56,2,2,5,6,ms
:repository:list-identity:compileDebugKotlin,Total Gradle task time,1152.68,1072.08,1113,1070,1484,1280,ms
:repository:list-identity:compileDebugKotlin,Shrink and save current classpath snapshot after compilation,37.8,37.74,34,30,58,61,ms
:repository:list-identity:compileDebugKotlin,Compiler code generation,127.98,126.62,123,125,172,183,ms
:repository:list-identity:compileDebugKotlin,Remove duplicate classes,5.04,6.24,4,4,9,9,ms
:repository:list-identity:compileDebugKotlin,Run compilation,1021.82,960.04,995,960,1258,1131,ms
:repository:list-identity:compileDebugKotlin,Shrink current classpath snapshot non-incrementally,29.86,28.8,26,24,47,47,ms
:repository:list-identity:compileDebugKotlin,Spent time before task action,40.44,33.66,40,31,52,55,ms
:repository:list-identity:compileDebugKotlin,Analysis lines per second,1311,1389,1347,1335,1631,1733,
:repository:list-identity:compileDebugKotlin,Total size of the cache directory,546.2,546.2,546,546,546,546,KB
:repository:list-identity:compileDebugKotlin,Number of cache hits when loading classpath entry snapshots,150,150,150,150,150,150,
:repository:list-identity:compileDebugKotlin,Number of lines analyzed,418,418,418,418,418,418,
:repository:list-identity:compileDebugKotlin,Size of shrunk classpath snapshot,46.4,46.4,46,46,46,46,KB
:repository:list-identity:compileDebugKotlin,Number of cache misses when loading classpath entry snapshots,1,1,1,1,1,1,
:repository:list-identity:compileDebugKotlin,Total compiler iteration,1,1,1,1,1,1,
:repository:list-identity:compileDebugKotlin,Number of times classpath snapshot is shrunk and saved after compilation,1,1,1,1,1,1,
:repository:list-identity:compileDebugKotlin,Number of times classpath snapshot is loaded,1,1,1,1,1,1,
:repository:list-identity:compileDebugKotlin,Code generation lines per second,3456,3573,3390,3346,4436,5069,
:repository:list-identity:compileDebugKotlin,ABI snapshot size,18.0,18.0,18,18,18,18,B
:repository:list-identity:compileDebugKotlin,Size of classpath snapshot,7.3,7.3,7,7,7,7,MB
:repository:list-identity:compileDebugKotlin,Number of classpath entries,151,151,151,151,151,151,
:repository:list-identity:compileDebugKotlin,Store build info,3.0,1.0,3,1,3,1,ms
:repository:list-identity:compileDebugKotlin,Save shrunk current classpath snapshot,3.0,1.75,3,2,3,3,ms
:repository:list-identity:compileDebugKotlin,Clear output,2.0,,2,,2,,ms
:repository:location-identity:compileDebugKotlin,Sources compilation round,899.48,872.44,901,825,1124,1200,ms
:repository:location-identity:compileDebugKotlin,Incremental compilation in daemon,1005.84,989.26,996,940,1312,1309,ms
:repository:location-identity:compileDebugKotlin,Task action before worker execution,14.86,13.56,13,14,21,19,ms
:repository:location-identity:compileDebugKotlin,Compiler initialization time,49.14,49.92,43,39,83,86,ms
:repository:location-identity:compileDebugKotlin,Calculate output size,1.76,3.29,1,3,4,7,ms
:repository:location-identity:compileDebugKotlin,Compiler IR lowering,86.88,79.62,80,78,138,121,ms
:repository:location-identity:compileDebugKotlin,Compiler translation to IR,238.12,243.46,234,224,296,327,ms
:repository:location-identity:compileDebugKotlin,Compiler backend,63.44,60.36,55,52,104,89,ms
:repository:location-identity:compileDebugKotlin,Compiler code analysis,330.8,318.0,307,303,463,437,ms
:repository:location-identity:compileDebugKotlin,Run compilation in Gradle worker,1051.04,1027.2,1029,977,1353,1361,ms
:repository:location-identity:compileDebugKotlin,Load current classpath snapshot,5.96,5.82,5,5,11,10,ms
:repository:location-identity:compileDebugKotlin,Update caches,2.2,1.96,2,2,5,4,ms
:repository:location-identity:compileDebugKotlin,Total Gradle task time,1177.16,1145.94,1133,1086,1503,1482,ms
:repository:location-identity:compileDebugKotlin,Shrink and save current classpath snapshot after compilation,37.66,41.12,31,39,60,67,ms
:repository:location-identity:compileDebugKotlin,Compiler code generation,150.8,140.48,136,134,233,211,ms
:repository:location-identity:compileDebugKotlin,Remove duplicate classes,5.14,5.12,4,5,9,9,ms
:repository:location-identity:compileDebugKotlin,Run compilation,1038.22,1017.7,1026,968,1332,1331,ms
:repository:location-identity:compileDebugKotlin,Shrink current classpath snapshot non-incrementally,29.74,33.02,24,32,48,52,ms
:repository:location-identity:compileDebugKotlin,Spent time before task action,38.22,33.42,39,31,56,50,ms
:repository:location-identity:compileDebugKotlin,Analysis lines per second,1331,1371,1359,1378,1679,1740,
:repository:location-identity:compileDebugKotlin,Total size of the cache directory,563.7,563.7,564,564,564,564,KB
:repository:location-identity:compileDebugKotlin,Number of cache hits when loading classpath entry snapshots,139,139,139,139,139,139,
:repository:location-identity:compileDebugKotlin,Number of lines analyzed,418,418,418,418,418,418,
:repository:location-identity:compileDebugKotlin,Size of shrunk classpath snapshot,46.4,46.4,46,46,46,46,KB
:repository:location-identity:compileDebugKotlin,Number of cache misses when loading classpath entry snapshots,1,1,1,1,1,1,
:repository:location-identity:compileDebugKotlin,Total compiler iteration,1,1,1,1,1,1,
:repository:location-identity:compileDebugKotlin,Number of times classpath snapshot is shrunk and saved after compilation,1,1,1,1,1,1,
:repository:location-identity:compileDebugKotlin,Number of times classpath snapshot is loaded,1,1,1,1,1,1,
:repository:location-identity:compileDebugKotlin,Code generation lines per second,3083,3317,3063,3105,4367,4648,
:repository:location-identity:compileDebugKotlin,ABI snapshot size,18.0,18.0,18,18,18,18,B
:repository:location-identity:compileDebugKotlin,Size of classpath snapshot,6.9,6.9,7,7,7,7,MB
:repository:location-identity:compileDebugKotlin,Number of classpath entries,140,140,140,140,140,140,
:repository:location-identity:compileDebugKotlin,Start gradle worker,1.67,1.52,1,1,3,3,ms
:repository:location-identity:compileDebugKotlin,Save shrunk current classpath snapshot,2.5,3.0,3,3,3,6,ms
:repository:location-identity:compileDebugKotlin,Store build info,3.0,2.0,3,2,4,2,ms
:repository:log-identity:compileDebugKotlin,Sources compilation round,811.38,778.0,771,730,1020,1040,ms
:repository:log-identity:compileDebugKotlin,Incremental compilation in daemon,909.5,887.44,889,821,1114,1217,ms
:repository:log-identity:compileDebugKotlin,Task action before worker execution,12.78,11.68,10,11,21,18,ms
:repository:log-identity:compileDebugKotlin,Compiler initialization time,43.2,42.18,41,38,72,63,ms
:repository:log-identity:compileDebugKotlin,Calculate output size,1.57,1.72,1,1,4,4,ms
:repository:log-identity:compileDebugKotlin,Compiler IR lowering,68.12,70.88,60,55,102,104,ms
:repository:log-identity:compileDebugKotlin,Compiler translation to IR,227.9,206.74,220,209,311,270,ms
:repository:log-identity:compileDebugKotlin,Compiler backend,52.38,50.52,48,48,80,77,ms
:repository:log-identity:compileDebugKotlin,Compiler code analysis,301.18,293.92,285,283,379,381,ms
:repository:log-identity:compileDebugKotlin,Run compilation in Gradle worker,948.44,919.06,912,854,1165,1250,ms
:repository:log-identity:compileDebugKotlin,Load current classpath snapshot,4.4,5.22,4,4,7,10,ms
:repository:log-identity:compileDebugKotlin,Update caches,1.56,1.54,1,1,3,3,ms
:repository:log-identity:compileDebugKotlin,Total Gradle task time,1058.36,1026.92,1032,953,1274,1381,ms
:repository:log-identity:compileDebugKotlin,Shrink and save current classpath snapshot after compilation,32.98,34.12,29,27,53,68,ms
:repository:log-identity:compileDebugKotlin,Compiler code generation,121.1,121.9,115,106,176,183,ms
:repository:log-identity:compileDebugKotlin,Remove duplicate classes,3.92,4.66,3,3,6,9,ms
:repository:log-identity:compileDebugKotlin,Run compilation,943.26,913.42,907,847,1145,1245,ms
:repository:log-identity:compileDebugKotlin,Shrink current classpath snapshot non-incrementally,26.48,26.68,23,22,45,51,ms
:repository:log-identity:compileDebugKotlin,Spent time before task action,32.94,30.44,30,30,47,46,ms
:repository:log-identity:compileDebugKotlin,Analysis lines per second,1427,1500,1467,1473,1734,1783,
:repository:log-identity:compileDebugKotlin,Total size of the cache directory,545.8,545.8,546,546,546,546,KB
:repository:log-identity:compileDebugKotlin,Number of cache hits when loading classpath entry snapshots,131,131,131,131,131,131,
:repository:log-identity:compileDebugKotlin,Number of lines analyzed,418,418,418,418,418,418,
:repository:log-identity:compileDebugKotlin,Size of shrunk classpath snapshot,46.4,46.4,46,46,46,46,KB
:repository:log-identity:compileDebugKotlin,Number of cache misses when loading classpath entry snapshots,1,1,1,1,1,1,
:repository:log-identity:compileDebugKotlin,Total compiler iteration,1,1,1,1,1,1,
:repository:log-identity:compileDebugKotlin,Number of times classpath snapshot is shrunk and saved after compilation,1,1,1,1,1,1,
:repository:log-identity:compileDebugKotlin,Number of times classpath snapshot is loaded,1,1,1,1,1,1,
:repository:log-identity:compileDebugKotlin,Code generation lines per second,3722,3975,3611,3908,4979,5528,
:repository:log-identity:compileDebugKotlin,ABI snapshot size,18.0,18.0,18,18,18,18,B
:repository:log-identity:compileDebugKotlin,Size of classpath snapshot,6.7,6.7,7,7,7,7,MB
:repository:log-identity:compileDebugKotlin,Number of classpath entries,132,132,132,132,132,132,
:repository:log-identity:compileDebugKotlin,Start gradle worker,2.05,2.07,1,1,4,5,ms
:repository:log-identity:compileDebugKotlin,Save shrunk current classpath snapshot,2.5,4.75,3,3,3,13,ms
:repository:login-checkout:compileDebugKotlin,Sources compilation round,900.42,939.96,851,886,1172,1206,ms
:repository:login-checkout:compileDebugKotlin,Incremental compilation in daemon,1001.7,1044.96,955,981,1367,1320,ms
:repository:login-checkout:compileDebugKotlin,Task action before worker execution,13.9,12.06,12,11,22,17,ms
:repository:login-checkout:compileDebugKotlin,Start gradle worker,1.74,1.74,1,1,3,4,ms
:repository:login-checkout:compileDebugKotlin,Compiler initialization time,45.42,42.78,40,38,76,68,ms
:repository:login-checkout:compileDebugKotlin,Calculate output size,1.88,3.41,1,1,4,4,ms
:repository:login-checkout:compileDebugKotlin,Compiler IR lowering,80.0,80.52,70,71,113,117,ms
:repository:login-checkout:compileDebugKotlin,Compiler translation to IR,242.98,281.62,231,244,327,342,ms
:repository:login-checkout:compileDebugKotlin,Compiler backend,61.86,62.64,50,56,85,94,ms
:repository:login-checkout:compileDebugKotlin,Compiler code analysis,337.48,333.94,313,321,449,455,ms
:repository:login-checkout:compileDebugKotlin,Run compilation in Gradle worker,1045.56,1073.96,979,1023,1422,1348,ms
:repository:login-checkout:compileDebugKotlin,Load current classpath snapshot,4.44,4.44,4,3,9,8,ms
:repository:login-checkout:compileDebugKotlin,Update caches,1.92,2.5,2,1,4,5,ms
:repository:login-checkout:compileDebugKotlin,Total Gradle task time,1166.96,1191.54,1083,1169,1564,1481,ms
:repository:login-checkout:compileDebugKotlin,Shrink and save current classpath snapshot after compilation,30.72,34.56,26,33,50,58,ms
:repository:login-checkout:compileDebugKotlin,Compiler code generation,142.26,143.72,121,135,205,202,ms
:repository:login-checkout:compileDebugKotlin,Remove duplicate classes,3.84,3.7,3,3,6,7,ms
:repository:login-checkout:compileDebugKotlin,Run compilation,1035.32,1068.26,975,1005,1395,1345,ms
:repository:login-checkout:compileDebugKotlin,Shrink current classpath snapshot non-incrementally,24.44,28.28,21,26,42,51,ms
:repository:login-checkout:compileDebugKotlin,Spent time before task action,35.78,32.02,34,34,55,46,ms
:repository:login-checkout:compileDebugKotlin,Analysis lines per second,1299,1324,1336,1303,1603,1745,
:repository:login-checkout:compileDebugKotlin,Total size of the cache directory,546.6,546.6,547,547,547,547,KB
:repository:login-checkout:compileDebugKotlin,Number of cache hits when loading classpath entry snapshots,106,106,106,106,106,106,
:repository:login-checkout:compileDebugKotlin,Number of lines analyzed,418,418,418,418,418,418,
:repository:login-checkout:compileDebugKotlin,Size of shrunk classpath snapshot,46.4,46.4,46,46,46,46,KB
:repository:login-checkout:compileDebugKotlin,Number of cache misses when loading classpath entry snapshots,1,1,1,1,1,1,
:repository:login-checkout:compileDebugKotlin,Total compiler iteration,1,1,1,1,1,1,
:repository:login-checkout:compileDebugKotlin,Number of times classpath snapshot is shrunk and saved after compilation,1,1,1,1,1,1,
:repository:login-checkout:compileDebugKotlin,Number of times classpath snapshot is loaded,1,1,1,1,1,1,
:repository:login-checkout:compileDebugKotlin,Code generation lines per second,3235,3091,3459,3086,4198,4116,
:repository:login-checkout:compileDebugKotlin,ABI snapshot size,18.0,18.0,18,18,18,18,B
:repository:login-checkout:compileDebugKotlin,Size of classpath snapshot,5.9,5.9,6,6,6,6,MB
:repository:login-checkout:compileDebugKotlin,Number of classpath entries,107,107,107,107,107,107,
:repository:login-checkout:compileDebugKotlin,Save shrunk current classpath snapshot,4.33,2.2,3,2,7,5,ms
:repository:login-checkout:compileDebugKotlin,Clear outputs on rebuild,1.0,,1,,1,,ms
:repository:map-identity:compileDebugKotlin,Sources compilation round,885.78,896.02,861,850,1071,1197,ms
:repository:map-identity:compileDebugKotlin,Incremental compilation in daemon,985.82,996.0,961,938,1163,1317,ms
:repository:map-identity:compileDebugKotlin,Task action before worker execution,14.22,15.12,11,11,20,18,ms
:repository:map-identity:compileDebugKotlin,Start gradle worker,1.6,3.77,1,1,4,3,ms
:repository:map-identity:compileDebugKotlin,Compiler initialization time,46.3,45.52,44,44,71,68,ms
:repository:map-identity:compileDebugKotlin,Calculate output size,1.85,1.87,1,1,4,4,ms
:repository:map-identity:compileDebugKotlin,Compiler IR lowering,80.06,70.58,71,63,127,113,ms
:repository:map-identity:compileDebugKotlin,Compiler translation to IR,239.34,243.96,234,228,295,313,ms
:repository:map-identity:compileDebugKotlin,Compiler backend,52.02,50.44,45,42,83,83,ms
:repository:map-identity:compileDebugKotlin,Compiler code analysis,332.92,351.46,324,339,438,454,ms
:repository:map-identity:compileDebugKotlin,Run compilation in Gradle worker,1034.14,1035.34,994,966,1284,1353,ms
:repository:map-identity:compileDebugKotlin,Load current classpath snapshot,5.22,4.54,4,3,9,9,ms
:repository:map-identity:compileDebugKotlin,Update caches,1.94,1.78,1,1,4,4,ms
:repository:map-identity:compileDebugKotlin,Total Gradle task time,1158.32,1148.18,1108,1069,1414,1517,ms
:repository:map-identity:compileDebugKotlin,Shrink and save current classpath snapshot after compilation,36.92,34.28,32,29,58,51,ms
:repository:map-identity:compileDebugKotlin,Compiler code generation,132.44,121.4,113,114,209,177,ms
:repository:map-identity:compileDebugKotlin,Remove duplicate classes,4.7,4.12,4,3,9,8,ms
:repository:map-identity:compileDebugKotlin,Run compilation,1014.86,1030.16,981,962,1191,1348,ms
:repository:map-identity:compileDebugKotlin,Shrink current classpath snapshot non-incrementally,29.82,27.66,24,24,47,46,ms
:repository:map-identity:compileDebugKotlin,Spent time before task action,35.14,35.72,34,35,51,56,ms
:repository:map-identity:compileDebugKotlin,Analysis lines per second,1309,1269,1289,1234,1717,1689,
:repository:map-identity:compileDebugKotlin,Total size of the cache directory,545.8,545.8,546,546,546,546,KB
:repository:map-identity:compileDebugKotlin,Number of cache hits when loading classpath entry snapshots,148,148,148,148,148,148,
:repository:map-identity:compileDebugKotlin,Number of lines analyzed,418,418,418,418,418,418,
:repository:map-identity:compileDebugKotlin,Size of shrunk classpath snapshot,46.4,46.4,46,46,46,46,KB
:repository:map-identity:compileDebugKotlin,Number of cache misses when loading classpath entry snapshots,1,1,1,1,1,1,
:repository:map-identity:compileDebugKotlin,Total compiler iteration,1,1,1,1,1,1,
:repository:map-identity:compileDebugKotlin,Number of times classpath snapshot is shrunk and saved after compilation,1,1,1,1,1,1,
:repository:map-identity:compileDebugKotlin,Number of times classpath snapshot is loaded,1,1,1,1,1,1,
:repository:map-identity:compileDebugKotlin,Code generation lines per second,3386,3676,3682,3658,4376,4830,
:repository:map-identity:compileDebugKotlin,ABI snapshot size,18.0,18.0,18,18,18,18,B
:repository:map-identity:compileDebugKotlin,Size of classpath snapshot,7.2,7.2,7,7,7,7,MB
:repository:map-identity:compileDebugKotlin,Number of classpath entries,149,149,149,149,149,149,
:repository:map-identity:compileDebugKotlin,Save shrunk current classpath snapshot,2.0,3.0,2,3,3,3,ms
:repository:map-identity:compileDebugKotlin,Clear outputs on rebuild,2.0,,2,,3,,ms
:repository:map-identity:compileDebugKotlin,Store build info,1.0,,1,,1,,ms
:repository:media-identity:compileDebugKotlin,Sources compilation round,898.74,832.96,895,833,1084,1060,ms
:repository:media-identity:compileDebugKotlin,Incremental compilation in daemon,1008.88,942.2,985,925,1261,1219,ms
:repository:media-identity:compileDebugKotlin,Task action before worker execution,14.92,12.42,13,12,24,18,ms
:repository:media-identity:compileDebugKotlin,Start gradle worker,2.23,1.59,2,1,4,3,ms
:repository:media-identity:compileDebugKotlin,Compiler initialization time,47.04,44.28,41,38,78,82,ms
:repository:media-identity:compileDebugKotlin,Calculate output size,1.91,1.73,1,1,5,4,ms
:repository:media-identity:compileDebugKotlin,Compiler IR lowering,77.04,67.8,67,60,113,109,ms
:repository:media-identity:compileDebugKotlin,Compiler translation to IR,253.4,233.88,247,220,327,317,ms
:repository:media-identity:compileDebugKotlin,Compiler backend,68.46,54.98,63,50,117,81,ms
:repository:media-identity:compileDebugKotlin,Compiler code analysis,325.78,307.62,314,298,425,382,ms
:repository:media-identity:compileDebugKotlin,Run compilation in Gradle worker,1049.4,975.44,1019,944,1302,1266,ms
:repository:media-identity:compileDebugKotlin,Load current classpath snapshot,6.26,5.22,5,5,12,9,ms
:repository:media-identity:compileDebugKotlin,Update caches,2.1,2.46,2,2,4,5,ms
:repository:media-identity:compileDebugKotlin,Total Gradle task time,1173.42,1087.78,1147,1057,1450,1373,ms
:repository:media-identity:compileDebugKotlin,Shrink and save current classpath snapshot after compilation,40.76,39.04,29,34,67,62,ms
:repository:media-identity:compileDebugKotlin,Compiler code generation,146.1,123.26,129,112,262,180,ms
:repository:media-identity:compileDebugKotlin,Remove duplicate classes,5.22,4.68,4,3,11,7,ms
:repository:media-identity:compileDebugKotlin,Run compilation,1037.68,968.82,1009,941,1299,1249,ms
:repository:media-identity:compileDebugKotlin,Shrink current classpath snapshot non-incrementally,32.44,31.66,23,26,53,50,ms
:repository:media-identity:compileDebugKotlin,Spent time before task action,36.02,30.82,35,30,53,48,ms
:repository:media-identity:compileDebugKotlin,Analysis lines per second,1331,1409,1332,1403,1675,1801,
:repository:media-identity:compileDebugKotlin,Total size of the cache directory,546.6,546.6,547,547,547,547,KB
:repository:media-identity:compileDebugKotlin,Number of cache hits when loading classpath entry snapshots,117,117,117,117,117,117,
:repository:media-identity:compileDebugKotlin,Number of lines analyzed,418,418,418,418,418,418,
:repository:media-identity:compileDebugKotlin,Size of shrunk classpath snapshot,46.4,46.4,46,46,46,46,KB
:repository:media-identity:compileDebugKotlin,Number of cache misses when loading classpath entry snapshots,1,1,1,1,1,1,
:repository:media-identity:compileDebugKotlin,Total compiler iteration,1,1,1,1,1,1,
:repository:media-identity:compileDebugKotlin,Number of times classpath snapshot is shrunk and saved after compilation,1,1,1,1,1,1,
:repository:media-identity:compileDebugKotlin,Number of times classpath snapshot is loaded,1,1,1,1,1,1,
:repository:media-identity:compileDebugKotlin,Code generation lines per second,3215,3672,3229,3737,4418,4865,
:repository:media-identity:compileDebugKotlin,ABI snapshot size,18.0,18.0,18,18,18,18,B
:repository:media-identity:compileDebugKotlin,Size of classpath snapshot,6.2,6.2,6,6,6,6,MB
:repository:media-identity:compileDebugKotlin,Number of classpath entries,118,118,118,118,118,118,
:repository:media-identity:compileDebugKotlin,Clear outputs on rebuild,1.0,,1,,1,,ms
:repository:media-identity:compileDebugKotlin,Save shrunk current classpath snapshot,2.33,3.0,3,3,3,4,ms
:repository:media-identity:compileDebugKotlin,Store build info,5.0,3.0,5,3,5,4,ms
:repository:message-identity:compileDebugKotlin,Sources compilation round,898.78,854.7,885,867,1134,1064,ms
:repository:message-identity:compileDebugKotlin,Incremental compilation in daemon,1019.56,956.48,1000,953,1273,1182,ms
:repository:message-identity:compileDebugKotlin,Task action before worker execution,13.64,13.36,13,11,20,21,ms
:repository:message-identity:compileDebugKotlin,Compiler initialization time,49.92,47.46,42,43,78,67,ms
:repository:message-identity:compileDebugKotlin,Calculate output size,3.68,1.57,1,1,3,4,ms
:repository:message-identity:compileDebugKotlin,Compiler IR lowering,70.22,73.36,67,67,98,108,ms
:repository:message-identity:compileDebugKotlin,Compiler translation to IR,251.2,232.28,238,227,337,315,ms
:repository:message-identity:compileDebugKotlin,Compiler backend,57.3,56.04,51,52,88,81,ms
:repository:message-identity:compileDebugKotlin,Compiler code analysis,330.16,314.52,318,296,431,395,ms
:repository:message-identity:compileDebugKotlin,Run compilation in Gradle worker,1053.04,989.14,1028,980,1309,1227,ms
:repository:message-identity:compileDebugKotlin,Load current classpath snapshot,5.46,5.16,5,5,9,9,ms
:repository:message-identity:compileDebugKotlin,Update caches,2.18,2.12,2,1,4,5,ms
:repository:message-identity:compileDebugKotlin,Total Gradle task time,1178.88,1102.82,1146,1077,1477,1366,ms
:repository:message-identity:compileDebugKotlin,Shrink and save current classpath snapshot after compilation,50.72,36.52,36,31,78,59,ms
:repository:message-identity:compileDebugKotlin,Compiler code generation,128.12,129.9,118,126,177,176,ms
:repository:message-identity:compileDebugKotlin,Remove duplicate classes,4.84,4.36,4,4,8,8,ms
:repository:message-identity:compileDebugKotlin,Run compilation,1048.08,984.2,1025,977,1299,1206,ms
:repository:message-identity:compileDebugKotlin,Shrink current classpath snapshot non-incrementally,43.1,29.46,29,25,69,47,ms
:repository:message-identity:compileDebugKotlin,Spent time before task action,38.28,33.34,37,32,54,52,ms
:repository:message-identity:compileDebugKotlin,Analysis lines per second,1303,1378,1315,1412,1605,1765,
:repository:message-identity:compileDebugKotlin,Total size of the cache directory,563.3,563.3,563,563,563,563,KB
:repository:message-identity:compileDebugKotlin,Number of cache hits when loading classpath entry snapshots,141,141,141,141,141,141,
:repository:message-identity:compileDebugKotlin,Number of lines analyzed,418,418,418,418,418,418,
:repository:message-identity:compileDebugKotlin,Size of shrunk classpath snapshot,46.4,46.4,46,46,46,46,KB
:repository:message-identity:compileDebugKotlin,Number of cache misses when loading classpath entry snapshots,1,1,1,1,1,1,
:repository:message-identity:compileDebugKotlin,Total compiler iteration,1,1,1,1,1,1,
:repository:message-identity:compileDebugKotlin,Number of times classpath snapshot is shrunk and saved after compilation,1,1,1,1,1,1,
:repository:message-identity:compileDebugKotlin,Number of times classpath snapshot is loaded,1,1,1,1,1,1,
:repository:message-identity:compileDebugKotlin,Code generation lines per second,3537,3508,3544,3307,4872,4872,
:repository:message-identity:compileDebugKotlin,ABI snapshot size,18.0,18.0,18,18,18,18,B
:repository:message-identity:compileDebugKotlin,Size of classpath snapshot,7.0,7.0,7,7,7,7,MB
:repository:message-identity:compileDebugKotlin,Number of classpath entries,142,142,142,142,142,142,
:repository:message-identity:compileDebugKotlin,Start gradle worker,1.79,2.0,1,1,4,4,ms
:repository:message-identity:compileDebugKotlin,Store build info,4.0,2.0,4,2,4,2,ms
:repository:message-identity:compileDebugKotlin,Save shrunk current classpath snapshot,2.0,2.0,2,2,3,3,ms
:repository:metric-identity:compileDebugKotlin,Sources compilation round,916.3,876.52,897,823,1231,1164,ms
:repository:metric-identity:compileDebugKotlin,Incremental compilation in daemon,1023.24,979.76,991,918,1411,1275,ms
:repository:metric-identity:compileDebugKotlin,Task action before worker execution,13.16,12.76,10,13,25,20,ms
:repository:metric-identity:compileDebugKotlin,Start gradle worker,1.82,1.73,1,1,3,3,ms
:repository:metric-identity:compileDebugKotlin,Compiler initialization time,45.1,47.42,42,45,73,72,ms
:repository:metric-identity:compileDebugKotlin,Calculate output size,1.61,1.76,1,1,4,4,ms
:repository:metric-identity:compileDebugKotlin,Compiler IR lowering,91.22,78.74,73,70,113,111,ms
:repository:metric-identity:compileDebugKotlin,Compiler translation to IR,242.84,237.66,235,223,330,329,ms
:repository:metric-identity:compileDebugKotlin,Compiler backend,61.42,59.3,55,55,89,88,ms
:repository:metric-identity:compileDebugKotlin,Compiler code analysis,340.88,328.94,338,318,449,444,ms
:repository:metric-identity:compileDebugKotlin,Run compilation in Gradle worker,1051.06,1020.8,1020,953,1442,1303,ms
:repository:metric-identity:compileDebugKotlin,Load current classpath snapshot,4.96,5.52,5,4,8,9,ms
:repository:metric-identity:compileDebugKotlin,Update caches,1.94,2.02,2,2,4,4,ms
:repository:metric-identity:compileDebugKotlin,Total Gradle task time,1171.6,1134.34,1133,1081,1607,1454,ms
:repository:metric-identity:compileDebugKotlin,Shrink and save current classpath snapshot after compilation,36.4,35.64,29,34,53,56,ms
:repository:metric-identity:compileDebugKotlin,Compiler code generation,153.16,138.5,134,129,191,197,ms
:repository:metric-identity:compileDebugKotlin,Remove duplicate classes,4.22,4.78,3,4,7,8,ms
:repository:metric-identity:compileDebugKotlin,Run compilation,1044.8,1015.0,1011,948,1438,1297,ms
:repository:metric-identity:compileDebugKotlin,Shrink current classpath snapshot non-incrementally,29.44,28.08,24,25,43,45,ms
:repository:metric-identity:compileDebugKotlin,Spent time before task action,37.0,39.74,35,31,52,56,ms
:repository:metric-identity:compileDebugKotlin,Analysis lines per second,1301,1377,1235,1312,1735,1831,
:repository:metric-identity:compileDebugKotlin,Total size of the cache directory,563.0,563.0,563,563,563,563,KB
:repository:metric-identity:compileDebugKotlin,Number of cache hits when loading classpath entry snapshots,122,122,122,122,122,122,
:repository:metric-identity:compileDebugKotlin,Number of lines analyzed,418,418,418,418,418,418,
:repository:metric-identity:compileDebugKotlin,Size of shrunk classpath snapshot,46.4,46.4,46,46,46,46,KB
:repository:metric-identity:compileDebugKotlin,Number of cache misses when loading classpath entry snapshots,1,1,1,1,1,1,
:repository:metric-identity:compileDebugKotlin,Total compiler iteration,1,1,1,1,1,1,
:repository:metric-identity:compileDebugKotlin,Number of times classpath snapshot is shrunk and saved after compilation,1,1,1,1,1,1,
:repository:metric-identity:compileDebugKotlin,Number of times classpath snapshot is loaded,1,1,1,1,1,1,
:repository:metric-identity:compileDebugKotlin,Code generation lines per second,3161,3344,3112,3225,4424,4855,
:repository:metric-identity:compileDebugKotlin,ABI snapshot size,18.0,18.0,18,18,18,18,B
:repository:metric-identity:compileDebugKotlin,Size of classpath snapshot,6.4,6.4,6,6,6,6,MB
:repository:metric-identity:compileDebugKotlin,Number of classpath entries,123,123,123,123,123,123,
:repository:metric-identity:compileDebugKotlin,Save shrunk current classpath snapshot,2.25,2.67,3,1,3,6,ms
:repository:metric-identity:compileDebugKotlin,Store build info,3.0,2.0,3,2,4,3,ms
:repository:metric-identity:compileDebugKotlin,Clear output,1.5,3.33,2,3,2,5,ms
:repository:network-identity:compileDebugKotlin,Sources compilation round,951.04,927.62,885,878,1296,1249,ms
:repository:network-identity:compileDebugKotlin,Incremental compilation in daemon,1054.02,1032.62,992,963,1433,1369,ms
:repository:network-identity:compileDebugKotlin,Task action before worker execution,11.02,13.16,10,13,17,20,ms
:repository:network-identity:compileDebugKotlin,Compiler initialization time,71.22,57.5,47,46,87,93,ms
:repository:network-identity:compileDebugKotlin,Calculate output size,1.88,2.13,1,1,4,4,ms
:repository:network-identity:compileDebugKotlin,Compiler IR lowering,76.24,81.34,68,69,118,107,ms
:repository:network-identity:compileDebugKotlin,Compiler translation to IR,271.18,247.7,242,230,353,333,ms
:repository:network-identity:compileDebugKotlin,Compiler backend,59.2,52.4,49,48,84,75,ms
:repository:network-identity:compileDebugKotlin,Compiler code analysis,333.76,351.76,319,327,427,510,ms
:repository:network-identity:compileDebugKotlin,Run compilation in Gradle worker,1093.72,1066.14,1018,1014,1478,1416,ms
:repository:network-identity:compileDebugKotlin,Load current classpath snapshot,5.8,5.32,5,4,11,11,ms
:repository:network-identity:compileDebugKotlin,Update caches,4.18,2.2,2,2,5,4,ms
:repository:network-identity:compileDebugKotlin,Total Gradle task time,1215.46,1181.04,1138,1115,1673,1625,ms
:repository:network-identity:compileDebugKotlin,Shrink and save current classpath snapshot after compilation,36.66,38.58,34,33,58,59,ms
:repository:network-identity:compileDebugKotlin,Compiler code generation,135.96,134.2,120,120,210,179,ms
:repository:network-identity:compileDebugKotlin,Remove duplicate classes,4.84,4.74,5,3,9,8,ms
:repository:network-identity:compileDebugKotlin,Run compilation,1082.78,1060.34,1016,999,1458,1411,ms
:repository:network-identity:compileDebugKotlin,Shrink current classpath snapshot non-incrementally,28.76,31.02,25,24,47,48,ms
:repository:network-identity:compileDebugKotlin,Spent time before task action,35.08,38.14,33,32,53,54,ms
:repository:network-identity:compileDebugKotlin,Analysis lines per second,1312,1293,1307,1277,1703,1713,
:repository:network-identity:compileDebugKotlin,Total size of the cache directory,563.3,563.3,563,563,563,563,KB
:repository:network-identity:compileDebugKotlin,Number of cache hits when loading classpath entry snapshots,132,132,132,132,132,132,
:repository:network-identity:compileDebugKotlin,Number of lines analyzed,418,418,418,418,418,418,
:repository:network-identity:compileDebugKotlin,Size of shrunk classpath snapshot,46.4,46.4,46,46,46,46,KB
:repository:network-identity:compileDebugKotlin,Number of cache misses when loading classpath entry snapshots,1,1,1,1,1,1,
:repository:network-identity:compileDebugKotlin,Total compiler iteration,1,1,1,1,1,1,
:repository:network-identity:compileDebugKotlin,Number of times classpath snapshot is shrunk and saved after compilation,1,1,1,1,1,1,
:repository:network-identity:compileDebugKotlin,Number of times classpath snapshot is loaded,1,1,1,1,1,1,
:repository:network-identity:compileDebugKotlin,Code generation lines per second,3333,3521,3472,3485,4471,4694,
:repository:network-identity:compileDebugKotlin,ABI snapshot size,18.0,18.0,18,18,18,18,B
:repository:network-identity:compileDebugKotlin,Size of classpath snapshot,6.7,6.7,7,7,7,7,MB
:repository:network-identity:compileDebugKotlin,Number of classpath entries,133,133,133,133,133,133,
:repository:network-identity:compileDebugKotlin,Start gradle worker,1.87,1.55,1,1,4,3,ms
:repository:network-identity:compileDebugKotlin,Save shrunk current classpath snapshot,3.0,2.0,3,2,5,3,ms
:repository:network-identity:compileDebugKotlin,Clear outputs on rebuild,1.67,,2,,2,,ms
:repository:news-identity:compileDebugKotlin,Sources compilation round,916.04,939.24,893,870,1190,1245,ms
:repository:news-identity:compileDebugKotlin,Incremental compilation in daemon,1015.14,1034.02,975,980,1301,1380,ms
:repository:news-identity:compileDebugKotlin,Task action before worker execution,11.82,11.58,10,10,19,18,ms
:repository:news-identity:compileDebugKotlin,Start gradle worker,2.0,2.0,1,1,5,4,ms
:repository:news-identity:compileDebugKotlin,Compiler initialization time,49.04,48.98,45,46,72,83,ms
:repository:news-identity:compileDebugKotlin,Calculate output size,2.0,1.71,1,1,4,4,ms
:repository:news-identity:compileDebugKotlin,Compiler IR lowering,78.1,74.84,75,69,112,111,ms
:repository:news-identity:compileDebugKotlin,Compiler translation to IR,253.7,260.1,226,231,350,359,ms
:repository:news-identity:compileDebugKotlin,Compiler backend,53.68,59.54,48,52,78,101,ms
:repository:news-identity:compileDebugKotlin,Compiler code analysis,341.08,355.46,328,319,446,507,ms
:repository:news-identity:compileDebugKotlin,Run compilation in Gradle worker,1063.5,1065.9,1033,1014,1330,1414,ms
:repository:news-identity:compileDebugKotlin,Load current classpath snapshot,4.66,4.68,3,3,9,9,ms
:repository:news-identity:compileDebugKotlin,Update caches,1.94,2.42,2,2,4,5,ms
:repository:news-identity:compileDebugKotlin,Total Gradle task time,1194.34,1172.44,1154,1131,1537,1548,ms
:repository:news-identity:compileDebugKotlin,Shrink and save current classpath snapshot after compilation,32.58,31.46,27,27,52,53,ms
:repository:news-identity:compileDebugKotlin,Compiler code generation,132.32,134.94,121,121,184,202,ms
:repository:news-identity:compileDebugKotlin,Remove duplicate classes,3.68,4.04,3,3,5,8,ms
:repository:news-identity:compileDebugKotlin,Run compilation,1054.98,1059.94,1028,1009,1323,1411,ms
:repository:news-identity:compileDebugKotlin,Shrink current classpath snapshot non-incrementally,25.98,24.86,21,21,41,45,ms
:repository:news-identity:compileDebugKotlin,Spent time before task action,39.22,32.1,36,32,54,52,ms
:repository:news-identity:compileDebugKotlin,Analysis lines per second,1267,1291,1276,1308,1639,1792,
:repository:news-identity:compileDebugKotlin,Total size of the cache directory,546.2,546.2,546,546,546,546,KB
:repository:news-identity:compileDebugKotlin,Number of cache hits when loading classpath entry snapshots,106,106,106,106,106,106,
:repository:news-identity:compileDebugKotlin,Number of lines analyzed,418,418,418,418,418,418,
:repository:news-identity:compileDebugKotlin,Size of shrunk classpath snapshot,46.4,46.4,46,46,46,46,KB
:repository:news-identity:compileDebugKotlin,Number of cache misses when loading classpath entry snapshots,1,1,1,1,1,1,
:repository:news-identity:compileDebugKotlin,Total compiler iteration,1,1,1,1,1,1,
:repository:news-identity:compileDebugKotlin,Number of times classpath snapshot is shrunk and saved after compilation,1,1,1,1,1,1,
:repository:news-identity:compileDebugKotlin,Number of times classpath snapshot is loaded,1,1,1,1,1,1,
:repository:news-identity:compileDebugKotlin,Code generation lines per second,3383,3406,3465,3451,4799,4826,
:repository:news-identity:compileDebugKotlin,ABI snapshot size,18.0,18.0,18,18,18,18,B
:repository:news-identity:compileDebugKotlin,Size of classpath snapshot,5.9,5.9,6,6,6,6,MB
:repository:news-identity:compileDebugKotlin,Number of classpath entries,107,107,107,107,107,107,
:repository:news-identity:compileDebugKotlin,Clear output,2.0,3.0,1,3,4,4,ms
:repository:news-identity:compileDebugKotlin,Save shrunk current classpath snapshot,3.5,1.8,3,2,7,3,ms
:repository:note-identity:compileDebugKotlin,Sources compilation round,958.8,970.76,920,925,1247,1443,ms
:repository:note-identity:compileDebugKotlin,Incremental compilation in daemon,1068.46,1083.9,1012,1037,1384,1555,ms
:repository:note-identity:compileDebugKotlin,Task action before worker execution,15.3,12.74,15,11,22,22,ms
:repository:note-identity:compileDebugKotlin,Start gradle worker,2.09,1.93,1,1,4,5,ms
:repository:note-identity:compileDebugKotlin,Compiler initialization time,58.78,50.84,59,52,87,77,ms
:repository:note-identity:compileDebugKotlin,Calculate output size,1.74,1.76,1,1,4,4,ms
:repository:note-identity:compileDebugKotlin,Compiler IR lowering,74.18,77.52,64,71,113,133,ms
:repository:note-identity:compileDebugKotlin,Compiler translation to IR,270.88,261.42,260,221,352,365,ms
:repository:note-identity:compileDebugKotlin,Compiler backend,64.32,64.1,54,52,119,117,ms
:repository:note-identity:compileDebugKotlin,Compiler code analysis,340.46,363.06,322,329,450,490,ms
:repository:note-identity:compileDebugKotlin,Run compilation in Gradle worker,1111.62,1127.74,1058,1085,1471,1594,ms
:repository:note-identity:compileDebugKotlin,Load current classpath snapshot,5.58,5.96,5,6,10,10,ms
:repository:note-identity:compileDebugKotlin,Update caches,2.1,1.94,2,1,4,4,ms
:repository:note-identity:compileDebugKotlin,Total Gradle task time,1238.22,1255.82,1170,1203,1631,1727,ms
:repository:note-identity:compileDebugKotlin,Shrink and save current classpath snapshot after compilation,42.0,41.52,32,35,68,73,ms
:repository:note-identity:compileDebugKotlin,Compiler code generation,138.88,142.08,120,120,230,238,ms
:repository:note-identity:compileDebugKotlin,Remove duplicate classes,4.94,5.36,5,5,8,9,ms
:repository:note-identity:compileDebugKotlin,Run compilation,1103.22,1122.86,1038,1082,1460,1591,ms
:repository:note-identity:compileDebugKotlin,Shrink current classpath snapshot non-incrementally,34.04,32.88,25,24,56,62,ms
:repository:note-identity:compileDebugKotlin,Spent time before task action,41.56,38.18,42,34,64,58,ms
:repository:note-identity:compileDebugKotlin,Analysis lines per second,1287,1264,1297,1269,1577,1753,
:repository:note-identity:compileDebugKotlin,Total size of the cache directory,546.2,546.2,546,546,546,546,KB
:repository:note-identity:compileDebugKotlin,Number of cache hits when loading classpath entry snapshots,139,139,139,139,139,139,
:repository:note-identity:compileDebugKotlin,Number of lines analyzed,418,418,418,418,418,418,
:repository:note-identity:compileDebugKotlin,Size of shrunk classpath snapshot,46.4,46.4,46,46,46,46,KB
:repository:note-identity:compileDebugKotlin,Number of cache misses when loading classpath entry snapshots,1,1,1,1,1,1,
:repository:note-identity:compileDebugKotlin,Total compiler iteration,1,1,1,1,1,1,
:repository:note-identity:compileDebugKotlin,Number of times classpath snapshot is shrunk and saved after compilation,1,1,1,1,1,1,
:repository:note-identity:compileDebugKotlin,Number of times classpath snapshot is loaded,1,1,1,1,1,1,
:repository:note-identity:compileDebugKotlin,Code generation lines per second,3391,3360,3479,3478,4792,4601,
:repository:note-identity:compileDebugKotlin,ABI snapshot size,18.0,18.0,18,18,18,18,B
:repository:note-identity:compileDebugKotlin,Size of classpath snapshot,6.9,6.9,7,7,7,7,MB
:repository:note-identity:compileDebugKotlin,Number of classpath entries,140,140,140,140,140,140,
:repository:note-identity:compileDebugKotlin,Clear outputs on rebuild,2.75,1.33,3,1,4,3,ms
:repository:note-identity:compileDebugKotlin,Save shrunk current classpath snapshot,3.67,2.56,3,3,7,7,ms
:repository:note-identity:compileDebugKotlin,Clear output,3.67,,4,,4,,ms
:repository:notification-identity:compileDebugKotlin,Sources compilation round,1013.72,1032.86,1010,974,1320,1372,ms
:repository:notification-identity:compileDebugKotlin,Incremental compilation in daemon,1125.34,1131.48,1108,1069,1436,1460,ms
:repository:notification-identity:compileDebugKotlin,Task action before worker execution,14.46,16.3,15,13,25,26,ms
:repository:notification-identity:compileDebugKotlin,Compiler initialization time,46.96,57.34,43,47,64,79,ms
:repository:notification-identity:compileDebugKotlin,Calculate output size,1.92,1.69,1,1,4,4,ms
:repository:notification-identity:compileDebugKotlin,Compiler IR lowering,101.64,116.94,92,91,138,144,ms
:repository:notification-identity:compileDebugKotlin,Compiler translation to IR,256.68,248.2,247,240,350,352,ms
:repository:notification-identity:compileDebugKotlin,Compiler backend,73.92,66.26,62,59,114,101,ms
:repository:notification-identity:compileDebugKotlin,Compiler code analysis,370.66,386.28,358,366,484,500,ms
:repository:notification-identity:compileDebugKotlin,Run compilation in Gradle worker,1165.06,1186.42,1138,1172,1480,1628,ms
:repository:notification-identity:compileDebugKotlin,Load current classpath snapshot,7.02,5.02,5,4,9,10,ms
:repository:notification-identity:compileDebugKotlin,Update caches,2.44,2.66,2,2,5,5,ms
:repository:notification-identity:compileDebugKotlin,Total Gradle task time,1292.78,1301.58,1245,1272,1603,1731,ms
:repository:notification-identity:compileDebugKotlin,Shrink and save current classpath snapshot after compilation,44.88,32.72,35,29,77,54,ms
:repository:notification-identity:compileDebugKotlin,Compiler code generation,176.06,183.8,160,155,258,240,ms
:repository:notification-identity:compileDebugKotlin,Remove duplicate classes,6.2,4.2,4,3,8,9,ms
:repository:notification-identity:compileDebugKotlin,Run compilation,1158.12,1179.12,1134,1167,1476,1624,ms
:repository:notification-identity:compileDebugKotlin,Shrink current classpath snapshot non-incrementally,35.36,25.5,28,21,62,45,ms
:repository:notification-identity:compileDebugKotlin,Spent time before task action,39.32,40.56,38,35,59,57,ms
:repository:notification-identity:compileDebugKotlin,Analysis lines per second,1168,1164,1166,1141,1491,1581,
:repository:notification-identity:compileDebugKotlin,Total size of the cache directory,565.2,565.2,565,565,565,565,KB
:repository:notification-identity:compileDebugKotlin,Number of cache hits when loading classpath entry snapshots,124,124,124,124,124,124,
:repository:notification-identity:compileDebugKotlin,Number of lines analyzed,418,418,418,418,418,418,
:repository:notification-identity:compileDebugKotlin,Size of shrunk classpath snapshot,46.4,46.4,46,46,46,46,KB
:repository:notification-identity:compileDebugKotlin,Number of cache misses when loading classpath entry snapshots,1,1,1,1,1,1,
:repository:notification-identity:compileDebugKotlin,Total compiler iteration,1,1,1,1,1,1,
:repository:notification-identity:compileDebugKotlin,Number of times classpath snapshot is shrunk and saved after compilation,1,1,1,1,1,1,
:repository:notification-identity:compileDebugKotlin,Number of times classpath snapshot is loaded,1,1,1,1,1,1,
:repository:notification-identity:compileDebugKotlin,Code generation lines per second,2716,2806,2604,2681,4048,4078,
:repository:notification-identity:compileDebugKotlin,ABI snapshot size,18.0,18.0,18,18,18,18,B
:repository:notification-identity:compileDebugKotlin,Size of classpath snapshot,6.4,6.4,6,6,6,6,MB
:repository:notification-identity:compileDebugKotlin,Number of classpath entries,125,125,125,125,125,125,
:repository:notification-identity:compileDebugKotlin,Start gradle worker,2.16,1.95,1,1,5,4,ms
:repository:notification-identity:compileDebugKotlin,Clear output,1.33,1.5,1,2,2,2,ms
:repository:notification-identity:compileDebugKotlin,Store build info,2.75,3.0,3,3,5,3,ms
:repository:notification-identity:compileDebugKotlin,Save shrunk current classpath snapshot,2.6,1.0,3,1,3,1,ms
:repository:photo-identity:compileDebugKotlin,Sources compilation round,887.36,878.54,837,851,1163,1221,ms
:repository:photo-identity:compileDebugKotlin,Incremental compilation in daemon,990.58,976.22,949,955,1308,1318,ms
:repository:photo-identity:compileDebugKotlin,Task action before worker execution,12.64,13.06,11,14,21,21,ms
:repository:photo-identity:compileDebugKotlin,Start gradle worker,1.74,2.1,1,1,3,5,ms
:repository:photo-identity:compileDebugKotlin,Compiler initialization time,45.96,54.64,41,41,81,78,ms
:repository:photo-identity:compileDebugKotlin,Calculate output size,1.67,1.62,1,1,3,4,ms
:repository:photo-identity:compileDebugKotlin,Compiler IR lowering,78.18,81.38,74,70,108,125,ms
:repository:photo-identity:compileDebugKotlin,Compiler translation to IR,249.28,249.68,233,237,349,351,ms
:repository:photo-identity:compileDebugKotlin,Compiler backend,55.38,50.64,46,44,90,81,ms
:repository:photo-identity:compileDebugKotlin,Compiler code analysis,329.66,308.42,290,314,411,378,ms
:repository:photo-identity:compileDebugKotlin,Run compilation in Gradle worker,1022.2,1006.28,978,978,1338,1341,ms
:repository:photo-identity:compileDebugKotlin,Load current classpath snapshot,4.88,7.94,4,5,10,10,ms
:repository:photo-identity:compileDebugKotlin,Update caches,2.08,2.0,2,2,4,4,ms
:repository:photo-identity:compileDebugKotlin,Total Gradle task time,1145.92,1115.72,1076,1113,1481,1445,ms
:repository:photo-identity:compileDebugKotlin,Shrink and save current classpath snapshot after compilation,40.22,35.76,30,31,58,56,ms
:repository:photo-identity:compileDebugKotlin,Store build info,2.2,2.33,2,3,3,3,ms
:repository:photo-identity:compileDebugKotlin,Compiler code generation,133.96,132.56,131,115,187,202,ms
:repository:photo-identity:compileDebugKotlin,Remove duplicate classes,4.44,7.2,3,4,9,10,ms
:repository:photo-identity:compileDebugKotlin,Run compilation,1015.76,1001.78,973,976,1331,1339,ms
:repository:photo-identity:compileDebugKotlin,Shrink current classpath snapshot non-incrementally,33.08,25.9,23,23,50,41,ms
:repository:photo-identity:compileDebugKotlin,Spent time before task action,36.88,36.88,33,35,50,55,ms
:repository:photo-identity:compileDebugKotlin,Analysis lines per second,1380,1425,1440,1329,1741,1859,
:repository:photo-identity:compileDebugKotlin,Total size of the cache directory,546.6,546.6,547,547,547,547,KB
:repository:photo-identity:compileDebugKotlin,Number of cache hits when loading classpath entry snapshots,117,117,117,117,117,117,
:repository:photo-identity:compileDebugKotlin,Number of lines analyzed,418,418,418,418,418,418,
:repository:photo-identity:compileDebugKotlin,Size of shrunk classpath snapshot,46.4,46.4,46,46,46,46,KB
:repository:photo-identity:compileDebugKotlin,Number of cache misses when loading classpath entry snapshots,1,1,1,1,1,1,
:repository:photo-identity:compileDebugKotlin,Total compiler iteration,1,1,1,1,1,1,
:repository:photo-identity:compileDebugKotlin,Number of times classpath snapshot is shrunk and saved after compilation,1,1,1,1,1,1,
:repository:photo-identity:compileDebugKotlin,Number of times classpath snapshot is loaded,1,1,1,1,1,1,
:repository:photo-identity:compileDebugKotlin,Code generation lines per second,3365,3484,3191,3622,4566,4871,
:repository:photo-identity:compileDebugKotlin,ABI snapshot size,18.0,18.0,18,18,18,18,B
:repository:photo-identity:compileDebugKotlin,Size of classpath snapshot,6.2,6.2,6,6,6,6,MB
:repository:photo-identity:compileDebugKotlin,Number of classpath entries,118,118,118,118,118,118,
:repository:photo-identity:compileDebugKotlin,Save shrunk current classpath snapshot,7.33,4.67,2,6,19,6,ms
:repository:photo-identity:compileDebugKotlin,Clear outputs on rebuild,1.0,3.0,1,3,1,3,ms
:repository:photo-identity:compileDebugKotlin,Clear output,1.0,2.0,1,2,1,4,ms
:repository:playlist-identity:compileDebugKotlin,Sources compilation round,938.36,931.32,902,877,1203,1398,ms
:repository:playlist-identity:compileDebugKotlin,Incremental compilation in daemon,1049.58,1032.3,1018,991,1374,1483,ms
:repository:playlist-identity:compileDebugKotlin,Task action before worker execution,12.76,16.58,11,13,21,26,ms
:repository:playlist-identity:compileDebugKotlin,Start gradle worker,2.0,1.57,1,1,4,3,ms
:repository:playlist-identity:compileDebugKotlin,Compiler initialization time,51.58,59.1,46,46,83,96,ms
:repository:playlist-identity:compileDebugKotlin,Calculate output size,1.54,1.64,1,1,3,4,ms
:repository:playlist-identity:compileDebugKotlin,Compiler IR lowering,69.3,95.1,62,76,106,127,ms
:repository:playlist-identity:compileDebugKotlin,Compiler translation to IR,242.76,235.74,230,230,329,295,ms
:repository:playlist-identity:compileDebugKotlin,Compiler backend,55.04,57.68,45,47,85,97,ms
:repository:playlist-identity:compileDebugKotlin,Compiler code analysis,371.6,347.6,364,309,494,477,ms
:repository:playlist-identity:compileDebugKotlin,Run compilation in Gradle worker,1086.22,1069.4,1048,1033,1417,1513,ms
:repository:playlist-identity:compileDebugKotlin,Load current classpath snapshot,5.22,4.86,4,3,8,12,ms
:repository:playlist-identity:compileDebugKotlin,Update caches,2.66,1.72,2,2,5,3,ms
:repository:playlist-identity:compileDebugKotlin,Total Gradle task time,1210.1,1191.4,1191,1139,1628,1617,ms
:repository:playlist-identity:compileDebugKotlin,Shrink and save current classpath snapshot after compilation,36.06,31.42,30,26,58,56,ms
:repository:playlist-identity:compileDebugKotlin,Compiler code generation,124.98,153.32,106,123,194,210,ms
:repository:playlist-identity:compileDebugKotlin,Remove duplicate classes,4.56,4.1,4,3,8,9,ms
:repository:playlist-identity:compileDebugKotlin,Run compilation,1076.48,1061.72,1041,1021,1411,1509,ms
:repository:playlist-identity:compileDebugKotlin,Shrink current classpath snapshot non-incrementally,28.8,24.88,23,20,47,47,ms
:repository:playlist-identity:compileDebugKotlin,Spent time before task action,43.48,38.7,34,35,59,58,ms
:repository:playlist-identity:compileDebugKotlin,Analysis lines per second,1210,1345,1146,1352,1574,1759,
:repository:playlist-identity:compileDebugKotlin,Total size of the cache directory,563.7,563.7,564,564,564,564,KB
:repository:playlist-identity:compileDebugKotlin,Number of cache hits when loading classpath entry snapshots,123,123,123,123,123,123,
:repository:playlist-identity:compileDebugKotlin,Number of lines analyzed,418,418,418,418,418,418,
:repository:playlist-identity:compileDebugKotlin,Size of shrunk classpath snapshot,46.4,46.4,46,46,46,46,KB
:repository:playlist-identity:compileDebugKotlin,Number of cache misses when loading classpath entry snapshots,1,1,1,1,1,1,
:repository:playlist-identity:compileDebugKotlin,Total compiler iteration,1,1,1,1,1,1,
:repository:playlist-identity:compileDebugKotlin,Number of times classpath snapshot is shrunk and saved after compilation,1,1,1,1,1,1,
:repository:playlist-identity:compileDebugKotlin,Number of times classpath snapshot is loaded,1,1,1,1,1,1,
:repository:playlist-identity:compileDebugKotlin,Code generation lines per second,3639,3356,3922,3393,4729,4783,
:repository:playlist-identity:compileDebugKotlin,ABI snapshot size,18.0,18.0,18,18,18,18,B
:repository:playlist-identity:compileDebugKotlin,Size of classpath snapshot,6.4,6.4,6,6,6,6,MB
:repository:playlist-identity:compileDebugKotlin,Number of classpath entries,124,124,124,124,124,124,
:repository:playlist-identity:compileDebugKotlin,Save shrunk current classpath snapshot,2.4,,2,,3,,ms
:repository:playlist-identity:compileDebugKotlin,Clear outputs on rebuild,2.0,1.0,2,1,2,1,ms
:repository:playlist-identity:compileDebugKotlin,Store build info,5.0,2.0,5,2,5,2,ms
:repository:podcast-identity:compileDebugKotlin,Sources compilation round,951.28,914.94,873,835,1273,1176,ms
:repository:podcast-identity:compileDebugKotlin,Incremental compilation in daemon,1043.26,1022.08,945,948,1363,1243,ms
:repository:podcast-identity:compileDebugKotlin,Task action before worker execution,14.32,15.0,15,16,21,23,ms
:repository:podcast-identity:compileDebugKotlin,Start gradle worker,2.09,1.71,1,1,4,3,ms
:repository:podcast-identity:compileDebugKotlin,Compiler initialization time,51.1,50.96,49,47,77,83,ms
:repository:podcast-identity:compileDebugKotlin,Calculate output size,1.6,1.72,1,1,4,4,ms
:repository:podcast-identity:compileDebugKotlin,Compiler IR lowering,76.92,79.48,74,76,113,110,ms
:repository:podcast-identity:compileDebugKotlin,Compiler translation to IR,274.24,255.22,245,233,365,346,ms
:repository:podcast-identity:compileDebugKotlin,Compiler backend,56.08,56.0,50,52,92,86,ms
:repository:podcast-identity:compileDebugKotlin,Compiler code analysis,330.28,332.32,321,320,428,446,ms
:repository:podcast-identity:compileDebugKotlin,Run compilation in Gradle worker,1087.0,1063.44,996,983,1403,1317,ms
:repository:podcast-identity:compileDebugKotlin,Load current classpath snapshot,4.76,5.26,3,4,9,10,ms
:repository:podcast-identity:compileDebugKotlin,Update caches,2.04,1.66,2,1,4,4,ms
:repository:podcast-identity:compileDebugKotlin,Total Gradle task time,1214.64,1186.42,1113,1135,1554,1461,ms
:repository:podcast-identity:compileDebugKotlin,Shrink and save current classpath snapshot after compilation,33.64,38.32,27,33,56,65,ms
:repository:podcast-identity:compileDebugKotlin,Store build info,1.0,,1,,1,,ms
:repository:podcast-identity:compileDebugKotlin,Compiler code generation,133.5,136.0,127,133,183,180,ms
:repository:podcast-identity:compileDebugKotlin,Remove duplicate classes,4.3,4.48,3,4,9,8,ms
:repository:podcast-identity:compileDebugKotlin,Run compilation,1076.24,1055.46,985,980,1396,1310,ms
:repository:podcast-identity:compileDebugKotlin,Shrink current classpath snapshot non-incrementally,26.72,30.42,22,25,46,52,ms
:repository:podcast-identity:compileDebugKotlin,Spent time before task action,36.44,37.6,35,36,58,57,ms
:repository:podcast-identity:compileDebugKotlin,Analysis lines per second,1330,1332,1299,1302,1674,1726,
:repository:podcast-identity:compileDebugKotlin,Total size of the cache directory,563.3,563.3,563,563,563,563,KB
:repository:podcast-identity:compileDebugKotlin,Number of cache hits when loading classpath entry snapshots,136,136,136,136,136,136,
:repository:podcast-identity:compileDebugKotlin,Number of lines analyzed,418,418,418,418,418,418,
:repository:podcast-identity:compileDebugKotlin,Size of shrunk classpath snapshot,46.4,46.4,46,46,46,46,KB
:repository:podcast-identity:compileDebugKotlin,Number of cache misses when loading classpath entry snapshots,1,1,1,1,1,1,
:repository:podcast-identity:compileDebugKotlin,Total compiler iteration,1,1,1,1,1,1,
:repository:podcast-identity:compileDebugKotlin,Number of times classpath snapshot is shrunk and saved after compilation,1,1,1,1,1,1,
:repository:podcast-identity:compileDebugKotlin,Number of times classpath snapshot is loaded,1,1,1,1,1,1,
:repository:podcast-identity:compileDebugKotlin,Code generation lines per second,3366,3319,3281,3148,4476,4423,
:repository:podcast-identity:compileDebugKotlin,ABI snapshot size,18.0,18.0,18,18,18,18,B
:repository:podcast-identity:compileDebugKotlin,Size of classpath snapshot,6.8,6.8,7,7,7,7,MB
:repository:podcast-identity:compileDebugKotlin,Number of classpath entries,137,137,137,137,137,137,
:repository:podcast-identity:compileDebugKotlin,Save shrunk current classpath snapshot,3.0,8.0,3,3,3,29,ms
:repository:post-identity:compileDebugKotlin,Sources compilation round,882.3,842.06,828,799,1195,1024,ms
:repository:post-identity:compileDebugKotlin,Incremental compilation in daemon,986.26,938.4,916,887,1307,1122,ms
:repository:post-identity:compileDebugKotlin,Task action before worker execution,14.24,17.24,12,15,21,22,ms
:repository:post-identity:compileDebugKotlin,Start gradle worker,1.83,2.15,1,2,4,4,ms
:repository:post-identity:compileDebugKotlin,Compiler initialization time,47.68,42.72,43,41,86,67,ms
:repository:post-identity:compileDebugKotlin,Calculate output size,1.92,1.49,1,1,5,4,ms
:repository:post-identity:compileDebugKotlin,Compiler IR lowering,71.76,68.42,65,63,110,97,ms
:repository:post-identity:compileDebugKotlin,Compiler translation to IR,264.0,220.6,231,214,348,283,ms
:repository:post-identity:compileDebugKotlin,Compiler backend,51.56,50.84,45,49,64,76,ms
:repository:post-identity:compileDebugKotlin,Compiler code analysis,312.92,334.82,296,299,423,401,ms
:repository:post-identity:compileDebugKotlin,Run compilation in Gradle worker,1022.52,978.02,947,922,1368,1278,ms
:repository:post-identity:compileDebugKotlin,Load current classpath snapshot,5.38,5.66,4,5,9,9,ms
:repository:post-identity:compileDebugKotlin,Update caches,2.22,2.16,2,2,5,5,ms
:repository:post-identity:compileDebugKotlin,Total Gradle task time,1138.8,1094.06,1053,1056,1537,1431,ms
:repository:post-identity:compileDebugKotlin,Shrink and save current classpath snapshot after compilation,37.78,34.32,30,31,61,54,ms
:repository:post-identity:compileDebugKotlin,Compiler code generation,123.96,119.66,115,114,171,165,ms
:repository:post-identity:compileDebugKotlin,Remove duplicate classes,4.48,5.04,4,5,8,9,ms
:repository:post-identity:compileDebugKotlin,Run compilation,1015.04,974.12,937,919,1365,1271,ms
:repository:post-identity:compileDebugKotlin,Shrink current classpath snapshot non-incrementally,30.22,26.88,25,24,51,43,ms
:repository:post-identity:compileDebugKotlin,Spent time before task action,34.82,38.08,36,38,50,58,ms
:repository:post-identity:compileDebugKotlin,Analysis lines per second,1408,1409,1411,1397,1793,1903,
:repository:post-identity:compileDebugKotlin,Total size of the cache directory,546.2,546.2,546,546,546,546,KB
:repository:post-identity:compileDebugKotlin,Number of cache hits when loading classpath entry snapshots,150,150,150,150,150,150,
:repository:post-identity:compileDebugKotlin,Number of lines analyzed,418,418,418,418,418,418,
:repository:post-identity:compileDebugKotlin,Size of shrunk classpath snapshot,46.4,46.4,46,46,46,46,KB
:repository:post-identity:compileDebugKotlin,Number of cache misses when loading classpath entry snapshots,1,1,1,1,1,1,
:repository:post-identity:compileDebugKotlin,Total compiler iteration,1,1,1,1,1,1,
:repository:post-identity:compileDebugKotlin,Number of times classpath snapshot is shrunk and saved after compilation,1,1,1,1,1,1,
:repository:post-identity:compileDebugKotlin,Number of times classpath snapshot is loaded,1,1,1,1,1,1,
:repository:post-identity:compileDebugKotlin,Code generation lines per second,3600,3662,3624,3673,4467,4764,
:repository:post-identity:compileDebugKotlin,ABI snapshot size,18.0,18.0,18,18,18,18,B
:repository:post-identity:compileDebugKotlin,Size of classpath snapshot,7.3,7.3,7,7,7,7,MB
:repository:post-identity:compileDebugKotlin,Number of classpath entries,151,151,151,151,151,151,
:repository:post-identity:compileDebugKotlin,Save shrunk current classpath snapshot,2.8,1.5,1,2,9,2,ms
:repository:post-identity:compileDebugKotlin,Store build info,1.0,2.5,1,3,1,3,ms
:repository:post-identity:compileDebugKotlin,Clear output,1.0,,1,,1,,ms
:repository:profile-identity:compileDebugKotlin,Sources compilation round,1022.38,997.52,966,968,1334,1354,ms
:repository:profile-identity:compileDebugKotlin,Incremental compilation in daemon,1136.08,1117.64,1088,1099,1426,1460,ms
:repository:profile-identity:compileDebugKotlin,Task action before worker execution,16.36,14.64,15,14,20,21,ms
:repository:profile-identity:compileDebugKotlin,Start gradle worker,1.54,1.83,1,1,3,3,ms
:repository:profile-identity:compileDebugKotlin,Compiler initialization time,51.14,51.78,49,49,81,83,ms
:repository:profile-identity:compileDebugKotlin,Calculate output size,2.26,2.17,1,1,5,4,ms
:repository:profile-identity:compileDebugKotlin,Compiler IR lowering,82.44,87.06,78,82,120,125,ms
:repository:profile-identity:compileDebugKotlin,Compiler translation to IR,279.78,269.52,251,242,330,371,ms
:repository:profile-identity:compileDebugKotlin,Compiler backend,68.68,68.12,70,67,98,105,ms
:repository:profile-identity:compileDebugKotlin,Compiler code analysis,395.9,366.8,365,366,498,477,ms
:repository:profile-identity:compileDebugKotlin,Run compilation in Gradle worker,1188.72,1165.18,1169,1130,1470,1539,ms
:repository:profile-identity:compileDebugKotlin,Load current classpath snapshot,6.06,6.22,5,6,10,9,ms
:repository:profile-identity:compileDebugKotlin,Update caches,2.26,2.02,2,2,5,4,ms
:repository:profile-identity:compileDebugKotlin,Total Gradle task time,1317.18,1298.96,1277,1261,1602,1683,ms
:repository:profile-identity:compileDebugKotlin,Shrink and save current classpath snapshot after compilation,38.58,43.48,34,39,61,69,ms
:repository:profile-identity:compileDebugKotlin,Compiler code generation,151.5,155.76,145,145,217,220,ms
:repository:profile-identity:compileDebugKotlin,Remove duplicate classes,5.38,5.5,5,6,10,9,ms
:repository:profile-identity:compileDebugKotlin,Run compilation,1181.06,1155.66,1164,1124,1465,1535,ms
:repository:profile-identity:compileDebugKotlin,Shrink current classpath snapshot non-incrementally,30.7,34.32,25,32,51,53,ms
:repository:profile-identity:compileDebugKotlin,Spent time before task action,36.18,38.56,34,36,53,56,ms
:repository:profile-identity:compileDebugKotlin,Analysis lines per second,1165,1198,1143,1142,1478,1588,
:repository:profile-identity:compileDebugKotlin,Total size of the cache directory,563.3,563.3,563,563,563,563,KB
:repository:profile-identity:compileDebugKotlin,Number of cache hits when loading classpath entry snapshots,125,125,125,125,125,125,
:repository:profile-identity:compileDebugKotlin,Number of lines analyzed,418,418,418,418,418,418,
:repository:profile-identity:compileDebugKotlin,Size of shrunk classpath snapshot,46.4,46.4,46,46,46,46,KB
:repository:profile-identity:compileDebugKotlin,Number of cache misses when loading classpath entry snapshots,1,1,1,1,1,1,
:repository:profile-identity:compileDebugKotlin,Total compiler iteration,1,1,1,1,1,1,
:repository:profile-identity:compileDebugKotlin,Number of times classpath snapshot is shrunk and saved after compilation,1,1,1,1,1,1,
:repository:profile-identity:compileDebugKotlin,Number of times classpath snapshot is loaded,1,1,1,1,1,1,
:repository:profile-identity:compileDebugKotlin,Code generation lines per second,2957,2948,2872,2874,4173,4440,
:repository:profile-identity:compileDebugKotlin,ABI snapshot size,18.0,18.0,18,18,18,18,B
:repository:profile-identity:compileDebugKotlin,Size of classpath snapshot,6.5,6.5,7,7,7,7,MB
:repository:profile-identity:compileDebugKotlin,Number of classpath entries,126,126,126,126,126,126,
:repository:profile-identity:compileDebugKotlin,Save shrunk current classpath snapshot,2.0,4.0,2,3,3,12,ms
:repository:profile-identity:compileDebugKotlin,Store build info,2.5,1.0,3,1,3,1,ms
:repository:push-checkout:compileDebugKotlin,Sources compilation round,926.86,872.46,784,809,1455,1205,ms
:repository:push-checkout:compileDebugKotlin,Incremental compilation in daemon,1024.66,966.8,884,910,1543,1279,ms
:repository:push-checkout:compileDebugKotlin,Task action before worker execution,12.06,11.94,10,10,20,21,ms
:repository:push-checkout:compileDebugKotlin,Start gradle worker,1.74,2.05,1,1,3,5,ms
:repository:push-checkout:compileDebugKotlin,Compiler initialization time,49.16,44.26,43,41,86,61,ms
:repository:push-checkout:compileDebugKotlin,Calculate output size,2.09,1.7,1,1,4,4,ms
:repository:push-checkout:compileDebugKotlin,Compiler IR lowering,85.18,69.52,66,65,108,95,ms
:repository:push-checkout:compileDebugKotlin,Compiler translation to IR,280.9,230.78,221,206,486,310,ms
:repository:push-checkout:compileDebugKotlin,Compiler backend,51.3,59.22,48,44,75,71,ms
:repository:push-checkout:compileDebugKotlin,Compiler code analysis,324.88,328.18,282,306,445,420,ms
:repository:push-checkout:compileDebugKotlin,Run compilation in Gradle worker,1064.3,992.36,905,936,1561,1305,ms
:repository:push-checkout:compileDebugKotlin,Load current classpath snapshot,4.74,4.4,4,3,9,8,ms
:repository:push-checkout:compileDebugKotlin,Update caches,2.1,1.82,2,2,5,4,ms
:repository:push-checkout:compileDebugKotlin,Total Gradle task time,1177.58,1094.12,1018,1036,1634,1429,ms
:repository:push-checkout:compileDebugKotlin,Shrink and save current classpath snapshot after compilation,34.54,33.84,29,27,55,53,ms
:repository:push-checkout:compileDebugKotlin,Compiler code generation,137.1,129.24,121,117,170,167,ms
:repository:push-checkout:compileDebugKotlin,Remove duplicate classes,3.92,3.82,3,3,7,8,ms
:repository:push-checkout:compileDebugKotlin,Run compilation,1056.64,987.32,900,933,1559,1302,ms
:repository:push-checkout:compileDebugKotlin,Shrink current classpath snapshot non-incrementally,27.96,27.62,23,22,47,41,ms
:repository:push-checkout:compileDebugKotlin,Spent time before task action,35.1,31.44,34,28,49,55,ms
:repository:push-checkout:compileDebugKotlin,Analysis lines per second,1391,1373,1479,1367,1712,1779,
:repository:push-checkout:compileDebugKotlin,Total size of the cache directory,546.2,546.2,546,546,546,546,KB
:repository:push-checkout:compileDebugKotlin,Number of cache hits when loading classpath entry snapshots,124,124,124,124,124,124,
:repository:push-checkout:compileDebugKotlin,Number of lines analyzed,418,418,418,418,418,418,
:repository:push-checkout:compileDebugKotlin,Size of shrunk classpath snapshot,46.4,46.4,46,46,46,46,KB
:repository:push-checkout:compileDebugKotlin,Number of cache misses when loading classpath entry snapshots,1,1,1,1,1,1,
:repository:push-checkout:compileDebugKotlin,Total compiler iteration,1,1,1,1,1,1,
:repository:push-checkout:compileDebugKotlin,Number of times classpath snapshot is shrunk and saved after compilation,1,1,1,1,1,1,
:repository:push-checkout:compileDebugKotlin,Number of times classpath snapshot is loaded,1,1,1,1,1,1,
:repository:push-checkout:compileDebugKotlin,Code generation lines per second,3538,3549,3441,3568,4773,4485,
:repository:push-checkout:compileDebugKotlin,ABI snapshot size,18.0,18.0,18,18,18,18,B
:repository:push-checkout:compileDebugKotlin,Size of classpath snapshot,6.4,6.4,6,6,6,6,MB
:repository:push-checkout:compileDebugKotlin,Number of classpath entries,125,125,125,125,125,125,
:repository:push-checkout:compileDebugKotlin,Store build info,1.33,,1,,2,,ms
:repository:push-checkout:compileDebugKotlin,Save shrunk current classpath snapshot,2.25,1.6,3,1,3,3,ms
:repository:push-checkout:compileDebugKotlin,Clear output,1.0,,1,,1,,ms
:repository:report-identity:compileDebugKotlin,Sources compilation round,942.6,866.68,843,823,1459,1173,ms
:repository:report-identity:compileDebugKotlin,Incremental compilation in daemon,1042.74,965.36,930,933,1584,1262,ms
:repository:report-identity:compileDebugKotlin,Task action before worker execution,12.02,11.44,11,9,20,19,ms
:repository:report-identity:compileDebugKotlin,Start gradle worker,1.61,2.11,1,2,3,4,ms
:repository:report-identity:compileDebugKotlin,Compiler initialization time,54.94,40.06,41,38,75,60,ms
:repository:report-identity:compileDebugKotlin,Calculate output size,1.46,1.94,1,1,3,4,ms
:repository:report-identity:compileDebugKotlin,Compiler IR lowering,87.78,74.0,73,63,124,119,ms
:repository:report-identity:compileDebugKotlin,Compiler translation to IR,274.74,240.5,211,212,483,361,ms
:repository:report-identity:compileDebugKotlin,Compiler backend,59.38,53.46,49,46,87,92,ms
:repository:report-identity:compileDebugKotlin,Compiler code analysis,333.14,315.58,299,306,440,413,ms
:repository:report-identity:compileDebugKotlin,Run compilation in Gradle worker,1074.52,1009.28,960,968,1604,1321,ms
:repository:report-identity:compileDebugKotlin,Load current classpath snapshot,5.22,5.04,5,5,9,9,ms
:repository:report-identity:compileDebugKotlin,Update caches,1.88,2.26,1,2,4,5,ms
:repository:report-identity:compileDebugKotlin,Total Gradle task time,1188.84,1113.98,1088,1072,1702,1439,ms
:repository:report-identity:compileDebugKotlin,Shrink and save current classpath snapshot after compilation,33.86,32.66,30,28,55,61,ms
:repository:report-identity:compileDebugKotlin,Compiler code generation,147.62,127.9,125,111,236,196,ms
:repository:report-identity:compileDebugKotlin,Remove duplicate classes,4.38,4.14,4,4,8,7,ms
:repository:report-identity:compileDebugKotlin,Run compilation,1068.64,1002.44,953,963,1602,1316,ms
:repository:report-identity:compileDebugKotlin,Shrink current classpath snapshot non-incrementally,26.6,25.58,23,20,42,48,ms
:repository:report-identity:compileDebugKotlin,Save shrunk current classpath snapshot,2.43,2.4,3,3,3,3,ms
:repository:report-identity:compileDebugKotlin,Spent time before task action,31.8,29.92,28,27,50,45,ms
:repository:report-identity:compileDebugKotlin,Analysis lines per second,1350,1393,1400,1363,1758,1874,
:repository:report-identity:compileDebugKotlin,Total size of the cache directory,563.0,563.0,563,563,563,563,KB
:repository:report-identity:compileDebugKotlin,Number of cache hits when loading classpath entry snapshots,105,105,105,105,105,105,
:repository:report-identity:compileDebugKotlin,Number of lines analyzed,418,418,418,418,418,418,
:repository:report-identity:compileDebugKotlin,Size of shrunk classpath snapshot,46.4,46.4,46,46,46,46,KB
:repository:report-identity:compileDebugKotlin,Number of cache misses when loading classpath entry snapshots,1,1,1,1,1,1,
:repository:report-identity:compileDebugKotlin,Total compiler iteration,1,1,1,1,1,1,
:repository:report-identity:compileDebugKotlin,Number of times classpath snapshot is shrunk and saved after compilation,1,1,1,1,1,1,
:repository:report-identity:compileDebugKotlin,Number of times classpath snapshot is loaded,1,1,1,1,1,1,
:repository:report-identity:compileDebugKotlin,Code generation lines per second,3323,3639,3346,3768,4706,5021,
:repository:report-identity:compileDebugKotlin,ABI snapshot size,18.0,18.0,18,18,18,18,B
:repository:report-identity:compileDebugKotlin,Size of classpath snapshot,5.8,5.8,6,6,6,6,MB
:repository:report-identity:compileDebugKotlin,Number of classpath entries,106,106,106,106,106,106,
:repository:report-identity:compileDebugKotlin,Store build info,2.5,,3,,3,,ms
:repository:search-identity:compileDebugKotlin,Sources compilation round,968.82,977.12,900,931,1249,1303,ms
:repository:search-identity:compileDebugKotlin,Incremental compilation in daemon,1071.26,1081.24,1021,1033,1335,1487,ms
:repository:search-identity:compileDebugKotlin,Task action before worker execution,11.84,13.84,10,13,20,23,ms
:repository:search-identity:compileDebugKotlin,Compiler initialization time,45.96,45.82,44,42,66,72,ms
:repository:search-identity:compileDebugKotlin,Calculate output size,1.86,1.57,1,1,4,4,ms
:repository:search-identity:compileDebugKotlin,Compiler IR lowering,79.2,83.5,74,79,113,134,ms
:repository:search-identity:compileDebugKotlin,Compiler translation to IR,265.9,261.52,247,257,352,357,ms
:repository:search-identity:compileDebugKotlin,Compiler backend,59.48,63.64,55,60,89,97,ms
:repository:search-identity:compileDebugKotlin,Compiler code analysis,372.76,370.46,333,333,485,499,ms
:repository:search-identity:compileDebugKotlin,Run compilation in Gradle worker,1114.44,1116.38,1059,1074,1428,1507,ms
:repository:search-identity:compileDebugKotlin,Load current classpath snapshot,5.78,5.44,4,5,9,11,ms
:repository:search-identity:compileDebugKotlin,Update caches,1.82,1.72,2,1,4,3,ms
:repository:search-identity:compileDebugKotlin,Total Gradle task time,1238.14,1233.2,1188,1197,1558,1628,ms
:repository:search-identity:compileDebugKotlin,Shrink and save current classpath snapshot after compilation,36.48,36.6,28,29,61,64,ms
:repository:search-identity:compileDebugKotlin,Compiler code generation,139.2,147.58,129,141,196,218,ms
:repository:search-identity:compileDebugKotlin,Remove duplicate classes,5.26,4.98,3,3,8,9,ms
:repository:search-identity:compileDebugKotlin,Run compilation,1105.74,1111.92,1052,1068,1425,1504,ms
:repository:search-identity:compileDebugKotlin,Shrink current classpath snapshot non-incrementally,28.9,28.98,23,22,48,48,ms
:repository:search-identity:compileDebugKotlin,Spent time before task action,38.38,37.04,32,35,59,56,ms
:repository:search-identity:compileDebugKotlin,Analysis lines per second,1233,1254,1254,1253,1548,1734,
:repository:search-identity:compileDebugKotlin,Total size of the cache directory,563.0,563.0,563,563,563,563,KB
:repository:search-identity:compileDebugKotlin,Number of cache hits when loading classpath entry snapshots,130,130,130,130,130,130,
:repository:search-identity:compileDebugKotlin,Number of lines analyzed,418,418,418,418,418,418,
:repository:search-identity:compileDebugKotlin,Size of shrunk classpath snapshot,46.4,46.4,46,46,46,46,KB
:repository:search-identity:compileDebugKotlin,Number of cache misses when loading classpath entry snapshots,1,1,1,1,1,1,
:repository:search-identity:compileDebugKotlin,Total compiler iteration,1,1,1,1,1,1,
:repository:search-identity:compileDebugKotlin,Number of times classpath snapshot is shrunk and saved after compilation,1,1,1,1,1,1,
:repository:search-identity:compileDebugKotlin,Number of times classpath snapshot is loaded,1,1,1,1,1,1,
:repository:search-identity:compileDebugKotlin,Code generation lines per second,3197,3150,3243,2958,4387,4411,
:repository:search-identity:compileDebugKotlin,ABI snapshot size,18.0,18.0,18,18,18,18,B
:repository:search-identity:compileDebugKotlin,Size of classpath snapshot,6.6,6.6,7,7,7,7,MB
:repository:search-identity:compileDebugKotlin,Number of classpath entries,131,131,131,131,131,131,
:repository:search-identity:compileDebugKotlin,Save shrunk current classpath snapshot,2.5,2.83,3,3,3,6,ms
:repository:search-identity:compileDebugKotlin,Start gradle worker,1.69,1.66,1,1,3,4,ms
:repository:session-identity:compileDebugKotlin,Sources compilation round,939.42,908.44,833,900,1420,1149,ms
:repository:session-identity:compileDebugKotlin,Incremental compilation in daemon,1049.44,1013.58,955,1003,1531,1279,ms
:repository:session-identity:compileDebugKotlin,Task action before worker execution,12.78,12.66,10,12,20,20,ms
:repository:session-identity:compileDebugKotlin,Compiler initialization time,44.74,49.04,40,45,74,80,ms
:repository:session-identity:compileDebugKotlin,Calculate output size,1.77,1.89,1,1,4,4,ms
:repository:session-identity:compileDebugKotlin,Compiler IR lowering,85.06,100.42,67,73,111,128,ms
:repository:session-identity:compileDebugKotlin,Compiler translation to IR,279.72,245.74,228,212,379,341,ms
:repository:session-identity:compileDebugKotlin,Compiler backend,75.8,59.08,50,50,86,96,ms
:repository:session-identity:compileDebugKotlin,Compiler code analysis,328.1,330.7,292,315,490,427,ms
:repository:session-identity:compileDebugKotlin,Run compilation in Gradle worker,1091.12,1045.78,1004,1031,1552,1339,ms
:repository:session-identity:compileDebugKotlin,Load current classpath snapshot,13.82,4.92,4,4,9,9,ms
:repository:session-identity:compileDebugKotlin,Update caches,1.74,2.08,2,2,3,4,ms
:repository:session-identity:compileDebugKotlin,Total Gradle task time,1207.16,1177.64,1143,1142,1631,1453,ms
:repository:session-identity:compileDebugKotlin,Shrink and save current classpath snapshot after compilation,44.7,35.76,31,27,55,74,ms
:repository:session-identity:compileDebugKotlin,Compiler code generation,161.34,159.96,128,132,225,238,ms
:repository:session-identity:compileDebugKotlin,Remove duplicate classes,12.98,4.2,3,3,7,8,ms
:repository:session-identity:compileDebugKotlin,Run compilation,1082.2,1038.4,990,1021,1550,1308,ms
:repository:session-identity:compileDebugKotlin,Shrink current classpath snapshot non-incrementally,28.56,28.8,23,22,42,61,ms
:repository:session-identity:compileDebugKotlin,Spent time before task action,32.32,34.26,26,32,53,51,ms
:repository:session-identity:compileDebugKotlin,Analysis lines per second,1406,1387,1431,1325,1791,1923,
:repository:session-identity:compileDebugKotlin,Total size of the cache directory,563.3,563.3,563,563,563,563,KB
:repository:session-identity:compileDebugKotlin,Number of cache hits when loading classpath entry snapshots,110,110,110,110,110,110,
:repository:session-identity:compileDebugKotlin,Number of lines analyzed,418,418,418,418,418,418,
:repository:session-identity:compileDebugKotlin,Size of shrunk classpath snapshot,46.4,46.4,46,46,46,46,KB
:repository:session-identity:compileDebugKotlin,Number of cache misses when loading classpath entry snapshots,1,1,1,1,1,1,
:repository:session-identity:compileDebugKotlin,Total compiler iteration,1,1,1,1,1,1,
:repository:session-identity:compileDebugKotlin,Number of times classpath snapshot is shrunk and saved after compilation,1,1,1,1,1,1,
:repository:session-identity:compileDebugKotlin,Number of times classpath snapshot is loaded,1,1,1,1,1,1,
:repository:session-identity:compileDebugKotlin,Code generation lines per second,3214,3224,3261,3147,4266,4827,
:repository:session-identity:compileDebugKotlin,ABI snapshot size,18.0,18.0,18,18,18,18,B
:repository:session-identity:compileDebugKotlin,Size of classpath snapshot,6.0,6.0,6,6,6,6,MB
:repository:session-identity:compileDebugKotlin,Number of classpath entries,111,111,111,111,111,111,
:repository:session-identity:compileDebugKotlin,Start gradle worker,1.83,1.93,1,1,3,4,ms
:repository:session-identity:compileDebugKotlin,Save shrunk current classpath snapshot,2.67,3.25,3,3,5,5,ms
:repository:session-identity:compileDebugKotlin,Store build info,3.0,3.5,3,4,3,6,ms
:repository:setting-identity:compileDebugKotlin,Sources compilation round,884.94,911.9,855,898,1134,1183,ms
:repository:setting-identity:compileDebugKotlin,Incremental compilation in daemon,983.76,1022.18,951,998,1247,1309,ms
:repository:setting-identity:compileDebugKotlin,Task action before worker execution,15.52,16.6,11,11,25,20,ms
:repository:setting-identity:compileDebugKotlin,Start gradle worker,4.71,1.73,1,1,4,4,ms
:repository:setting-identity:compileDebugKotlin,Compiler initialization time,43.16,51.82,41,46,62,96,ms
:repository:setting-identity:compileDebugKotlin,Calculate output size,1.57,1.74,1,1,4,4,ms
:repository:setting-identity:compileDebugKotlin,Compiler IR lowering,72.34,77.68,70,76,105,112,ms
:repository:setting-identity:compileDebugKotlin,Compiler translation to IR,255.96,246.72,246,239,338,317,ms
:repository:setting-identity:compileDebugKotlin,Compiler backend,56.84,55.42,51,51,88,80,ms
:repository:setting-identity:compileDebugKotlin,Compiler code analysis,322.76,338.04,299,306,444,499,ms
:repository:setting-identity:compileDebugKotlin,Run compilation in Gradle worker,1024.36,1063.88,990,1037,1281,1403,ms
:repository:setting-identity:compileDebugKotlin,Load current classpath snapshot,5.22,6.12,4,6,9,10,ms
:repository:setting-identity:compileDebugKotlin,Update caches,1.58,2.04,1,1,4,5,ms
:repository:setting-identity:compileDebugKotlin,Total Gradle task time,1150.68,1197.76,1088,1168,1445,1512,ms
:repository:setting-identity:compileDebugKotlin,Shrink and save current classpath snapshot after compilation,35.84,35.74,31,33,55,53,ms
:repository:setting-identity:compileDebugKotlin,Compiler code generation,129.76,133.56,119,133,177,178,ms
:repository:setting-identity:compileDebugKotlin,Remove duplicate classes,4.7,5.42,3,6,8,9,ms
:repository:setting-identity:compileDebugKotlin,Run compilation,1017.92,1058.96,984,1033,1279,1401,ms
:repository:setting-identity:compileDebugKotlin,Shrink current classpath snapshot non-incrementally,28.56,27.78,23,23,45,44,ms
:repository:setting-identity:compileDebugKotlin,Spent time before task action,38.18,34.16,31,34,58,53,ms
:repository:setting-identity:compileDebugKotlin,Analysis lines per second,1366,1362,1395,1363,1728,1792,
:repository:setting-identity:compileDebugKotlin,Total size of the cache directory,563.3,563.3,563,563,563,563,KB
:repository:setting-identity:compileDebugKotlin,Number of cache hits when loading classpath entry snapshots,131,131,131,131,131,131,
:repository:setting-identity:compileDebugKotlin,Number of lines analyzed,418,418,418,418,418,418,
:repository:setting-identity:compileDebugKotlin,Size of shrunk classpath snapshot,46.4,46.4,46,46,46,46,KB
:repository:setting-identity:compileDebugKotlin,Number of cache misses when loading classpath entry snapshots,1,1,1,1,1,1,
:repository:setting-identity:compileDebugKotlin,Total compiler iteration,1,1,1,1,1,1,
:repository:setting-identity:compileDebugKotlin,Number of times classpath snapshot is shrunk and saved after compilation,1,1,1,1,1,1,
:repository:setting-identity:compileDebugKotlin,Number of times classpath snapshot is loaded,1,1,1,1,1,1,
:repository:setting-identity:compileDebugKotlin,Code generation lines per second,3450,3444,3493,3127,4805,5022,
:repository:setting-identity:compileDebugKotlin,ABI snapshot size,18.0,18.0,18,18,18,18,B
:repository:setting-identity:compileDebugKotlin,Size of classpath snapshot,6.7,6.7,7,7,7,7,MB
:repository:setting-identity:compileDebugKotlin,Number of classpath entries,132,132,132,132,132,132,
:repository:setting-identity:compileDebugKotlin,Store build info,2.5,5.0,3,5,4,7,ms
:repository:setting-identity:compileDebugKotlin,Save shrunk current classpath snapshot,2.67,1.75,3,2,3,3,ms
:repository:setting-identity:compileDebugKotlin,Clear output,2.0,2.0,2,2,2,2,ms
:repository:share-identity:compileDebugKotlin,Sources compilation round,933.96,972.92,895,939,1354,1468,ms
:repository:share-identity:compileDebugKotlin,Incremental compilation in daemon,1040.1,1079.84,991,1009,1501,1631,ms
:repository:share-identity:compileDebugKotlin,Task action before worker execution,14.82,13.2,12,12,20,21,ms
:repository:share-identity:compileDebugKotlin,Start gradle worker,2.68,1.98,3,1,5,4,ms
:repository:share-identity:compileDebugKotlin,Compiler initialization time,40.02,48.4,34,43,65,80,ms
:repository:share-identity:compileDebugKotlin,Calculate output size,2.15,2.11,1,1,4,4,ms
:repository:share-identity:compileDebugKotlin,Compiler IR lowering,76.34,70.86,69,64,122,110,ms
:repository:share-identity:compileDebugKotlin,Compiler translation to IR,295.82,313.86,236,244,408,723,ms
:repository:share-identity:compileDebugKotlin,Compiler backend,53.22,69.84,46,49,83,89,ms
:repository:share-identity:compileDebugKotlin,Compiler code analysis,333.82,325.0,328,301,434,428,ms
:repository:share-identity:compileDebugKotlin,Run compilation in Gradle worker,1077.66,1121.96,1034,1030,1522,1723,ms
:repository:share-identity:compileDebugKotlin,Load current classpath snapshot,5.48,5.42,4,5,11,9,ms
:repository:share-identity:compileDebugKotlin,Update caches,2.64,2.72,2,2,6,5,ms
:repository:share-identity:compileDebugKotlin,Total Gradle task time,1194.26,1240.34,1140,1134,1631,1855,ms
:repository:share-identity:compileDebugKotlin,Shrink and save current classpath snapshot after compilation,35.86,38.92,30,34,63,73,ms
:repository:share-identity:compileDebugKotlin,Compiler code generation,130.08,141.22,122,118,184,203,ms
:repository:share-identity:compileDebugKotlin,Remove duplicate classes,4.64,4.7,3,4,9,9,ms
:repository:share-identity:compileDebugKotlin,Run compilation,1072.34,1115.92,1031,1026,1520,1718,ms
:repository:share-identity:compileDebugKotlin,Shrink current classpath snapshot non-incrementally,28.4,31.2,23,26,45,63,ms
:repository:share-identity:compileDebugKotlin,Save shrunk current classpath snapshot,2.6,1.5,2,2,5,2,ms
:repository:share-identity:compileDebugKotlin,Spent time before task action,32.24,36.3,31,33,46,54,ms
:repository:share-identity:compileDebugKotlin,Analysis lines per second,1330,1375,1273,1385,1743,1771,
:repository:share-identity:compileDebugKotlin,Total size of the cache directory,546.6,546.6,547,547,547,547,KB
:repository:share-identity:compileDebugKotlin,Number of cache hits when loading classpath entry snapshots,129,129,129,129,129,129,
:repository:share-identity:compileDebugKotlin,Number of lines analyzed,418,418,418,418,418,418,
:repository:share-identity:compileDebugKotlin,Size of shrunk classpath snapshot,46.4,46.4,46,46,46,46,KB
:repository:share-identity:compileDebugKotlin,Number of cache misses when loading classpath entry snapshots,1,1,1,1,1,1,
:repository:share-identity:compileDebugKotlin,Total compiler iteration,1,1,1,1,1,1,
:repository:share-identity:compileDebugKotlin,Number of times classpath snapshot is shrunk and saved after compilation,1,1,1,1,1,1,
:repository:share-identity:compileDebugKotlin,Number of times classpath snapshot is loaded,1,1,1,1,1,1,
:repository:share-identity:compileDebugKotlin,Code generation lines per second,3466,3527,3408,3527,4747,5034,
:repository:share-identity:compileDebugKotlin,ABI snapshot size,18.0,18.0,18,18,18,18,B
:repository:share-identity:compileDebugKotlin,Size of classpath snapshot,6.6,6.6,7,7,7,7,MB
:repository:share-identity:compileDebugKotlin,Number of classpath entries,130,130,130,130,130,130,
:repository:share-identity:compileDebugKotlin,Clear output,1.0,,1,,1,,ms
:repository:share-identity:compileDebugKotlin,Clear outputs on rebuild,1.0,,1,,1,,ms
:repository:status-identity:compileDebugKotlin,Sources compilation round,948.44,989.8,875,918,1302,1473,ms
:repository:status-identity:compileDebugKotlin,Incremental compilation in daemon,1057.78,1096.02,970,1012,1392,1580,ms
:repository:status-identity:compileDebugKotlin,Task action before worker execution,13.26,12.12,12,11,22,20,ms
:repository:status-identity:compileDebugKotlin,Start gradle worker,1.98,1.51,1,1,4,3,ms
:repository:status-identity:compileDebugKotlin,Compiler initialization time,42.24,43.54,39,42,70,68,ms
:repository:status-identity:compileDebugKotlin,Calculate output size,2.07,1.96,1,1,6,5,ms
:repository:status-identity:compileDebugKotlin,Compiler IR lowering,78.72,80.76,76,71,104,110,ms
:repository:status-identity:compileDebugKotlin,Compiler translation to IR,245.3,298.72,232,239,299,623,ms
:repository:status-identity:compileDebugKotlin,Compiler backend,53.36,59.9,44,57,85,87,ms
:repository:status-identity:compileDebugKotlin,Compiler code analysis,390.4,357.7,333,319,515,440,ms
:repository:status-identity:compileDebugKotlin,Run compilation in Gradle worker,1090.44,1131.3,1000,1050,1428,1609,ms
:repository:status-identity:compileDebugKotlin,Load current classpath snapshot,4.98,5.54,4,5,9,11,ms
:repository:status-identity:compileDebugKotlin,Update caches,2.34,2.42,2,2,5,5,ms
:repository:status-identity:compileDebugKotlin,Total Gradle task time,1212.46,1252.28,1102,1163,1556,1759,ms
:repository:status-identity:compileDebugKotlin,Shrink and save current classpath snapshot after compilation,42.48,37.9,29,34,67,61,ms
:repository:status-identity:compileDebugKotlin,Compiler code generation,132.52,141.18,125,136,182,197,ms
:repository:status-identity:compileDebugKotlin,Remove duplicate classes,4.42,4.84,3,4,8,9,ms
:repository:status-identity:compileDebugKotlin,Run compilation,1080.38,1125.16,990,1045,1425,1606,ms
:repository:status-identity:compileDebugKotlin,Shrink current classpath snapshot non-incrementally,35.58,30.32,21,27,55,51,ms
:repository:status-identity:compileDebugKotlin,Spent time before task action,37.34,38.76,36,34,57,55,ms
:repository:status-identity:compileDebugKotlin,Analysis lines per second,1220,1277,1256,1309,1672,1610,
:repository:status-identity:compileDebugKotlin,Total size of the cache directory,563.0,563.0,563,563,563,563,KB
:repository:status-identity:compileDebugKotlin,Number of cache hits when loading classpath entry snapshots,116,116,116,116,116,116,
:repository:status-identity:compileDebugKotlin,Number of lines analyzed,418,418,418,418,418,418,
:repository:status-identity:compileDebugKotlin,Size of shrunk classpath snapshot,46.4,46.4,46,46,46,46,KB
:repository:status-identity:compileDebugKotlin,Number of cache misses when loading classpath entry snapshots,1,1,1,1,1,1,
:repository:status-identity:compileDebugKotlin,Total compiler iteration,1,1,1,1,1,1,
:repository:status-identity:compileDebugKotlin,Number of times classpath snapshot is shrunk and saved after compilation,1,1,1,1,1,1,
:repository:status-identity:compileDebugKotlin,Number of times classpath snapshot is loaded,1,1,1,1,1,1,
:repository:status-identity:compileDebugKotlin,Code generation lines per second,3429,3276,3338,3063,4592,4913,
:repository:status-identity:compileDebugKotlin,ABI snapshot size,18.0,18.0,18,18,18,18,B
:repository:status-identity:compileDebugKotlin,Size of classpath snapshot,6.2,6.2,6,6,6,6,MB
:repository:status-identity:compileDebugKotlin,Number of classpath entries,117,117,117,117,117,117,
:repository:status-identity:compileDebugKotlin,Save shrunk current classpath snapshot,5.5,2.0,6,2,6,3,ms
:repository:status-identity:compileDebugKotlin,Store build info,3.0,1.67,3,1,3,3,ms
:repository:status-identity:compileDebugKotlin,Clear outputs on rebuild,1.0,,1,,1,,ms
:repository:sync-identity:compileDebugKotlin,Sources compilation round,871.06,877.66,834,830,1096,1228,ms
:repository:sync-identity:compileDebugKotlin,Incremental compilation in daemon,983.8,977.7,932,948,1285,1341,ms
:repository:sync-identity:compileDebugKotlin,Task action before worker execution,14.86,16.44,14,15,20,23,ms
:repository:sync-identity:compileDebugKotlin,Start gradle worker,1.63,2.02,1,2,3,4,ms
:repository:sync-identity:compileDebugKotlin,Compiler initialization time,49.04,45.26,46,42,81,63,ms
:repository:sync-identity:compileDebugKotlin,Calculate output size,2.21,1.96,1,1,4,4,ms
:repository:sync-identity:compileDebugKotlin,Compiler IR lowering,64.58,67.6,60,64,94,98,ms
:repository:sync-identity:compileDebugKotlin,Compiler translation to IR,254.74,247.74,225,246,340,321,ms
:repository:sync-identity:compileDebugKotlin,Compiler backend,47.52,54.7,42,51,73,89,ms
:repository:sync-identity:compileDebugKotlin,Compiler code analysis,323.94,328.68,306,297,431,491,ms
:repository:sync-identity:compileDebugKotlin,Run compilation in Gradle worker,1022.74,1012.6,973,984,1312,1376,ms
:repository:sync-identity:compileDebugKotlin,Load current classpath snapshot,5.14,4.98,4,4,9,9,ms
:repository:sync-identity:compileDebugKotlin,Update caches,2.24,1.74,2,1,4,3,ms
:repository:sync-identity:compileDebugKotlin,Total Gradle task time,1153.2,1129.94,1091,1102,1470,1475,ms
:repository:sync-identity:compileDebugKotlin,Shrink and save current classpath snapshot after compilation,38.34,36.58,32,32,58,57,ms
:repository:sync-identity:compileDebugKotlin,Compiler code generation,112.54,122.9,109,116,148,167,ms
:repository:sync-identity:compileDebugKotlin,Remove duplicate classes,4.46,4.38,3,3,9,8,ms
:repository:sync-identity:compileDebugKotlin,Run compilation,1015.02,1005.82,965,975,1309,1371,ms
:repository:sync-identity:compileDebugKotlin,Shrink current classpath snapshot non-incrementally,31.26,29.66,26,25,46,49,ms
:repository:sync-identity:compileDebugKotlin,Spent time before task action,40.88,36.1,38,36,55,57,ms
:repository:sync-identity:compileDebugKotlin,Analysis lines per second,1349,1382,1365,1406,1704,1840,
:repository:sync-identity:compileDebugKotlin,Total size of the cache directory,546.2,546.2,546,546,546,546,KB
:repository:sync-identity:compileDebugKotlin,Number of cache hits when loading classpath entry snapshots,119,119,119,119,119,119,
:repository:sync-identity:compileDebugKotlin,Number of lines analyzed,418,418,418,418,418,418,
:repository:sync-identity:compileDebugKotlin,Size of shrunk classpath snapshot,46.4,46.4,46,46,46,46,KB
:repository:sync-identity:compileDebugKotlin,Number of cache misses when loading classpath entry snapshots,1,1,1,1,1,1,
:repository:sync-identity:compileDebugKotlin,Total compiler iteration,1,1,1,1,1,1,
:repository:sync-identity:compileDebugKotlin,Number of times classpath snapshot is shrunk and saved after compilation,1,1,1,1,1,1,
:repository:sync-identity:compileDebugKotlin,Number of times classpath snapshot is loaded,1,1,1,1,1,1,
:repository:sync-identity:compileDebugKotlin,Code generation lines per second,3891,3661,3830,3598,4887,5545,
:repository:sync-identity:compileDebugKotlin,ABI snapshot size,18.0,18.0,18,18,18,18,B
:repository:sync-identity:compileDebugKotlin,Size of classpath snapshot,6.3,6.3,6,6,6,6,MB
:repository:sync-identity:compileDebugKotlin,Number of classpath entries,120,120,120,120,120,120,
:repository:sync-identity:compileDebugKotlin,Clear output,2.5,,3,,3,,ms
:repository:sync-identity:compileDebugKotlin,Store build info,3.5,1.0,4,1,5,1,ms
:repository:sync-identity:compileDebugKotlin,Save shrunk current classpath snapshot,3.0,3.0,3,3,3,3,ms
:repository:task-identity:compileDebugKotlin,Sources compilation round,870.54,843.4,843,811,1073,1085,ms
:repository:task-identity:compileDebugKotlin,Incremental compilation in daemon,980.26,954.66,943,915,1234,1223,ms
:repository:task-identity:compileDebugKotlin,Task action before worker execution,13.12,13.6,11,13,22,21,ms
:repository:task-identity:compileDebugKotlin,Start gradle worker,1.85,2.25,1,2,4,4,ms
:repository:task-identity:compileDebugKotlin,Compiler initialization time,51.66,50.08,48,42,88,78,ms
:repository:task-identity:compileDebugKotlin,Calculate output size,1.9,1.59,1,1,5,4,ms
:repository:task-identity:compileDebugKotlin,Compiler IR lowering,66.62,62.76,58,58,114,77,ms
:repository:task-identity:compileDebugKotlin,Compiler translation to IR,245.86,223.2,222,216,327,301,ms
:repository:task-identity:compileDebugKotlin,Compiler backend,49.16,50.36,45,45,73,80,ms
:repository:task-identity:compileDebugKotlin,Compiler code analysis,325.6,323.54,315,308,416,427,ms
:repository:task-identity:compileDebugKotlin,Run compilation in Gradle worker,1014.1,986.3,973,942,1265,1257,ms
:repository:task-identity:compileDebugKotlin,Load current classpath snapshot,6.98,5.0,4,4,12,10,ms
:repository:task-identity:compileDebugKotlin,Update caches,1.54,1.5,1,1,3,2,ms
:repository:task-identity:compileDebugKotlin,Total Gradle task time,1134.44,1100.4,1114,1053,1402,1436,ms
:repository:task-identity:compileDebugKotlin,Shrink and save current classpath snapshot after compilation,37.98,35.24,32,28,62,56,ms
:repository:task-identity:compileDebugKotlin,Store build info,1.0,2.33,1,2,1,3,ms
:repository:task-identity:compileDebugKotlin,Compiler code generation,116.18,113.6,105,107,171,162,ms
:repository:task-identity:compileDebugKotlin,Remove duplicate classes,6.62,4.28,3,3,10,7,ms
:repository:task-identity:compileDebugKotlin,Run compilation,1005.14,980.7,967,939,1263,1245,ms
:repository:task-identity:compileDebugKotlin,Shrink current classpath snapshot non-incrementally,28.58,28.2,24,23,47,48,ms
:repository:task-identity:compileDebugKotlin,Spent time before task action,35.72,36.58,36,37,56,52,ms
:repository:task-identity:compileDebugKotlin,Analysis lines per second,1319,1358,1325,1357,1653,1653,
:repository:task-identity:compileDebugKotlin,Total size of the cache directory,546.2,546.2,546,546,546,546,KB
:repository:task-identity:compileDebugKotlin,Number of cache hits when loading classpath entry snapshots,146,146,146,146,146,146,
:repository:task-identity:compileDebugKotlin,Number of lines analyzed,418,418,418,418,418,418,
:repository:task-identity:compileDebugKotlin,Size of shrunk classpath snapshot,46.4,46.4,46,46,46,46,KB
:repository:task-identity:compileDebugKotlin,Number of cache misses when loading classpath entry snapshots,1,1,1,1,1,1,
:repository:task-identity:compileDebugKotlin,Total compiler iteration,1,1,1,1,1,1,
:repository:task-identity:compileDebugKotlin,Number of times classpath snapshot is shrunk and saved after compilation,1,1,1,1,1,1,
:repository:task-identity:compileDebugKotlin,Number of times classpath snapshot is loaded,1,1,1,1,1,1,
:repository:task-identity:compileDebugKotlin,Code generation lines per second,3843,3903,3965,3889,4903,4702,
:repository:task-identity:compileDebugKotlin,ABI snapshot size,18.0,18.0,18,18,18,18,B
:repository:task-identity:compileDebugKotlin,Size of classpath snapshot,7.1,7.1,7,7,7,7,MB
:repository:task-identity:compileDebugKotlin,Number of classpath entries,147,147,147,147,147,147,
:repository:task-identity:compileDebugKotlin,Save shrunk current classpath snapshot,3.33,3.2,3,3,4,6,ms
:repository:task-identity:compileDebugKotlin,Clear output,1.0,1.0,1,1,1,1,ms
:repository:task-identity:compileDebugKotlin,Clear outputs on rebuild,1.0,,1,,1,,ms
:repository:timer-identity:compileDebugKotlin,Sources compilation round,967.04,967.3,856,938,1490,1353,ms
:repository:timer-identity:compileDebugKotlin,Incremental compilation in daemon,1074.36,1087.44,952,1055,1589,1451,ms
:repository:timer-identity:compileDebugKotlin,Task action before worker execution,13.32,14.84,11,13,23,21,ms
:repository:timer-identity:compileDebugKotlin,Compiler initialization time,48.1,53.14,38,38,70,72,ms
:repository:timer-identity:compileDebugKotlin,Calculate output size,1.81,1.83,1,1,4,4,ms
:repository:timer-identity:compileDebugKotlin,Compiler IR lowering,82.76,76.28,65,70,122,111,ms
:repository:timer-identity:compileDebugKotlin,Compiler translation to IR,267.4,256.9,229,228,366,314,ms
:repository:timer-identity:compileDebugKotlin,Compiler backend,58.7,60.66,50,52,88,90,ms
:repository:timer-identity:compileDebugKotlin,Compiler code analysis,376.32,370.12,329,362,475,484,ms
:repository:timer-identity:compileDebugKotlin,Run compilation in Gradle worker,1109.9,1139.16,983,1105,1632,1554,ms
:repository:timer-identity:compileDebugKotlin,Load current classpath snapshot,4.84,5.32,4,5,9,9,ms
:repository:timer-identity:compileDebugKotlin,Update caches,2.92,2.46,2,2,5,5,ms
:repository:timer-identity:compileDebugKotlin,Total Gradle task time,1225.64,1256.16,1091,1223,1759,1682,ms
:repository:timer-identity:compileDebugKotlin,Shrink and save current classpath snapshot after compilation,37.74,39.54,28,32,67,59,ms
:repository:timer-identity:compileDebugKotlin,Compiler code generation,141.96,137.54,124,126,193,202,ms
:repository:timer-identity:compileDebugKotlin,Remove duplicate classes,4.42,4.76,3,4,8,8,ms
:repository:timer-identity:compileDebugKotlin,Run compilation,1103.06,1133.64,974,1102,1627,1538,ms
:repository:timer-identity:compileDebugKotlin,Shrink current classpath snapshot non-incrementally,30.68,32.06,23,27,57,47,ms
:repository:timer-identity:compileDebugKotlin,Spent time before task action,37.06,35.16,35,37,62,54,ms
:repository:timer-identity:compileDebugKotlin,Analysis lines per second,1261,1247,1272,1152,1661,1638,
:repository:timer-identity:compileDebugKotlin,Total size of the cache directory,546.6,546.6,547,547,547,547,KB
:repository:timer-identity:compileDebugKotlin,Number of cache hits when loading classpath entry snapshots,139,139,139,139,139,139,
:repository:timer-identity:compileDebugKotlin,Number of lines analyzed,418,418,418,418,418,418,
:repository:timer-identity:compileDebugKotlin,Size of shrunk classpath snapshot,46.4,46.4,46,46,46,46,KB
:repository:timer-identity:compileDebugKotlin,Number of cache misses when loading classpath entry snapshots,1,1,1,1,1,1,
:repository:timer-identity:compileDebugKotlin,Total compiler iteration,1,1,1,1,1,1,
:repository:timer-identity:compileDebugKotlin,Number of times classpath snapshot is shrunk and saved after compilation,1,1,1,1,1,1,
:repository:timer-identity:compileDebugKotlin,Number of times classpath snapshot is loaded,1,1,1,1,1,1,
:repository:timer-identity:compileDebugKotlin,Code generation lines per second,3365,3447,3373,3313,4491,4824,
:repository:timer-identity:compileDebugKotlin,ABI snapshot size,18.0,18.0,18,18,18,18,B
:repository:timer-identity:compileDebugKotlin,Size of classpath snapshot,6.9,6.9,7,7,7,7,MB
:repository:timer-identity:compileDebugKotlin,Number of classpath entries,140,140,140,140,140,140,
:repository:timer-identity:compileDebugKotlin,Start gradle worker,1.64,1.82,1,1,3,4,ms
:repository:timer-identity:compileDebugKotlin,Save shrunk current classpath snapshot,2.8,2.33,3,3,5,3,ms
:repository:timer-identity:compileDebugKotlin,Clear outputs on rebuild,1.0,,1,,1,,ms
:repository:timer-identity:compileDebugKotlin,Store build info,3.25,2.67,3,2,5,5,ms
:repository:todo-identity:compileDebugKotlin,Sources compilation round,913.14,895.12,828,856,1362,1169,ms
:repository:todo-identity:compileDebugKotlin,Incremental compilation in daemon,1023.66,1009.22,951,981,1478,1264,ms
:repository:todo-identity:compileDebugKotlin,Task action before worker execution,12.9,12.52,12,12,22,19,ms
:repository:todo-identity:compileDebugKotlin,Start gradle worker,1.77,1.7,1,1,3,3,ms
:repository:todo-identity:compileDebugKotlin,Compiler initialization time,42.26,46.58,41,41,63,82,ms
:repository:todo-identity:compileDebugKotlin,Calculate output size,1.72,1.65,1,1,4,4,ms
:repository:todo-identity:compileDebugKotlin,Compiler IR lowering,66.48,67.14,60,60,97,97,ms
:repository:todo-identity:compileDebugKotlin,Compiler translation to IR,269.36,239.6,231,229,378,317,ms
:repository:todo-identity:compileDebugKotlin,Compiler backend,70.02,60.32,51,51,91,103,ms
:repository:todo-identity:compileDebugKotlin,Compiler code analysis,339.72,349.12,302,320,468,444,ms
:repository:todo-identity:compileDebugKotlin,Run compilation in Gradle worker,1071.5,1052.1,1005,1031,1520,1366,ms
:repository:todo-identity:compileDebugKotlin,Load current classpath snapshot,4.92,5.3,4,5,8,9,ms
:repository:todo-identity:compileDebugKotlin,Update caches,1.76,2.14,1,2,3,4,ms
:repository:todo-identity:compileDebugKotlin,Total Gradle task time,1198.16,1158.98,1145,1133,1665,1523,ms
:repository:todo-identity:compileDebugKotlin,Shrink and save current classpath snapshot after compilation,45.28,39.68,30,35,58,58,ms
:repository:todo-identity:compileDebugKotlin,Compiler code generation,137.04,128.0,118,120,182,194,ms
:repository:todo-identity:compileDebugKotlin,Remove duplicate classes,4.48,4.74,4,5,8,8,ms
:repository:todo-identity:compileDebugKotlin,Run compilation,1063.88,1044.18,1002,1020,1514,1334,ms
:repository:todo-identity:compileDebugKotlin,Shrink current classpath snapshot non-incrementally,38.32,32.14,24,26,50,48,ms
:repository:todo-identity:compileDebugKotlin,Save shrunk current classpath snapshot,2.75,2.33,3,3,4,3,ms
:repository:todo-identity:compileDebugKotlin,Spent time before task action,35.46,32.3,35,31,51,50,ms
:repository:todo-identity:compileDebugKotlin,Analysis lines per second,1335,1297,1380,1306,1711,1784,
:repository:todo-identity:compileDebugKotlin,Total size of the cache directory,546.2,546.2,546,546,546,546,KB
:repository:todo-identity:compileDebugKotlin,Number of cache hits when loading classpath entry snapshots,136,136,136,136,136,136,
:repository:todo-identity:compileDebugKotlin,Number of lines analyzed,418,418,418,418,418,418,
:repository:todo-identity:compileDebugKotlin,Size of shrunk classpath snapshot,46.4,46.4,46,46,46,46,KB
:repository:todo-identity:compileDebugKotlin,Number of cache misses when loading classpath entry snapshots,1,1,1,1,1,1,
:repository:todo-identity:compileDebugKotlin,Total compiler iteration,1,1,1,1,1,1,
:repository:todo-identity:compileDebugKotlin,Number of times classpath snapshot is shrunk and saved after compilation,1,1,1,1,1,1,
:repository:todo-identity:compileDebugKotlin,Number of times classpath snapshot is loaded,1,1,1,1,1,1,
:repository:todo-identity:compileDebugKotlin,Code generation lines per second,3546,3605,3540,3475,4934,4657,
:repository:todo-identity:compileDebugKotlin,ABI snapshot size,18.0,18.0,18,18,18,18,B
:repository:todo-identity:compileDebugKotlin,Size of classpath snapshot,6.8,6.8,7,7,7,7,MB
:repository:todo-identity:compileDebugKotlin,Number of classpath entries,137,137,137,137,137,137,
:repository:user-identity:compileDebugKotlin,Sources compilation round,828.58,786.0,796,763,1010,1016,ms
:repository:user-identity:compileDebugKotlin,Incremental compilation in daemon,927.34,886.12,891,853,1150,1114,ms
:repository:user-identity:compileDebugKotlin,Task action before worker execution,12.62,13.6,12,10,20,22,ms
:repository:user-identity:compileDebugKotlin,Compiler initialization time,42.48,40.24,39,38,71,63,ms
:repository:user-identity:compileDebugKotlin,Calculate output size,1.4,1.78,1,1,3,4,ms
:repository:user-identity:compileDebugKotlin,Compiler IR lowering,67.34,59.68,64,56,84,85,ms
:repository:user-identity:compileDebugKotlin,Compiler translation to IR,234.44,212.16,229,204,296,282,ms
:repository:user-identity:compileDebugKotlin,Compiler backend,53.02,52.56,48,44,79,83,ms
:repository:user-identity:compileDebugKotlin,Compiler code analysis,309.94,305.38,278,286,402,409,ms
:repository:user-identity:compileDebugKotlin,Run compilation in Gradle worker,961.62,913.54,917,874,1271,1142,ms
:repository:user-identity:compileDebugKotlin,Load current classpath snapshot,4.42,5.12,3,4,9,10,ms
:repository:user-identity:compileDebugKotlin,Update caches,1.56,1.72,1,1,3,4,ms
:repository:user-identity:compileDebugKotlin,Total Gradle task time,1076.32,1020.14,1046,978,1421,1267,ms
:repository:user-identity:compileDebugKotlin,Shrink and save current classpath snapshot after compilation,32.38,32.36,30,27,51,51,ms
:repository:user-identity:compileDebugKotlin,Compiler code generation,120.86,112.68,119,101,158,163,ms
:repository:user-identity:compileDebugKotlin,Remove duplicate classes,4.02,4.2,3,4,8,7,ms
:repository:user-identity:compileDebugKotlin,Run compilation,954.92,908.78,914,872,1269,1140,ms
:repository:user-identity:compileDebugKotlin,Shrink current classpath snapshot non-incrementally,26.12,25.28,23,21,43,41,ms
:repository:user-identity:compileDebugKotlin,Spent time before task action,35.24,33.54,33,31,50,49,ms
:repository:user-identity:compileDebugKotlin,Analysis lines per second,1451,1435,1504,1462,1765,1753,
:repository:user-identity:compileDebugKotlin,Total size of the cache directory,546.2,546.2,546,546,546,546,KB
:repository:user-identity:compileDebugKotlin,Number of cache hits when loading classpath entry snapshots,126,126,126,126,126,126,
:repository:user-identity:compileDebugKotlin,Number of lines analyzed,418,418,418,418,418,418,
:repository:user-identity:compileDebugKotlin,Size of shrunk classpath snapshot,46.4,46.4,46,46,46,46,KB
:repository:user-identity:compileDebugKotlin,Number of cache misses when loading classpath entry snapshots,1,1,1,1,1,1,
:repository:user-identity:compileDebugKotlin,Total compiler iteration,1,1,1,1,1,1,
:repository:user-identity:compileDebugKotlin,Number of times classpath snapshot is shrunk and saved after compilation,1,1,1,1,1,1,
:repository:user-identity:compileDebugKotlin,Number of times classpath snapshot is loaded,1,1,1,1,1,1,
:repository:user-identity:compileDebugKotlin,Code generation lines per second,3610,4081,3510,4138,4642,5519,
:repository:user-identity:compileDebugKotlin,ABI snapshot size,18.0,18.0,18,18,18,18,B
:repository:user-identity:compileDebugKotlin,Size of classpath snapshot,6.5,6.5,7,7,7,7,MB
:repository:user-identity:compileDebugKotlin,Number of classpath entries,127,127,127,127,127,127,
:repository:user-identity:compileDebugKotlin,Start gradle worker,1.84,1.7,1,1,5,3,ms
:repository:user-identity:compileDebugKotlin,Save shrunk current classpath snapshot,1.67,2.2,2,2,2,3,ms
:repository:user-identity:compileDebugKotlin,Clear output,3.0,3.0,3,3,3,4,ms
:repository:video-identity:compileDebugKotlin,Sources compilation round,928.26,819.06,885,816,1319,1033,ms
:repository:video-identity:compileDebugKotlin,Incremental compilation in daemon,1028.9,920.5,997,896,1414,1170,ms
:repository:video-identity:compileDebugKotlin,Task action before worker execution,16.8,13.44,13,12,23,21,ms
:repository:video-identity:compileDebugKotlin,Start gradle worker,2.12,2.48,1,2,6,5,ms
:repository:video-identity:compileDebugKotlin,Compiler initialization time,45.9,42.94,40,41,75,64,ms
:repository:video-identity:compileDebugKotlin,Calculate output size,1.85,2.11,1,1,4,4,ms
:repository:video-identity:compileDebugKotlin,Compiler IR lowering,85.44,65.02,67,60,108,103,ms
:repository:video-identity:compileDebugKotlin,Compiler translation to IR,272.92,225.48,239,231,342,291,ms
:repository:video-identity:compileDebugKotlin,Compiler backend,53.12,55.42,47,49,83,78,ms
:repository:video-identity:compileDebugKotlin,Compiler code analysis,327.32,304.94,320,293,412,432,ms
:repository:video-identity:compileDebugKotlin,Run compilation in Gradle worker,1074.62,956.34,1056,932,1441,1208,ms
:repository:video-identity:compileDebugKotlin,Load current classpath snapshot,5.32,4.86,4,4,10,9,ms
:repository:video-identity:compileDebugKotlin,Update caches,2.12,1.92,2,1,4,4,ms
:repository:video-identity:compileDebugKotlin,Total Gradle task time,1201.26,1072.62,1177,1048,1560,1337,ms
:repository:video-identity:compileDebugKotlin,Shrink and save current classpath snapshot after compilation,36.66,35.8,31,28,59,60,ms
:repository:video-identity:compileDebugKotlin,Compiler code generation,139.04,120.98,123,109,191,179,ms
:repository:video-identity:compileDebugKotlin,Remove duplicate classes,4.68,4.48,4,3,9,8,ms
:repository:video-identity:compileDebugKotlin,Run compilation,1065.68,951.2,1053,930,1437,1203,ms
:repository:video-identity:compileDebugKotlin,Shrink current classpath snapshot non-incrementally,29.22,28.6,24,22,51,49,ms
:repository:video-identity:compileDebugKotlin,Save shrunk current classpath snapshot,3.0,3.0,3,3,5,3,ms
:repository:video-identity:compileDebugKotlin,Spent time before task action,36.36,36.76,37,31,58,49,ms
:repository:video-identity:compileDebugKotlin,Analysis lines per second,1322,1461,1305,1427,1709,2072,
:repository:video-identity:compileDebugKotlin,Total size of the cache directory,546.6,546.6,547,547,547,547,KB
:repository:video-identity:compileDebugKotlin,Number of cache hits when loading classpath entry snapshots,147,147,147,147,147,147,
:repository:video-identity:compileDebugKotlin,Number of lines analyzed,418,418,418,418,418,418,
:repository:video-identity:compileDebugKotlin,Size of shrunk classpath snapshot,46.4,46.4,46,46,46,46,KB
:repository:video-identity:compileDebugKotlin,Number of cache misses when loading classpath entry snapshots,1,1,1,1,1,1,
:repository:video-identity:compileDebugKotlin,Total compiler iteration,1,1,1,1,1,1,
:repository:video-identity:compileDebugKotlin,Number of times classpath snapshot is shrunk and saved after compilation,1,1,1,1,1,1,
:repository:video-identity:compileDebugKotlin,Number of times classpath snapshot is loaded,1,1,1,1,1,1,
:repository:video-identity:compileDebugKotlin,Code generation lines per second,3441,3757,3383,3813,4909,5169,
:repository:video-identity:compileDebugKotlin,ABI snapshot size,18.0,18.0,18,18,18,18,B
:repository:video-identity:compileDebugKotlin,Size of classpath snapshot,7.2,7.2,7,7,7,7,MB
:repository:video-identity:compileDebugKotlin,Number of classpath entries,148,148,148,148,148,148,
:repository:video-identity:compileDebugKotlin,Clear output,1.0,,1,,1,,ms
:repository:weather-identity:compileDebugKotlin,Sources compilation round,906.0,848.98,793,801,1377,1116,ms
:repository:weather-identity:compileDebugKotlin,Incremental compilation in daemon,1006.62,947.52,887,890,1458,1225,ms
:repository:weather-identity:compileDebugKotlin,Task action before worker execution,17.34,12.02,11,10,20,21,ms
:repository:weather-identity:compileDebugKotlin,Start gradle worker,2.16,1.91,1,1,4,4,ms
:repository:weather-identity:compileDebugKotlin,Compiler initialization time,45.22,50.1,40,37,80,65,ms
:repository:weather-identity:compileDebugKotlin,Calculate output size,1.85,2.11,1,1,4,4,ms
:repository:weather-identity:compileDebugKotlin,Compiler IR lowering,75.78,64.06,59,58,105,86,ms
:repository:weather-identity:compileDebugKotlin,Compiler translation to IR,268.3,239.7,212,228,419,325,ms
:repository:weather-identity:compileDebugKotlin,Compiler backend,59.56,56.82,56,52,87,86,ms
:repository:weather-identity:compileDebugKotlin,Compiler code analysis,318.66,313.74,288,299,442,404,ms
:repository:weather-identity:compileDebugKotlin,Run compilation in Gradle worker,1046.46,978.84,951,921,1499,1247,ms
:repository:weather-identity:compileDebugKotlin,Load current classpath snapshot,4.76,4.34,4,4,9,8,ms
:repository:weather-identity:compileDebugKotlin,Update caches,1.84,1.96,2,2,4,4,ms
:repository:weather-identity:compileDebugKotlin,Total Gradle task time,1179.06,1094.74,1066,1044,1640,1405,ms
:repository:weather-identity:compileDebugKotlin,Shrink and save current classpath snapshot after compilation,39.26,32.92,30,27,63,59,ms
:repository:weather-identity:compileDebugKotlin,Compiler code generation,135.82,121.32,121,113,191,167,ms
:repository:weather-identity:compileDebugKotlin,Remove duplicate classes,4.38,3.8,3,3,8,6,ms
:repository:weather-identity:compileDebugKotlin,Run compilation,1036.42,971.52,944,917,1496,1244,ms
:repository:weather-identity:compileDebugKotlin,Shrink current classpath snapshot non-incrementally,32.38,26.46,24,22,55,50,ms
:repository:weather-identity:compileDebugKotlin,Spent time before task action,35.5,34.7,36,33,54,54,ms
:repository:weather-identity:compileDebugKotlin,Analysis lines per second,1372,1440,1450,1397,1677,1819,
:repository:weather-identity:compileDebugKotlin,Total size of the cache directory,563.3,563.3,563,563,563,563,KB
:repository:weather-identity:compileDebugKotlin,Number of cache hits when loading classpath entry snapshots,137,137,137,137,137,137,
:repository:weather-identity:compileDebugKotlin,Number of lines analyzed,418,418,418,418,418,418,
:repository:weather-identity:compileDebugKotlin,Size of shrunk classpath snapshot,46.4,46.4,46,46,46,46,KB
:repository:weather-identity:compileDebugKotlin,Number of cache misses when loading classpath entry snapshots,1,1,1,1,1,1,
:repository:weather-identity:compileDebugKotlin,Total compiler iteration,1,1,1,1,1,1,
:repository:weather-identity:compileDebugKotlin,Number of times classpath snapshot is shrunk and saved after compilation,1,1,1,1,1,1,
:repository:weather-identity:compileDebugKotlin,Number of times classpath snapshot is loaded,1,1,1,1,1,1,
:repository:weather-identity:compileDebugKotlin,Code generation lines per second,3412,3674,3445,3679,4490,4835,
:repository:weather-identity:compileDebugKotlin,ABI snapshot size,18.0,18.0,18,18,18,18,B
:repository:weather-identity:compileDebugKotlin,Size of classpath snapshot,6.9,6.9,7,7,7,7,MB
:repository:weather-identity:compileDebugKotlin,Number of classpath entries,138,138,138,138,138,138,
:repository:weather-identity:compileDebugKotlin,Clear outputs on rebuild,1.5,,2,,2,,ms
:repository:weather-identity:compileDebugKotlin,Save shrunk current classpath snapshot,2.5,5.33,3,2,3,12,ms
:repository:weather-identity:compileDebugKotlin,Store build info,4.0,2.0,4,2,5,2,ms
Kotlin Build Reports,Sources compilation round,1384.05,1334.45,1075,1053,2453,2332,ms
Kotlin Build Reports,Incremental compilation in daemon,1520.76,1470.2,1200,1174,2645,2533,ms
Kotlin Build Reports,Task action before worker execution,17.99,17.3,15,15,27,26,ms
Kotlin Build Reports,Start gradle worker,2.42,2.37,1,1,5,5,ms
Kotlin Build Reports,Compiler initialization time,59.73,57.59,51,49,96,93,ms
Kotlin Build Reports,Calculate output size,2.2,2.19,1,1,4,4,ms
Kotlin Build Reports,Compiler IR lowering,128.3,123.71,94,91,241,234,ms
Kotlin Build Reports,Compiler translation to IR,332.52,320.29,282,274,533,508,ms
Kotlin Build Reports,Compiler backend,120.95,116.58,77,75,237,230,ms
Kotlin Build Reports,Compiler code analysis,549.86,528.37,397,386,1088,1030,ms
Kotlin Build Reports,Run compilation in Gradle worker,1588.45,1534.69,1247,1219,2742,2615,ms
Kotlin Build Reports,Load current classpath snapshot,8.22,7.94,6,6,13,12,ms
Kotlin Build Reports,Update caches,3.95,3.79,2,2,8,8,ms
Kotlin Build Reports,Total Gradle task time,1739.39,1676.1,1390,1352,2947,2812,ms
Kotlin Build Reports,Shrink and save current classpath snapshot after compilation,47.74,45.22,40,38,75,72,ms
Kotlin Build Reports,Compiler code generation,249.75,240.79,173,169,476,461,ms
Kotlin Build Reports,Remove duplicate classes,5.79,5.54,5,5,10,9,ms
Kotlin Build Reports,Run compilation,1562.92,1511.4,1235,1210,2707,2595,ms
Kotlin Build Reports,Shrink current classpath snapshot non-incrementally,36.95,34.79,31,30,59,57,ms
Kotlin Build Reports,Spent time before task action,45.44,43.13,41,39,71,68,ms
Kotlin Build Reports,Analysis lines per second,1026,1068,1052,1082,1597,1652,
Kotlin Build Reports,Total size of the cache directory,549.68,549.68,546,546,563,563,KB
Kotlin Build Reports,Number of cache hits when loading classpath entry snapshots,119,119,119,119,142,142,
Kotlin Build Reports,Number of lines analyzed,418,418,418,418,418,418,
Kotlin Build Reports,Size of shrunk classpath snapshot,46.44,46.44,46,46,46,46,KB
Kotlin Build Reports,Number of cache misses when loading classpath entry snapshots,2,2,1,1,2,2,
Kotlin Build Reports,Total compiler iteration,1,1,1,1,1,1,
Kotlin Build Reports,Number of times classpath snapshot is shrunk and saved after compilation,1,1,1,1,1,1,
Kotlin Build Reports,Number of times classpath snapshot is loaded,1,1,1,1,1,1,
Kotlin Build Reports,Code generation lines per second,2521,2624,2415,2468,4332,4468,
Kotlin Build Reports,ABI snapshot size,18.0,18.0,18,18,18,18,B
Kotlin Build Reports,Size of classpath snapshot,6.35,6.35,6,6,7,7,MB
Kotlin Build Reports,Number of classpath entries,122,122,122,122,145,145,
Kotlin Build Reports,Store build info,3.06,2.94,3,3,6,5,ms
Kotlin Build Reports,Save shrunk current classpath snapshot,3.1,3.22,3,3,5,6,ms
Kotlin Build Reports,Clear outputs on rebuild,2.06,2.12,2,2,4,4,ms
Kotlin Build Reports,Clear output,2.0,2.57,2,2,3,4,ms
Kotlin Build Reports,Generate compiler reference index,2.78,2.17,3,2,4,5,ms
All processes cpu,Max,100.0,100.0,100.0,100.0,100,100,%
All processes memory,Max,10.09,10.34,10.05,10.32,10.91,10.84,Gb
Build process cpu,Max,95.94,95.94,96.0,96.0,97,97,%
Build processes memory,Max,5.69,5.97,5.6,5.91,6.38,6.38,Gb
Build child processes cpu,Max,92.78,93.0,93.0,93.0,95,95,%
Build child processes memory,Max,3.45,3.4,3.43,3.39,3.66,3.56,Gb
gc-gradle_gc.log,Concurrent Mark Cycle,36.0,35.0,36.5,35.5,39.0,39.0,
gc-gradle_gc.log,Pause Young (Concurrent Start) (CodeCache GC Threshold),14.0,13.0,14.0,13.0,18.0,17.9,
gc-gradle_gc.log,Pause Young (Concurrent Start) (CodeCache GC Threshold) (Evacuation Failure: Pinned),2.0,2.0,2.0,2.0,4.0,3.5,
gc-gradle_gc.log,Pause Young (Concurrent Start) (G1 Evacuation Pause),15.0,16.0,16.0,16.0,22.0,23.9,
gc-gradle_gc.log,Pause Young (Concurrent Start) (Metadata GC Threshold),3.0,3.0,3.0,3.0,3.0,3.9,
gc-gradle_gc.log,Pause Young (Mixed) (G1 Evacuation Pause),59.0,56.0,59.0,56.0,69.9,65.0,
gc-gradle_gc.log,Pause Young (Mixed) (G1 Evacuation Pause) (Evacuation Failure: Pinned),6.0,6.0,6.0,5.5,8.9,10.0,
gc-gradle_gc.log,Pause Young (Normal) (G1 Evacuation Pause),57.0,59.0,57.0,59.0,65.0,68.8,
gc-gradle_gc.log,Pause Young (Normal) (G1 Evacuation Pause) (Evacuation Failure: Pinned),3.0,3.0,4.0,4.0,6.0,6.0,
gc-gradle_gc.log,Pause Young (Prepare Mixed) (G1 Evacuation Pause),32.0,31.0,32.0,32.0,36.0,35.0,
gc-gradle_gc.log,total-collections,197.0,196.0,197.5,198.0,206.0,206.0,
gc-gradle_gc.log,Pause Young (Concurrent Start) (G1 Evacuation Pause) (Evacuation Failure: Pinned),1.0,1.0,1.5,2.0,3.9,4.0,
gc-gradle_gc.log,Pause Young (Concurrent Start) (G1 Humongous Allocation),1.0,1.0,1.0,1.0,2.0,2.0,
gc-gradle_gc.log,Pause Young (Mixed) (Metadata GC Threshold),1.0,1.0,1.0,1.0,1.0,1.0,
gc-gradle_gc.log,Pause Young (Prepare Mixed) (G1 Evacuation Pause) (Evacuation Failure: Pinned),2.0,3.0,3.0,3.0,4.4,5.4,
gc-gradle_gc.log,Pause Remark,1.0,1.0,1.0,1.0,1.0,1.0,
gc-gradle_gc.log,Pause Young (Concurrent Start) (G1 Humongous Allocation) (Evacuation Failure: Pinned),1.0,,1.0,,1.0,,
gc-gradle_gc.log,Pause Young (Concurrent Start) (Metadata GC Threshold) (Evacuation Failure: Pinned),1.0,,1.0,,1.0,,
:app:app:compileDebugKotlin,Clear outputs on rebuild,,3.0,,3,,3,
:core:alarm:compileDebugKotlin,Clear outputs on rebuild,,2.67,,3,,3,
:core:analytics:compileDebugKotlin,Clear output,,4.0,,4,,5,
:core:audio:compileDebugKotlin,Store build info,,4.0,,4,,5,
:core:checkout:compileDebugKotlin,Store build info,,2.0,,2,,2,
:core:comment:compileDebugKotlin,Store build info,,4.0,,3,,7,
:core:forecast:compileDebugKotlin,Store build info,,1.0,,1,,1,
:core:group:compileDebugKotlin,Generate compiler reference index,,2.0,,2,,2,
:core:identity:compileDebugKotlin,Generate compiler reference index,,5.0,,5,,5,
:core:map:compileDebugKotlin,Clear outputs on rebuild,,1.5,,2,,2,
:core:metric:compileDebugKotlin,Clear output,,1.0,,1,,1,
:core:metric:compileDebugKotlin,Clear outputs on rebuild,,3.0,,2,,6,
:core:network:compileDebugKotlin,Clear outputs on rebuild,,2.0,,2,,2,
:core:news:compileDebugKotlin,Clear output,,3.33,,1,,8,
:core:note:compileDebugKotlin,Clear outputs on rebuild,,1.0,,1,,1,
:core:note:compileDebugKotlin,Clear output,,3.0,,3,,5,
:core:notification:compileDebugKotlin,Clear output,,3.33,,3,,5,
:core:photo:compileDebugKotlin,Clear outputs on rebuild,,2.0,,2,,2,
:core:podcast:compileDebugKotlin,Clear outputs on rebuild,,2.0,,2,,4,
:core:podcast:compileDebugKotlin,Generate compiler reference index,,1.0,,1,,1,
:core:post:compileDebugKotlin,Clear output,,1.0,,1,,1,
:core:profile:compileDebugKotlin,Clear output,,2.0,,2,,2,
:core:profile:compileDebugKotlin,Store build info,,2.0,,2,,3,
:core:push:compileDebugKotlin,Store build info,,3.0,,3,,3,
:core:push:compileDebugKotlin,Generate compiler reference index,,2.0,,2,,2,
:core:report:compileDebugKotlin,Clear outputs on rebuild,,3.0,,3,,3,
:core:session:compileDebugKotlin,Clear output,,2.0,,2,,2,
:core:status:compileDebugKotlin,Clear outputs on rebuild,,1.5,,2,,2,
:core:weather:compileDebugKotlin,Generate compiler reference index,,1.0,,1,,1,
:domain:article-login:compileDebugKotlin,Clear outputs on rebuild,,4.0,,4,,4,
:domain:audio-login:compileDebugKotlin,Generate compiler reference index,,2.0,,2,,2,
:domain:calendar-login:compileDebugKotlin,Generate compiler reference index,,4.0,,4,,4,
:domain:checkout-login:compileDebugKotlin,Clear outputs on rebuild,,1.67,,2,,2,
:domain:checkout-login:compileDebugKotlin,Clear output,,1.0,,1,,1,
:domain:contact-identity:compileDebugKotlin,Clear output,,6.0,,6,,10,
:domain:event-login:compileDebugKotlin,Store build info,,3.0,,2,,6,
:domain:event-login:compileDebugKotlin,Clear output,,1.0,,1,,1,
:domain:feed-login:compileDebugKotlin,Store build info,,3.0,,3,,3,
:domain:forecast-login:compileDebugKotlin,Store build info,,2.5,,3,,3,
:domain:gallery-login:compileDebugKotlin,Clear outputs on rebuild,,5.0,,5,,5,
:domain:group-login:compileDebugKotlin,Clear outputs on rebuild,,3.0,,3,,3,
:domain:list-login:compileDebugKotlin,Clear outputs on rebuild,,2.0,,2,,2,
:domain:list-login:compileDebugKotlin,Clear output,,1.0,,1,,1,
:domain:login-identity:compileDebugKotlin,Clear outputs on rebuild,,1.0,,1,,1,
:domain:log-login:compileDebugKotlin,Clear output,,2.0,,2,,2,
:domain:media-login:compileDebugKotlin,Generate compiler reference index,,2.0,,2,,2,
:domain:media-login:compileDebugKotlin,Clear output,,1.0,,1,,1,
:domain:message-login:compileDebugKotlin,Clear outputs on rebuild,,1.0,,1,,1,
:domain:note-login:compileDebugKotlin,Clear output,,1.0,,1,,1,
:domain:playlist-login:compileDebugKotlin,Clear outputs on rebuild,,1.0,,1,,1,
:domain:podcast-login:compileDebugKotlin,Generate compiler reference index,,3.0,,3,,3,
:domain:profile-login:compileDebugKotlin,Clear outputs on rebuild,,1.0,,1,,1,
:domain:search-login:compileDebugKotlin,Clear output,,1.0,,1,,1,
:domain:session-login:compileDebugKotlin,Clear outputs on rebuild,,1.0,,1,,1,
:domain:share-login:compileDebugKotlin,Clear output,,2.0,,2,,3,
:domain:sync-login:compileDebugKotlin,Clear outputs on rebuild,,5.0,,5,,5,
:domain:task-login:compileDebugKotlin,Clear outputs on rebuild,,3.0,,3,,3,
:domain:timer-login:compileDebugKotlin,Clear outputs on rebuild,,3.5,,4,,5,
:domain:todo-login:compileDebugKotlin,Clear outputs on rebuild,,1.0,,1,,1,
:domain:video-login:compileDebugKotlin,Clear output,,1.0,,1,,1,
:feature:account-contact:compileDebugKotlin,Clear output,,2.0,,2,,2,
:feature:account-contact:compileDebugKotlin,Store build info,,3.0,,3,,3,
:feature:audio-contact:compileDebugKotlin,Clear outputs on rebuild,,3.0,,3,,3,
:feature:audio-contact:compileDebugKotlin,Clear output,,1.67,,1,,3,
:feature:cart-contact:compileDebugKotlin,Generate compiler reference index,,4.5,,5,,6,
:feature:comment-contact:compileDebugKotlin,Generate compiler reference index,,1.0,,1,,1,
:feature:contact-contact:compileDebugKotlin,Clear output,,2.4,,3,,4,
:feature:contact-contact:compileDebugKotlin,Clear outputs on rebuild,,1.0,,1,,1,
:feature:contact-login:compileDebugKotlin,Clear output,,3.0,,3,,4,
:feature:event-contact:compileDebugKotlin,Clear output,,2.5,,3,,3,
:feature:group-contact:compileDebugKotlin,Clear output,,7.0,,7,,7,
:feature:identity-contact:compileDebugKotlin,Clear outputs on rebuild,,1.0,,1,,1,
:feature:list-contact:compileDebugKotlin,Clear output,,1.0,,1,,1,
:feature:network-contact:compileDebugKotlin,Clear output,,1.0,,1,,1,
:feature:note-contact:compileDebugKotlin,Clear output,,2.0,,2,,3,
:feature:notification-contact:compileDebugKotlin,Clear outputs on rebuild,,1.0,,1,,1,
:feature:profile-contact:compileDebugKotlin,Clear outputs on rebuild,,1.0,,1,,1,
:feature:setting-contact:compileDebugKotlin,Clear output,,1.5,,2,,2,
:feature:status-contact:compileDebugKotlin,Store build info,,4.25,,3,,8,
:feature:status-contact:compileDebugKotlin,Clear outputs on rebuild,,2.0,,2,,2,
:feature:sync-contact:compileDebugKotlin,Store build info,,2.0,,2,,3,
:feature:sync-contact:compileDebugKotlin,Clear outputs on rebuild,,4.0,,4,,4,
:feature:timer-contact:compileDebugKotlin,Generate compiler reference index,,2.0,,2,,2,
:feature:video-contact:compileDebugKotlin,Clear output,,6.5,,7,,10,
:feature:weather-contact:compileDebugKotlin,Clear output,,3.0,,3,,3,
:model:account-checkout:compileDebugKotlin,Store build info,,2.33,,2,,3,
:model:account-checkout:compileDebugKotlin,Clear output,,1.0,,1,,1,
:model:account-checkout:compileDebugKotlin,Clear outputs on rebuild,,1.0,,1,,1,
:model:alarm-checkout:compileDebugKotlin,Clear outputs on rebuild,,1.0,,1,,1,
:model:analytics-checkout:compileDebugKotlin,Store build info,,3.0,,3,,4,
:model:analytics-checkout:compileDebugKotlin,Clear output,,3.0,,3,,4,
:model:checkout-cart:compileDebugKotlin,Clear outputs on rebuild,,1.0,,1,,1,
:model:checkout-checkout:compileDebugKotlin,Clear output,,2.0,,2,,2,
:model:checkout-checkout:compileDebugKotlin,Store build info,,4.0,,4,,4,
:model:comment-checkout:compileDebugKotlin,Clear output,,2.0,,2,,3,
:model:contact-cart:compileDebugKotlin,Store build info,,2.0,,2,,3,
:model:document-checkout:compileDebugKotlin,Store build info,,2.0,,2,,2,
:model:document-checkout:compileDebugKotlin,Clear outputs on rebuild,,1.0,,1,,1,
:model:feed-checkout:compileDebugKotlin,Clear outputs on rebuild,,1.0,,1,,1,
:model:file-checkout:compileDebugKotlin,Store build info,,2.0,,2,,2,
:model:forecast-checkout:compileDebugKotlin,Clear output,,1.0,,1,,1,
:model:forecast-checkout:compileDebugKotlin,Store build info,,6.0,,6,,6,
:model:group-checkout:compileDebugKotlin,Clear output,,2.5,,3,,3,
:model:group-checkout:compileDebugKotlin,Save shrunk current classpath snapshot,,3.0,,3,,3,
:model:list-checkout:compileDebugKotlin,Clear output,,2.0,,2,,3,
:model:log-checkout:compileDebugKotlin,Clear output,,1.0,,1,,1,
:model:login-cart:compileDebugKotlin,Clear outputs on rebuild,,1.0,,1,,1,
:model:map-checkout:compileDebugKotlin,Save shrunk current classpath snapshot,,2.8,,3,,5,
:model:message-checkout:compileDebugKotlin,Clear output,,3.0,,3,,3,
:model:network-checkout:compileDebugKotlin,Generate compiler reference index,,2.0,,2,,2,
:model:network-checkout:compileDebugKotlin,Clear outputs on rebuild,,2.0,,2,,2,
:model:network-checkout:compileDebugKotlin,Store build info,,2.0,,2,,2,
:model:note-checkout:compileDebugKotlin,Save shrunk current classpath snapshot,,2.5,,3,,4,
:model:note-checkout:compileDebugKotlin,Clear outputs on rebuild,,1.0,,1,,1,
:model:photo-checkout:compileDebugKotlin,Clear output,,2.67,,3,,4,
:model:post-checkout:compileDebugKotlin,Clear output,,3.0,,3,,3,
:model:profile-checkout:compileDebugKotlin,Clear output,,1.0,,1,,1,
:model:profile-checkout:compileDebugKotlin,Store build info,,4.0,,4,,4,
:model:push-cart:compileDebugKotlin,Clear outputs on rebuild,,1.0,,1,,1,
:model:push-cart:compileDebugKotlin,Clear output,,1.0,,1,,1,
:model:status-checkout:compileDebugKotlin,Store build info,,1.33,,1,,2,
:model:sync-checkout:compileDebugKotlin,Generate compiler reference index,,1.0,,1,,1,
:model:task-checkout:compileDebugKotlin,Clear outputs on rebuild,,4.0,,4,,4,
:model:todo-checkout:compileDebugKotlin,Store build info,,1.0,,1,,1,
:model:user-checkout:compileDebugKotlin,Clear output,,3.0,,3,,3,
:model:video-checkout:compileDebugKotlin,Clear outputs on rebuild,,1.5,,2,,2,
:repository:account-identity:compileDebugKotlin,Clear outputs on rebuild,,2.0,,2,,3,
:repository:alarm-identity:compileDebugKotlin,Store build info,,26.0,,26,,26,
:repository:analytics-identity:compileDebugKotlin,Clear outputs on rebuild,,1.0,,1,,1,
:repository:calendar-identity:compileDebugKotlin,Clear output,,1.0,,1,,1,
:repository:calendar-identity:compileDebugKotlin,Store build info,,4.0,,4,,4,
:repository:cart-identity:compileDebugKotlin,Store build info,,1.67,,1,,3,
:repository:contact-checkout:compileDebugKotlin,Clear outputs on rebuild,,1.0,,1,,1,
:repository:event-identity:compileDebugKotlin,Clear output,,1.67,,2,,2,
:repository:forecast-identity:compileDebugKotlin,Clear outputs on rebuild,,1.0,,1,,1,
:repository:forecast-identity:compileDebugKotlin,Store build info,,8.0,,8,,8,
:repository:list-identity:compileDebugKotlin,Clear outputs on rebuild,,1.0,,1,,1,
:repository:location-identity:compileDebugKotlin,Clear output,,1.0,,1,,1,
:repository:location-identity:compileDebugKotlin,Clear outputs on rebuild,,1.5,,2,,2,
:repository:log-identity:compileDebugKotlin,Store build info,,4.0,,4,,4,
:repository:login-checkout:compileDebugKotlin,Clear output,,3.0,,3,,3,
:repository:login-checkout:compileDebugKotlin,Store build info,,3.0,,3,,3,
:repository:map-identity:compileDebugKotlin,Clear output,,2.33,,3,,3,
:repository:media-identity:compileDebugKotlin,Clear output,,2.5,,3,,3,
:repository:message-identity:compileDebugKotlin,Clear output,,1.0,,1,,1,
:repository:network-identity:compileDebugKotlin,Store build info,,2.0,,2,,2,
:repository:network-identity:compileDebugKotlin,Clear output,,2.0,,2,,3,
:repository:news-identity:compileDebugKotlin,Clear outputs on rebuild,,1.0,,1,,1,
:repository:news-identity:compileDebugKotlin,Store build info,,1.0,,1,,1,
:repository:note-identity:compileDebugKotlin,Store build info,,1.33,,1,,2,
:repository:photo-identity:compileDebugKotlin,Generate compiler reference index,,1.0,,1,,1,
:repository:playlist-identity:compileDebugKotlin,Clear output,,2.0,,2,,2,
:repository:podcast-identity:compileDebugKotlin,Clear output,,2.67,,3,,3,
:repository:podcast-identity:compileDebugKotlin,Clear outputs on rebuild,,2.0,,2,,2,
:repository:profile-identity:compileDebugKotlin,Clear output,,1.0,,1,,1,
:repository:push-checkout:compileDebugKotlin,Clear outputs on rebuild,,1.0,,1,,1,
:repository:report-identity:compileDebugKotlin,Clear output,,5.0,,5,,5,
:repository:search-identity:compileDebugKotlin,Clear output,,3.0,,3,,5,
:repository:search-identity:compileDebugKotlin,Store build info,,2.33,,3,,3,
:repository:session-identity:compileDebugKotlin,Clear output,,2.33,,2,,3,
:repository:share-identity:compileDebugKotlin,Store build info,,3.5,,4,,4,
:repository:status-identity:compileDebugKotlin,Clear output,,2.0,,2,,2,
:repository:todo-identity:compileDebugKotlin,Store build info,,4.0,,4,,4,
:repository:user-identity:compileDebugKotlin,Store build info,,1.0,,1,,1,
:repository:video-identity:compileDebugKotlin,Clear outputs on rebuild,,1.0,,1,,1,
:repository:video-identity:compileDebugKotlin,Store build info,,5.0,,5,,5,
:repository:weather-identity:compileDebugKotlin,Clear output,,2.0,,2,,2,
